ISO-10303-21;
HEADER;
/* Generated by software containing ST-Developer
 * from STEP Tools, Inc. (www.steptools.com) 
 */

FILE_DESCRIPTION(
/* description */ (''),
/* implementation_level */ '2;1');

FILE_NAME(
/* name */ 'Disk Hole.step',
/* time_stamp */ '2025-08-19T12:48:03-05:00',
/* author */ (''),
/* organization */ (''),
/* preprocessor_version */ 'ST-DEVELOPER v20.1',
/* originating_system */ 'Autodesk Translation Framework v14.10.0.0',
/* authorisation */ '');

FILE_SCHEMA (('AUTOMOTIVE_DESIGN { 1 0 10303 214 3 1 1 }'));
ENDSEC;

DATA;
#10=MECHANICAL_DESIGN_GEOMETRIC_PRESENTATION_REPRESENTATION('',(#13),#3885);
#11=SHAPE_REPRESENTATION_RELATIONSHIP('SRR','None',#3891,#12);
#12=ADVANCED_BREP_SHAPE_REPRESENTATION('',(#2461),#3884);
#13=STYLED_ITEM('',(#3918),#2461);
#14=ORIENTED_CLOSED_SHELL('',*,#2460,.F.);
#15=FACE_BOUND('',#156,.T.);
#16=FACE_BOUND('',#158,.T.);
#17=FACE_BOUND('',#184,.T.);
#18=FACE_BOUND('',#196,.T.);
#19=FACE_OUTER_BOUND('',#155,.T.);
#20=FACE_OUTER_BOUND('',#157,.T.);
#21=FACE_OUTER_BOUND('',#159,.T.);
#22=FACE_OUTER_BOUND('',#160,.T.);
#23=FACE_OUTER_BOUND('',#161,.T.);
#24=FACE_OUTER_BOUND('',#162,.T.);
#25=FACE_OUTER_BOUND('',#163,.T.);
#26=FACE_OUTER_BOUND('',#164,.T.);
#27=FACE_OUTER_BOUND('',#165,.T.);
#28=FACE_OUTER_BOUND('',#166,.T.);
#29=FACE_OUTER_BOUND('',#167,.T.);
#30=FACE_OUTER_BOUND('',#168,.T.);
#31=FACE_OUTER_BOUND('',#169,.T.);
#32=FACE_OUTER_BOUND('',#170,.T.);
#33=FACE_OUTER_BOUND('',#171,.T.);
#34=FACE_OUTER_BOUND('',#172,.T.);
#35=FACE_OUTER_BOUND('',#173,.T.);
#36=FACE_OUTER_BOUND('',#174,.T.);
#37=FACE_OUTER_BOUND('',#175,.T.);
#38=FACE_OUTER_BOUND('',#176,.T.);
#39=FACE_OUTER_BOUND('',#177,.T.);
#40=FACE_OUTER_BOUND('',#178,.T.);
#41=FACE_OUTER_BOUND('',#179,.T.);
#42=FACE_OUTER_BOUND('',#180,.T.);
#43=FACE_OUTER_BOUND('',#181,.T.);
#44=FACE_OUTER_BOUND('',#182,.T.);
#45=FACE_OUTER_BOUND('',#183,.T.);
#46=FACE_OUTER_BOUND('',#185,.T.);
#47=FACE_OUTER_BOUND('',#186,.T.);
#48=FACE_OUTER_BOUND('',#187,.T.);
#49=FACE_OUTER_BOUND('',#188,.T.);
#50=FACE_OUTER_BOUND('',#189,.T.);
#51=FACE_OUTER_BOUND('',#190,.T.);
#52=FACE_OUTER_BOUND('',#191,.T.);
#53=FACE_OUTER_BOUND('',#192,.T.);
#54=FACE_OUTER_BOUND('',#193,.T.);
#55=FACE_OUTER_BOUND('',#194,.T.);
#56=FACE_OUTER_BOUND('',#195,.T.);
#57=FACE_OUTER_BOUND('',#197,.T.);
#58=FACE_OUTER_BOUND('',#198,.T.);
#59=FACE_OUTER_BOUND('',#199,.T.);
#60=FACE_OUTER_BOUND('',#200,.T.);
#61=FACE_OUTER_BOUND('',#201,.T.);
#62=FACE_OUTER_BOUND('',#202,.T.);
#63=FACE_OUTER_BOUND('',#203,.T.);
#64=FACE_OUTER_BOUND('',#204,.T.);
#65=FACE_OUTER_BOUND('',#205,.T.);
#66=FACE_OUTER_BOUND('',#206,.T.);
#67=FACE_OUTER_BOUND('',#207,.T.);
#68=FACE_OUTER_BOUND('',#208,.T.);
#69=FACE_OUTER_BOUND('',#209,.T.);
#70=FACE_OUTER_BOUND('',#210,.T.);
#71=FACE_OUTER_BOUND('',#211,.T.);
#72=FACE_OUTER_BOUND('',#212,.T.);
#73=FACE_OUTER_BOUND('',#213,.T.);
#74=FACE_OUTER_BOUND('',#214,.T.);
#75=FACE_OUTER_BOUND('',#215,.T.);
#76=FACE_OUTER_BOUND('',#216,.T.);
#77=FACE_OUTER_BOUND('',#217,.T.);
#78=FACE_OUTER_BOUND('',#218,.T.);
#79=FACE_OUTER_BOUND('',#219,.T.);
#80=FACE_OUTER_BOUND('',#220,.T.);
#81=FACE_OUTER_BOUND('',#221,.T.);
#82=FACE_OUTER_BOUND('',#222,.T.);
#83=FACE_OUTER_BOUND('',#223,.T.);
#84=FACE_OUTER_BOUND('',#224,.T.);
#85=FACE_OUTER_BOUND('',#225,.T.);
#86=FACE_OUTER_BOUND('',#226,.T.);
#87=FACE_OUTER_BOUND('',#227,.T.);
#88=FACE_OUTER_BOUND('',#228,.T.);
#89=FACE_OUTER_BOUND('',#229,.T.);
#90=FACE_OUTER_BOUND('',#230,.T.);
#91=FACE_OUTER_BOUND('',#231,.T.);
#92=FACE_OUTER_BOUND('',#232,.T.);
#93=FACE_OUTER_BOUND('',#233,.T.);
#94=FACE_OUTER_BOUND('',#234,.T.);
#95=FACE_OUTER_BOUND('',#235,.T.);
#96=FACE_OUTER_BOUND('',#236,.T.);
#97=FACE_OUTER_BOUND('',#237,.T.);
#98=FACE_OUTER_BOUND('',#238,.T.);
#99=FACE_OUTER_BOUND('',#239,.T.);
#100=FACE_OUTER_BOUND('',#240,.T.);
#101=FACE_OUTER_BOUND('',#241,.T.);
#102=FACE_OUTER_BOUND('',#242,.T.);
#103=FACE_OUTER_BOUND('',#243,.T.);
#104=FACE_OUTER_BOUND('',#244,.T.);
#105=FACE_OUTER_BOUND('',#245,.T.);
#106=FACE_OUTER_BOUND('',#246,.T.);
#107=FACE_OUTER_BOUND('',#247,.T.);
#108=FACE_OUTER_BOUND('',#248,.T.);
#109=FACE_OUTER_BOUND('',#249,.T.);
#110=FACE_OUTER_BOUND('',#250,.T.);
#111=FACE_OUTER_BOUND('',#251,.T.);
#112=FACE_OUTER_BOUND('',#252,.T.);
#113=FACE_OUTER_BOUND('',#253,.T.);
#114=FACE_OUTER_BOUND('',#254,.T.);
#115=FACE_OUTER_BOUND('',#255,.T.);
#116=FACE_OUTER_BOUND('',#256,.T.);
#117=FACE_OUTER_BOUND('',#257,.T.);
#118=FACE_OUTER_BOUND('',#258,.T.);
#119=FACE_OUTER_BOUND('',#259,.T.);
#120=FACE_OUTER_BOUND('',#260,.T.);
#121=FACE_OUTER_BOUND('',#261,.T.);
#122=FACE_OUTER_BOUND('',#262,.T.);
#123=FACE_OUTER_BOUND('',#263,.T.);
#124=FACE_OUTER_BOUND('',#264,.T.);
#125=FACE_OUTER_BOUND('',#265,.T.);
#126=FACE_OUTER_BOUND('',#266,.T.);
#127=FACE_OUTER_BOUND('',#267,.T.);
#128=FACE_OUTER_BOUND('',#268,.T.);
#129=FACE_OUTER_BOUND('',#269,.T.);
#130=FACE_OUTER_BOUND('',#270,.T.);
#131=FACE_OUTER_BOUND('',#271,.T.);
#132=FACE_OUTER_BOUND('',#272,.T.);
#133=FACE_OUTER_BOUND('',#273,.T.);
#134=FACE_OUTER_BOUND('',#274,.T.);
#135=FACE_OUTER_BOUND('',#275,.T.);
#136=FACE_OUTER_BOUND('',#276,.T.);
#137=FACE_OUTER_BOUND('',#277,.T.);
#138=FACE_OUTER_BOUND('',#278,.T.);
#139=FACE_OUTER_BOUND('',#279,.T.);
#140=FACE_OUTER_BOUND('',#280,.T.);
#141=FACE_OUTER_BOUND('',#281,.T.);
#142=FACE_OUTER_BOUND('',#282,.T.);
#143=FACE_OUTER_BOUND('',#283,.T.);
#144=FACE_OUTER_BOUND('',#284,.T.);
#145=FACE_OUTER_BOUND('',#285,.T.);
#146=FACE_OUTER_BOUND('',#286,.T.);
#147=FACE_OUTER_BOUND('',#287,.T.);
#148=FACE_OUTER_BOUND('',#288,.T.);
#149=FACE_OUTER_BOUND('',#289,.T.);
#150=FACE_OUTER_BOUND('',#290,.T.);
#151=FACE_OUTER_BOUND('',#291,.T.);
#152=FACE_OUTER_BOUND('',#292,.T.);
#153=FACE_OUTER_BOUND('',#293,.T.);
#154=FACE_OUTER_BOUND('',#294,.T.);
#155=EDGE_LOOP('',(#1507,#1508,#1509,#1510,#1511,#1512,#1513,#1514,#1515,
#1516,#1517,#1518,#1519,#1520,#1521,#1522,#1523,#1524,#1525,#1526,#1527,
#1528));
#156=EDGE_LOOP('',(#1529,#1530,#1531,#1532,#1533,#1534,#1535,#1536,#1537,
#1538,#1539,#1540));
#157=EDGE_LOOP('',(#1541,#1542,#1543,#1544,#1545,#1546,#1547,#1548,#1549,
#1550,#1551,#1552,#1553,#1554,#1555,#1556,#1557,#1558,#1559,#1560,#1561,
#1562));
#158=EDGE_LOOP('',(#1563,#1564,#1565,#1566,#1567,#1568,#1569,#1570,#1571,
#1572,#1573,#1574));
#159=EDGE_LOOP('',(#1575,#1576,#1577,#1578));
#160=EDGE_LOOP('',(#1579,#1580,#1581,#1582));
#161=EDGE_LOOP('',(#1583,#1584,#1585,#1586));
#162=EDGE_LOOP('',(#1587,#1588,#1589,#1590));
#163=EDGE_LOOP('',(#1591,#1592,#1593,#1594));
#164=EDGE_LOOP('',(#1595,#1596,#1597,#1598));
#165=EDGE_LOOP('',(#1599,#1600,#1601,#1602));
#166=EDGE_LOOP('',(#1603,#1604,#1605,#1606));
#167=EDGE_LOOP('',(#1607,#1608,#1609,#1610));
#168=EDGE_LOOP('',(#1611,#1612,#1613,#1614));
#169=EDGE_LOOP('',(#1615,#1616,#1617,#1618));
#170=EDGE_LOOP('',(#1619,#1620,#1621,#1622));
#171=EDGE_LOOP('',(#1623,#1624,#1625,#1626));
#172=EDGE_LOOP('',(#1627,#1628,#1629,#1630));
#173=EDGE_LOOP('',(#1631,#1632,#1633,#1634));
#174=EDGE_LOOP('',(#1635,#1636,#1637,#1638));
#175=EDGE_LOOP('',(#1639,#1640,#1641,#1642));
#176=EDGE_LOOP('',(#1643,#1644,#1645,#1646));
#177=EDGE_LOOP('',(#1647,#1648,#1649,#1650));
#178=EDGE_LOOP('',(#1651,#1652,#1653,#1654));
#179=EDGE_LOOP('',(#1655,#1656,#1657,#1658));
#180=EDGE_LOOP('',(#1659,#1660,#1661,#1662));
#181=EDGE_LOOP('',(#1663,#1664,#1665,#1666));
#182=EDGE_LOOP('',(#1667,#1668,#1669,#1670));
#183=EDGE_LOOP('',(#1671,#1672,#1673,#1674,#1675,#1676,#1677,#1678,#1679,
#1680,#1681,#1682));
#184=EDGE_LOOP('',(#1683,#1684,#1685,#1686));
#185=EDGE_LOOP('',(#1687,#1688,#1689,#1690));
#186=EDGE_LOOP('',(#1691,#1692,#1693,#1694));
#187=EDGE_LOOP('',(#1695,#1696,#1697,#1698));
#188=EDGE_LOOP('',(#1699,#1700,#1701,#1702));
#189=EDGE_LOOP('',(#1703,#1704,#1705,#1706));
#190=EDGE_LOOP('',(#1707,#1708,#1709,#1710));
#191=EDGE_LOOP('',(#1711,#1712,#1713,#1714));
#192=EDGE_LOOP('',(#1715,#1716,#1717,#1718));
#193=EDGE_LOOP('',(#1719,#1720,#1721,#1722));
#194=EDGE_LOOP('',(#1723,#1724,#1725,#1726));
#195=EDGE_LOOP('',(#1727,#1728,#1729,#1730,#1731,#1732,#1733,#1734,#1735,
#1736,#1737,#1738));
#196=EDGE_LOOP('',(#1739,#1740,#1741,#1742));
#197=EDGE_LOOP('',(#1743,#1744,#1745,#1746));
#198=EDGE_LOOP('',(#1747,#1748,#1749,#1750));
#199=EDGE_LOOP('',(#1751,#1752,#1753,#1754));
#200=EDGE_LOOP('',(#1755,#1756,#1757,#1758));
#201=EDGE_LOOP('',(#1759,#1760,#1761,#1762));
#202=EDGE_LOOP('',(#1763,#1764,#1765,#1766));
#203=EDGE_LOOP('',(#1767,#1768,#1769,#1770));
#204=EDGE_LOOP('',(#1771,#1772,#1773,#1774));
#205=EDGE_LOOP('',(#1775,#1776,#1777,#1778));
#206=EDGE_LOOP('',(#1779,#1780,#1781,#1782));
#207=EDGE_LOOP('',(#1783,#1784,#1785,#1786));
#208=EDGE_LOOP('',(#1787,#1788,#1789,#1790));
#209=EDGE_LOOP('',(#1791,#1792,#1793,#1794));
#210=EDGE_LOOP('',(#1795,#1796,#1797,#1798));
#211=EDGE_LOOP('',(#1799,#1800,#1801,#1802));
#212=EDGE_LOOP('',(#1803,#1804,#1805,#1806));
#213=EDGE_LOOP('',(#1807,#1808,#1809,#1810));
#214=EDGE_LOOP('',(#1811,#1812,#1813,#1814));
#215=EDGE_LOOP('',(#1815,#1816,#1817,#1818));
#216=EDGE_LOOP('',(#1819,#1820,#1821,#1822,#1823,#1824));
#217=EDGE_LOOP('',(#1825,#1826,#1827,#1828,#1829,#1830));
#218=EDGE_LOOP('',(#1831,#1832,#1833,#1834));
#219=EDGE_LOOP('',(#1835,#1836,#1837,#1838));
#220=EDGE_LOOP('',(#1839,#1840,#1841,#1842,#1843,#1844));
#221=EDGE_LOOP('',(#1845,#1846,#1847,#1848));
#222=EDGE_LOOP('',(#1849,#1850,#1851,#1852,#1853,#1854));
#223=EDGE_LOOP('',(#1855,#1856,#1857,#1858));
#224=EDGE_LOOP('',(#1859,#1860,#1861,#1862));
#225=EDGE_LOOP('',(#1863,#1864,#1865,#1866,#1867,#1868));
#226=EDGE_LOOP('',(#1869,#1870,#1871,#1872,#1873,#1874));
#227=EDGE_LOOP('',(#1875,#1876,#1877,#1878));
#228=EDGE_LOOP('',(#1879,#1880,#1881,#1882));
#229=EDGE_LOOP('',(#1883,#1884,#1885,#1886,#1887,#1888));
#230=EDGE_LOOP('',(#1889,#1890,#1891,#1892,#1893,#1894));
#231=EDGE_LOOP('',(#1895,#1896,#1897,#1898));
#232=EDGE_LOOP('',(#1899,#1900,#1901,#1902));
#233=EDGE_LOOP('',(#1903,#1904,#1905,#1906,#1907,#1908));
#234=EDGE_LOOP('',(#1909,#1910,#1911,#1912,#1913,#1914));
#235=EDGE_LOOP('',(#1915,#1916,#1917,#1918));
#236=EDGE_LOOP('',(#1919,#1920,#1921,#1922));
#237=EDGE_LOOP('',(#1923,#1924,#1925,#1926));
#238=EDGE_LOOP('',(#1927,#1928,#1929,#1930));
#239=EDGE_LOOP('',(#1931,#1932,#1933,#1934));
#240=EDGE_LOOP('',(#1935,#1936,#1937,#1938));
#241=EDGE_LOOP('',(#1939,#1940,#1941,#1942));
#242=EDGE_LOOP('',(#1943,#1944,#1945,#1946));
#243=EDGE_LOOP('',(#1947,#1948,#1949,#1950));
#244=EDGE_LOOP('',(#1951,#1952,#1953,#1954));
#245=EDGE_LOOP('',(#1955,#1956,#1957,#1958));
#246=EDGE_LOOP('',(#1959,#1960,#1961,#1962));
#247=EDGE_LOOP('',(#1963,#1964,#1965,#1966));
#248=EDGE_LOOP('',(#1967,#1968,#1969,#1970));
#249=EDGE_LOOP('',(#1971,#1972,#1973,#1974));
#250=EDGE_LOOP('',(#1975,#1976,#1977,#1978));
#251=EDGE_LOOP('',(#1979,#1980,#1981,#1982));
#252=EDGE_LOOP('',(#1983,#1984,#1985,#1986));
#253=EDGE_LOOP('',(#1987,#1988,#1989,#1990));
#254=EDGE_LOOP('',(#1991,#1992,#1993,#1994));
#255=EDGE_LOOP('',(#1995,#1996,#1997,#1998));
#256=EDGE_LOOP('',(#1999,#2000,#2001,#2002));
#257=EDGE_LOOP('',(#2003,#2004,#2005,#2006,#2007,#2008));
#258=EDGE_LOOP('',(#2009,#2010,#2011,#2012,#2013,#2014,#2015,#2016));
#259=EDGE_LOOP('',(#2017,#2018,#2019,#2020));
#260=EDGE_LOOP('',(#2021,#2022,#2023,#2024));
#261=EDGE_LOOP('',(#2025,#2026,#2027,#2028));
#262=EDGE_LOOP('',(#2029,#2030,#2031,#2032,#2033,#2034));
#263=EDGE_LOOP('',(#2035,#2036,#2037,#2038,#2039,#2040));
#264=EDGE_LOOP('',(#2041,#2042,#2043,#2044));
#265=EDGE_LOOP('',(#2045,#2046,#2047,#2048));
#266=EDGE_LOOP('',(#2049,#2050,#2051,#2052,#2053,#2054));
#267=EDGE_LOOP('',(#2055,#2056,#2057,#2058,#2059,#2060));
#268=EDGE_LOOP('',(#2061,#2062,#2063,#2064));
#269=EDGE_LOOP('',(#2065,#2066,#2067,#2068));
#270=EDGE_LOOP('',(#2069,#2070,#2071,#2072));
#271=EDGE_LOOP('',(#2073,#2074,#2075,#2076,#2077,#2078));
#272=EDGE_LOOP('',(#2079,#2080,#2081,#2082,#2083,#2084));
#273=EDGE_LOOP('',(#2085,#2086,#2087,#2088));
#274=EDGE_LOOP('',(#2089,#2090,#2091,#2092));
#275=EDGE_LOOP('',(#2093,#2094,#2095,#2096,#2097,#2098));
#276=EDGE_LOOP('',(#2099,#2100,#2101,#2102,#2103,#2104));
#277=EDGE_LOOP('',(#2105,#2106,#2107,#2108));
#278=EDGE_LOOP('',(#2109,#2110,#2111,#2112));
#279=EDGE_LOOP('',(#2113,#2114,#2115,#2116,#2117,#2118));
#280=EDGE_LOOP('',(#2119,#2120,#2121,#2122));
#281=EDGE_LOOP('',(#2123,#2124,#2125,#2126,#2127,#2128));
#282=EDGE_LOOP('',(#2129,#2130,#2131,#2132));
#283=EDGE_LOOP('',(#2133,#2134,#2135,#2136));
#284=EDGE_LOOP('',(#2137,#2138,#2139,#2140));
#285=EDGE_LOOP('',(#2141,#2142,#2143,#2144,#2145,#2146,#2147,#2148));
#286=EDGE_LOOP('',(#2149,#2150,#2151,#2152));
#287=EDGE_LOOP('',(#2153,#2154,#2155,#2156,#2157,#2158));
#288=EDGE_LOOP('',(#2159,#2160,#2161,#2162));
#289=EDGE_LOOP('',(#2163,#2164,#2165,#2166));
#290=EDGE_LOOP('',(#2167,#2168,#2169,#2170));
#291=EDGE_LOOP('',(#2171,#2172,#2173,#2174));
#292=EDGE_LOOP('',(#2175,#2176,#2177,#2178));
#293=EDGE_LOOP('',(#2179,#2180,#2181,#2182));
#294=EDGE_LOOP('',(#2183,#2184,#2185,#2186));
#295=LINE('',#3217,#635);
#296=LINE('',#3219,#636);
#297=LINE('',#3221,#637);
#298=LINE('',#3223,#638);
#299=LINE('',#3225,#639);
#300=LINE('',#3227,#640);
#301=LINE('',#3229,#641);
#302=LINE('',#3231,#642);
#303=LINE('',#3233,#643);
#304=LINE('',#3235,#644);
#305=LINE('',#3237,#645);
#306=LINE('',#3239,#646);
#307=LINE('',#3241,#647);
#308=LINE('',#3243,#648);
#309=LINE('',#3245,#649);
#310=LINE('',#3247,#650);
#311=LINE('',#3249,#651);
#312=LINE('',#3251,#652);
#313=LINE('',#3253,#653);
#314=LINE('',#3255,#654);
#315=LINE('',#3257,#655);
#316=LINE('',#3258,#656);
#317=LINE('',#3261,#657);
#318=LINE('',#3263,#658);
#319=LINE('',#3265,#659);
#320=LINE('',#3267,#660);
#321=LINE('',#3269,#661);
#322=LINE('',#3271,#662);
#323=LINE('',#3273,#663);
#324=LINE('',#3275,#664);
#325=LINE('',#3277,#665);
#326=LINE('',#3279,#666);
#327=LINE('',#3281,#667);
#328=LINE('',#3282,#668);
#329=LINE('',#3286,#669);
#330=LINE('',#3288,#670);
#331=LINE('',#3290,#671);
#332=LINE('',#3292,#672);
#333=LINE('',#3294,#673);
#334=LINE('',#3296,#674);
#335=LINE('',#3298,#675);
#336=LINE('',#3300,#676);
#337=LINE('',#3302,#677);
#338=LINE('',#3304,#678);
#339=LINE('',#3306,#679);
#340=LINE('',#3308,#680);
#341=LINE('',#3310,#681);
#342=LINE('',#3312,#682);
#343=LINE('',#3314,#683);
#344=LINE('',#3316,#684);
#345=LINE('',#3318,#685);
#346=LINE('',#3320,#686);
#347=LINE('',#3322,#687);
#348=LINE('',#3324,#688);
#349=LINE('',#3326,#689);
#350=LINE('',#3327,#690);
#351=LINE('',#3330,#691);
#352=LINE('',#3332,#692);
#353=LINE('',#3334,#693);
#354=LINE('',#3336,#694);
#355=LINE('',#3338,#695);
#356=LINE('',#3340,#696);
#357=LINE('',#3342,#697);
#358=LINE('',#3344,#698);
#359=LINE('',#3346,#699);
#360=LINE('',#3348,#700);
#361=LINE('',#3350,#701);
#362=LINE('',#3351,#702);
#363=LINE('',#3354,#703);
#364=LINE('',#3356,#704);
#365=LINE('',#3357,#705);
#366=LINE('',#3360,#706);
#367=LINE('',#3361,#707);
#368=LINE('',#3364,#708);
#369=LINE('',#3366,#709);
#370=LINE('',#3367,#710);
#371=LINE('',#3370,#711);
#372=LINE('',#3371,#712);
#373=LINE('',#3374,#713);
#374=LINE('',#3375,#714);
#375=LINE('',#3378,#715);
#376=LINE('',#3379,#716);
#377=LINE('',#3382,#717);
#378=LINE('',#3383,#718);
#379=LINE('',#3386,#719);
#380=LINE('',#3387,#720);
#381=LINE('',#3390,#721);
#382=LINE('',#3391,#722);
#383=LINE('',#3394,#723);
#384=LINE('',#3395,#724);
#385=LINE('',#3398,#725);
#386=LINE('',#3399,#726);
#387=LINE('',#3402,#727);
#388=LINE('',#3403,#728);
#389=LINE('',#3406,#729);
#390=LINE('',#3407,#730);
#391=LINE('',#3410,#731);
#392=LINE('',#3411,#732);
#393=LINE('',#3414,#733);
#394=LINE('',#3415,#734);
#395=LINE('',#3418,#735);
#396=LINE('',#3419,#736);
#397=LINE('',#3421,#737);
#398=LINE('',#3425,#738);
#399=LINE('',#3427,#739);
#400=LINE('',#3429,#740);
#401=LINE('',#3430,#741);
#402=LINE('',#3434,#742);
#403=LINE('',#3436,#743);
#404=LINE('',#3438,#744);
#405=LINE('',#3439,#745);
#406=LINE('',#3442,#746);
#407=LINE('',#3444,#747);
#408=LINE('',#3445,#748);
#409=LINE('',#3448,#749);
#410=LINE('',#3449,#750);
#411=LINE('',#3452,#751);
#412=LINE('',#3454,#752);
#413=LINE('',#3455,#753);
#414=LINE('',#3458,#754);
#415=LINE('',#3459,#755);
#416=LINE('',#3461,#756);
#417=LINE('',#3465,#757);
#418=LINE('',#3466,#758);
#419=LINE('',#3469,#759);
#420=LINE('',#3470,#760);
#421=LINE('',#3472,#761);
#422=LINE('',#3475,#762);
#423=LINE('',#3476,#763);
#424=LINE('',#3479,#764);
#425=LINE('',#3480,#765);
#426=LINE('',#3483,#766);
#427=LINE('',#3484,#767);
#428=LINE('',#3487,#768);
#429=LINE('',#3488,#769);
#430=LINE('',#3491,#770);
#431=LINE('',#3492,#771);
#432=LINE('',#3495,#772);
#433=LINE('',#3496,#773);
#434=LINE('',#3498,#774);
#435=LINE('',#3502,#775);
#436=LINE('',#3504,#776);
#437=LINE('',#3505,#777);
#438=LINE('',#3508,#778);
#439=LINE('',#3510,#779);
#440=LINE('',#3511,#780);
#441=LINE('',#3514,#781);
#442=LINE('',#3515,#782);
#443=LINE('',#3518,#783);
#444=LINE('',#3519,#784);
#445=LINE('',#3521,#785);
#446=LINE('',#3523,#786);
#447=LINE('',#3524,#787);
#448=LINE('',#3527,#788);
#449=LINE('',#3528,#789);
#450=LINE('',#3529,#790);
#451=LINE('',#3532,#791);
#452=LINE('',#3533,#792);
#453=LINE('',#3536,#793);
#454=LINE('',#3537,#794);
#455=LINE('',#3539,#795);
#456=LINE('',#3541,#796);
#457=LINE('',#3542,#797);
#458=LINE('',#3545,#798);
#459=LINE('',#3546,#799);
#460=LINE('',#3547,#800);
#461=LINE('',#3549,#801);
#462=LINE('',#3551,#802);
#463=LINE('',#3552,#803);
#464=LINE('',#3555,#804);
#465=LINE('',#3556,#805);
#466=LINE('',#3557,#806);
#467=LINE('',#3560,#807);
#468=LINE('',#3561,#808);
#469=LINE('',#3564,#809);
#470=LINE('',#3565,#810);
#471=LINE('',#3567,#811);
#472=LINE('',#3569,#812);
#473=LINE('',#3570,#813);
#474=LINE('',#3573,#814);
#475=LINE('',#3574,#815);
#476=LINE('',#3575,#816);
#477=LINE('',#3578,#817);
#478=LINE('',#3579,#818);
#479=LINE('',#3582,#819);
#480=LINE('',#3583,#820);
#481=LINE('',#3586,#821);
#482=LINE('',#3587,#822);
#483=LINE('',#3590,#823);
#484=LINE('',#3591,#824);
#485=LINE('',#3592,#825);
#486=LINE('',#3594,#826);
#487=LINE('',#3595,#827);
#488=LINE('',#3599,#828);
#489=LINE('',#3601,#829);
#490=LINE('',#3602,#830);
#491=LINE('',#3604,#831);
#492=LINE('',#3606,#832);
#493=LINE('',#3607,#833);
#494=LINE('',#3610,#834);
#495=LINE('',#3611,#835);
#496=LINE('',#3613,#836);
#497=LINE('',#3617,#837);
#498=LINE('',#3618,#838);
#499=LINE('',#3621,#839);
#500=LINE('',#3622,#840);
#501=LINE('',#3623,#841);
#502=LINE('',#3625,#842);
#503=LINE('',#3629,#843);
#504=LINE('',#3630,#844);
#505=LINE('',#3632,#845);
#506=LINE('',#3634,#846);
#507=LINE('',#3635,#847);
#508=LINE('',#3637,#848);
#509=LINE('',#3641,#849);
#510=LINE('',#3642,#850);
#511=LINE('',#3645,#851);
#512=LINE('',#3646,#852);
#513=LINE('',#3648,#853);
#514=LINE('',#3649,#854);
#515=LINE('',#3653,#855);
#516=LINE('',#3655,#856);
#517=LINE('',#3656,#857);
#518=LINE('',#3659,#858);
#519=LINE('',#3661,#859);
#520=LINE('',#3662,#860);
#521=LINE('',#3664,#861);
#522=LINE('',#3666,#862);
#523=LINE('',#3667,#863);
#524=LINE('',#3670,#864);
#525=LINE('',#3671,#865);
#526=LINE('',#3672,#866);
#527=LINE('',#3675,#867);
#528=LINE('',#3676,#868);
#529=LINE('',#3679,#869);
#530=LINE('',#3680,#870);
#531=LINE('',#3682,#871);
#532=LINE('',#3684,#872);
#533=LINE('',#3685,#873);
#534=LINE('',#3688,#874);
#535=LINE('',#3689,#875);
#536=LINE('',#3690,#876);
#537=LINE('',#3693,#877);
#538=LINE('',#3694,#878);
#539=LINE('',#3697,#879);
#540=LINE('',#3698,#880);
#541=LINE('',#3700,#881);
#542=LINE('',#3702,#882);
#543=LINE('',#3703,#883);
#544=LINE('',#3706,#884);
#545=LINE('',#3707,#885);
#546=LINE('',#3708,#886);
#547=LINE('',#3710,#887);
#548=LINE('',#3712,#888);
#549=LINE('',#3713,#889);
#550=LINE('',#3716,#890);
#551=LINE('',#3717,#891);
#552=LINE('',#3718,#892);
#553=LINE('',#3721,#893);
#554=LINE('',#3722,#894);
#555=LINE('',#3725,#895);
#556=LINE('',#3726,#896);
#557=LINE('',#3728,#897);
#558=LINE('',#3730,#898);
#559=LINE('',#3731,#899);
#560=LINE('',#3734,#900);
#561=LINE('',#3735,#901);
#562=LINE('',#3736,#902);
#563=LINE('',#3739,#903);
#564=LINE('',#3741,#904);
#565=LINE('',#3742,#905);
#566=LINE('',#3744,#906);
#567=LINE('',#3745,#907);
#568=LINE('',#3749,#908);
#569=LINE('',#3750,#909);
#570=LINE('',#3751,#910);
#571=LINE('',#3754,#911);
#572=LINE('',#3755,#912);
#573=LINE('',#3756,#913);
#574=LINE('',#3759,#914);
#575=LINE('',#3760,#915);
#576=LINE('',#3762,#916);
#577=LINE('',#3766,#917);
#578=LINE('',#3767,#918);
#579=LINE('',#3770,#919);
#580=LINE('',#3771,#920);
#581=LINE('',#3772,#921);
#582=LINE('',#3774,#922);
#583=LINE('',#3778,#923);
#584=LINE('',#3779,#924);
#585=LINE('',#3782,#925);
#586=LINE('',#3783,#926);
#587=LINE('',#3785,#927);
#588=LINE('',#3786,#928);
#589=LINE('',#3790,#929);
#590=LINE('',#3792,#930);
#591=LINE('',#3793,#931);
#592=LINE('',#3796,#932);
#593=LINE('',#3798,#933);
#594=LINE('',#3799,#934);
#595=LINE('',#3801,#935);
#596=LINE('',#3802,#936);
#597=LINE('',#3804,#937);
#598=LINE('',#3808,#938);
#599=LINE('',#3809,#939);
#600=LINE('',#3812,#940);
#601=LINE('',#3813,#941);
#602=LINE('',#3815,#942);
#603=LINE('',#3816,#943);
#604=LINE('',#3820,#944);
#605=LINE('',#3821,#945);
#606=LINE('',#3824,#946);
#607=LINE('',#3826,#947);
#608=LINE('',#3827,#948);
#609=LINE('',#3828,#949);
#610=LINE('',#3830,#950);
#611=LINE('',#3832,#951);
#612=LINE('',#3836,#952);
#613=LINE('',#3838,#953);
#614=LINE('',#3839,#954);
#615=LINE('',#3842,#955);
#616=LINE('',#3844,#956);
#617=LINE('',#3845,#957);
#618=LINE('',#3848,#958);
#619=LINE('',#3849,#959);
#620=LINE('',#3851,#960);
#621=LINE('',#3852,#961);
#622=LINE('',#3854,#962);
#623=LINE('',#3859,#963);
#624=LINE('',#3861,#964);
#625=LINE('',#3863,#965);
#626=LINE('',#3864,#966);
#627=LINE('',#3867,#967);
#628=LINE('',#3869,#968);
#629=LINE('',#3870,#969);
#630=LINE('',#3873,#970);
#631=LINE('',#3875,#971);
#632=LINE('',#3876,#972);
#633=LINE('',#3878,#973);
#634=LINE('',#3879,#974);
#635=VECTOR('',#2603,10.);
#636=VECTOR('',#2604,10.);
#637=VECTOR('',#2605,10.);
#638=VECTOR('',#2606,10.);
#639=VECTOR('',#2607,10.);
#640=VECTOR('',#2608,10.);
#641=VECTOR('',#2609,10.);
#642=VECTOR('',#2610,10.);
#643=VECTOR('',#2611,10.);
#644=VECTOR('',#2612,10.);
#645=VECTOR('',#2613,10.);
#646=VECTOR('',#2614,10.);
#647=VECTOR('',#2615,10.);
#648=VECTOR('',#2616,10.);
#649=VECTOR('',#2617,10.);
#650=VECTOR('',#2618,10.);
#651=VECTOR('',#2619,10.);
#652=VECTOR('',#2620,10.);
#653=VECTOR('',#2621,10.);
#654=VECTOR('',#2622,10.);
#655=VECTOR('',#2623,10.);
#656=VECTOR('',#2624,10.);
#657=VECTOR('',#2625,10.);
#658=VECTOR('',#2626,10.);
#659=VECTOR('',#2627,10.);
#660=VECTOR('',#2628,10.);
#661=VECTOR('',#2629,10.);
#662=VECTOR('',#2630,10.);
#663=VECTOR('',#2631,10.);
#664=VECTOR('',#2632,10.);
#665=VECTOR('',#2633,10.);
#666=VECTOR('',#2634,10.);
#667=VECTOR('',#2635,10.);
#668=VECTOR('',#2636,10.);
#669=VECTOR('',#2639,10.);
#670=VECTOR('',#2640,10.);
#671=VECTOR('',#2641,10.);
#672=VECTOR('',#2642,10.);
#673=VECTOR('',#2643,10.);
#674=VECTOR('',#2644,10.);
#675=VECTOR('',#2645,10.);
#676=VECTOR('',#2646,10.);
#677=VECTOR('',#2647,10.);
#678=VECTOR('',#2648,10.);
#679=VECTOR('',#2649,10.);
#680=VECTOR('',#2650,10.);
#681=VECTOR('',#2651,10.);
#682=VECTOR('',#2652,10.);
#683=VECTOR('',#2653,10.);
#684=VECTOR('',#2654,10.);
#685=VECTOR('',#2655,10.);
#686=VECTOR('',#2656,10.);
#687=VECTOR('',#2657,10.);
#688=VECTOR('',#2658,10.);
#689=VECTOR('',#2659,10.);
#690=VECTOR('',#2660,10.);
#691=VECTOR('',#2661,10.);
#692=VECTOR('',#2662,10.);
#693=VECTOR('',#2663,10.);
#694=VECTOR('',#2664,10.);
#695=VECTOR('',#2665,10.);
#696=VECTOR('',#2666,10.);
#697=VECTOR('',#2667,10.);
#698=VECTOR('',#2668,10.);
#699=VECTOR('',#2669,10.);
#700=VECTOR('',#2670,10.);
#701=VECTOR('',#2671,10.);
#702=VECTOR('',#2672,10.);
#703=VECTOR('',#2675,10.);
#704=VECTOR('',#2676,10.);
#705=VECTOR('',#2677,10.);
#706=VECTOR('',#2680,10.);
#707=VECTOR('',#2681,10.);
#708=VECTOR('',#2684,10.);
#709=VECTOR('',#2685,10.);
#710=VECTOR('',#2686,10.);
#711=VECTOR('',#2689,10.);
#712=VECTOR('',#2690,10.);
#713=VECTOR('',#2693,10.);
#714=VECTOR('',#2694,10.);
#715=VECTOR('',#2697,10.);
#716=VECTOR('',#2698,10.);
#717=VECTOR('',#2701,10.);
#718=VECTOR('',#2702,10.);
#719=VECTOR('',#2705,10.);
#720=VECTOR('',#2706,10.);
#721=VECTOR('',#2709,10.);
#722=VECTOR('',#2710,10.);
#723=VECTOR('',#2713,10.);
#724=VECTOR('',#2714,10.);
#725=VECTOR('',#2717,10.);
#726=VECTOR('',#2718,10.);
#727=VECTOR('',#2721,10.);
#728=VECTOR('',#2722,10.);
#729=VECTOR('',#2725,10.);
#730=VECTOR('',#2726,10.);
#731=VECTOR('',#2729,10.);
#732=VECTOR('',#2730,10.);
#733=VECTOR('',#2733,10.);
#734=VECTOR('',#2734,10.);
#735=VECTOR('',#2737,10.);
#736=VECTOR('',#2738,10.);
#737=VECTOR('',#2741,10.);
#738=VECTOR('',#2744,10.);
#739=VECTOR('',#2745,10.);
#740=VECTOR('',#2746,10.);
#741=VECTOR('',#2747,10.);
#742=VECTOR('',#2750,10.);
#743=VECTOR('',#2751,10.);
#744=VECTOR('',#2752,10.);
#745=VECTOR('',#2753,10.);
#746=VECTOR('',#2756,10.);
#747=VECTOR('',#2757,10.);
#748=VECTOR('',#2758,10.);
#749=VECTOR('',#2761,10.);
#750=VECTOR('',#2762,10.);
#751=VECTOR('',#2765,10.);
#752=VECTOR('',#2766,10.);
#753=VECTOR('',#2767,10.);
#754=VECTOR('',#2770,10.);
#755=VECTOR('',#2771,10.);
#756=VECTOR('',#2774,10.);
#757=VECTOR('',#2779,10.);
#758=VECTOR('',#2780,10.);
#759=VECTOR('',#2783,10.);
#760=VECTOR('',#2784,10.);
#761=VECTOR('',#2787,10.);
#762=VECTOR('',#2790,10.);
#763=VECTOR('',#2791,10.);
#764=VECTOR('',#2794,10.);
#765=VECTOR('',#2795,10.);
#766=VECTOR('',#2798,10.);
#767=VECTOR('',#2799,10.);
#768=VECTOR('',#2802,10.);
#769=VECTOR('',#2803,10.);
#770=VECTOR('',#2806,10.);
#771=VECTOR('',#2807,10.);
#772=VECTOR('',#2810,10.);
#773=VECTOR('',#2811,10.);
#774=VECTOR('',#2814,10.);
#775=VECTOR('',#2819,10.);
#776=VECTOR('',#2820,10.);
#777=VECTOR('',#2821,10.);
#778=VECTOR('',#2824,10.);
#779=VECTOR('',#2825,10.);
#780=VECTOR('',#2826,10.);
#781=VECTOR('',#2829,10.);
#782=VECTOR('',#2830,10.);
#783=VECTOR('',#2833,10.);
#784=VECTOR('',#2834,10.);
#785=VECTOR('',#2837,10.);
#786=VECTOR('',#2838,10.);
#787=VECTOR('',#2839,10.);
#788=VECTOR('',#2842,10.);
#789=VECTOR('',#2843,10.);
#790=VECTOR('',#2844,10.);
#791=VECTOR('',#2847,10.);
#792=VECTOR('',#2848,10.);
#793=VECTOR('',#2851,10.);
#794=VECTOR('',#2852,10.);
#795=VECTOR('',#2855,10.);
#796=VECTOR('',#2856,10.);
#797=VECTOR('',#2857,10.);
#798=VECTOR('',#2860,10.);
#799=VECTOR('',#2861,10.);
#800=VECTOR('',#2862,10.);
#801=VECTOR('',#2865,10.);
#802=VECTOR('',#2866,10.);
#803=VECTOR('',#2867,10.);
#804=VECTOR('',#2870,10.);
#805=VECTOR('',#2871,10.);
#806=VECTOR('',#2872,10.);
#807=VECTOR('',#2875,10.);
#808=VECTOR('',#2876,10.);
#809=VECTOR('',#2879,10.);
#810=VECTOR('',#2880,10.);
#811=VECTOR('',#2883,10.);
#812=VECTOR('',#2884,10.);
#813=VECTOR('',#2885,10.);
#814=VECTOR('',#2888,10.);
#815=VECTOR('',#2889,10.);
#816=VECTOR('',#2890,10.);
#817=VECTOR('',#2893,10.);
#818=VECTOR('',#2894,10.);
#819=VECTOR('',#2897,10.);
#820=VECTOR('',#2898,10.);
#821=VECTOR('',#2901,10.);
#822=VECTOR('',#2902,10.);
#823=VECTOR('',#2905,10.);
#824=VECTOR('',#2906,10.);
#825=VECTOR('',#2907,10.);
#826=VECTOR('',#2910,10.);
#827=VECTOR('',#2911,10.);
#828=VECTOR('',#2916,10.);
#829=VECTOR('',#2917,10.);
#830=VECTOR('',#2918,10.);
#831=VECTOR('',#2921,10.);
#832=VECTOR('',#2922,10.);
#833=VECTOR('',#2923,10.);
#834=VECTOR('',#2926,10.);
#835=VECTOR('',#2927,10.);
#836=VECTOR('',#2930,10.);
#837=VECTOR('',#2935,10.);
#838=VECTOR('',#2936,10.);
#839=VECTOR('',#2939,10.);
#840=VECTOR('',#2940,10.);
#841=VECTOR('',#2941,10.);
#842=VECTOR('',#2944,10.);
#843=VECTOR('',#2949,10.);
#844=VECTOR('',#2950,10.);
#845=VECTOR('',#2953,10.);
#846=VECTOR('',#2954,10.);
#847=VECTOR('',#2955,10.);
#848=VECTOR('',#2958,10.);
#849=VECTOR('',#2963,10.);
#850=VECTOR('',#2964,10.);
#851=VECTOR('',#2967,10.);
#852=VECTOR('',#2968,10.);
#853=VECTOR('',#2971,10.);
#854=VECTOR('',#2972,10.);
#855=VECTOR('',#2977,10.);
#856=VECTOR('',#2978,10.);
#857=VECTOR('',#2979,10.);
#858=VECTOR('',#2982,10.);
#859=VECTOR('',#2983,10.);
#860=VECTOR('',#2984,10.);
#861=VECTOR('',#2987,10.);
#862=VECTOR('',#2988,10.);
#863=VECTOR('',#2989,10.);
#864=VECTOR('',#2992,10.);
#865=VECTOR('',#2993,10.);
#866=VECTOR('',#2994,10.);
#867=VECTOR('',#2997,10.);
#868=VECTOR('',#2998,10.);
#869=VECTOR('',#3001,10.);
#870=VECTOR('',#3002,10.);
#871=VECTOR('',#3005,10.);
#872=VECTOR('',#3006,10.);
#873=VECTOR('',#3007,10.);
#874=VECTOR('',#3010,10.);
#875=VECTOR('',#3011,10.);
#876=VECTOR('',#3012,10.);
#877=VECTOR('',#3015,10.);
#878=VECTOR('',#3016,10.);
#879=VECTOR('',#3019,10.);
#880=VECTOR('',#3020,10.);
#881=VECTOR('',#3023,10.);
#882=VECTOR('',#3024,10.);
#883=VECTOR('',#3025,10.);
#884=VECTOR('',#3028,10.);
#885=VECTOR('',#3029,10.);
#886=VECTOR('',#3030,10.);
#887=VECTOR('',#3033,10.);
#888=VECTOR('',#3034,10.);
#889=VECTOR('',#3035,10.);
#890=VECTOR('',#3038,10.);
#891=VECTOR('',#3039,10.);
#892=VECTOR('',#3040,10.);
#893=VECTOR('',#3043,10.);
#894=VECTOR('',#3044,10.);
#895=VECTOR('',#3047,10.);
#896=VECTOR('',#3048,10.);
#897=VECTOR('',#3051,10.);
#898=VECTOR('',#3052,10.);
#899=VECTOR('',#3053,10.);
#900=VECTOR('',#3056,10.);
#901=VECTOR('',#3057,10.);
#902=VECTOR('',#3058,10.);
#903=VECTOR('',#3061,10.);
#904=VECTOR('',#3062,10.);
#905=VECTOR('',#3063,10.);
#906=VECTOR('',#3066,10.);
#907=VECTOR('',#3067,10.);
#908=VECTOR('',#3070,10.);
#909=VECTOR('',#3071,10.);
#910=VECTOR('',#3072,10.);
#911=VECTOR('',#3075,10.);
#912=VECTOR('',#3076,10.);
#913=VECTOR('',#3077,10.);
#914=VECTOR('',#3080,10.);
#915=VECTOR('',#3081,10.);
#916=VECTOR('',#3084,10.);
#917=VECTOR('',#3089,10.);
#918=VECTOR('',#3090,10.);
#919=VECTOR('',#3093,10.);
#920=VECTOR('',#3094,10.);
#921=VECTOR('',#3095,10.);
#922=VECTOR('',#3098,10.);
#923=VECTOR('',#3103,10.);
#924=VECTOR('',#3104,10.);
#925=VECTOR('',#3107,10.);
#926=VECTOR('',#3108,10.);
#927=VECTOR('',#3111,10.);
#928=VECTOR('',#3112,10.);
#929=VECTOR('',#3117,10.);
#930=VECTOR('',#3118,10.);
#931=VECTOR('',#3119,10.);
#932=VECTOR('',#3122,10.);
#933=VECTOR('',#3123,10.);
#934=VECTOR('',#3124,10.);
#935=VECTOR('',#3127,10.);
#936=VECTOR('',#3128,10.);
#937=VECTOR('',#3131,10.);
#938=VECTOR('',#3136,10.);
#939=VECTOR('',#3137,10.);
#940=VECTOR('',#3140,10.);
#941=VECTOR('',#3141,10.);
#942=VECTOR('',#3144,10.);
#943=VECTOR('',#3145,10.);
#944=VECTOR('',#3150,10.);
#945=VECTOR('',#3151,10.);
#946=VECTOR('',#3154,10.);
#947=VECTOR('',#3155,10.);
#948=VECTOR('',#3156,10.);
#949=VECTOR('',#3157,10.);
#950=VECTOR('',#3160,10.);
#951=VECTOR('',#3163,10.);
#952=VECTOR('',#3168,10.);
#953=VECTOR('',#3169,10.);
#954=VECTOR('',#3170,10.);
#955=VECTOR('',#3173,10.);
#956=VECTOR('',#3174,10.);
#957=VECTOR('',#3175,10.);
#958=VECTOR('',#3178,10.);
#959=VECTOR('',#3179,10.);
#960=VECTOR('',#3182,10.);
#961=VECTOR('',#3183,10.);
#962=VECTOR('',#3186,10.);
#963=VECTOR('',#3191,10.);
#964=VECTOR('',#3192,10.);
#965=VECTOR('',#3193,10.);
#966=VECTOR('',#3194,10.);
#967=VECTOR('',#3197,10.);
#968=VECTOR('',#3198,10.);
#969=VECTOR('',#3199,10.);
#970=VECTOR('',#3202,10.);
#971=VECTOR('',#3203,10.);
#972=VECTOR('',#3204,10.);
#973=VECTOR('',#3207,10.);
#974=VECTOR('',#3208,10.);
#975=VERTEX_POINT('',#3215);
#976=VERTEX_POINT('',#3216);
#977=VERTEX_POINT('',#3218);
#978=VERTEX_POINT('',#3220);
#979=VERTEX_POINT('',#3222);
#980=VERTEX_POINT('',#3224);
#981=VERTEX_POINT('',#3226);
#982=VERTEX_POINT('',#3228);
#983=VERTEX_POINT('',#3230);
#984=VERTEX_POINT('',#3232);
#985=VERTEX_POINT('',#3234);
#986=VERTEX_POINT('',#3236);
#987=VERTEX_POINT('',#3238);
#988=VERTEX_POINT('',#3240);
#989=VERTEX_POINT('',#3242);
#990=VERTEX_POINT('',#3244);
#991=VERTEX_POINT('',#3246);
#992=VERTEX_POINT('',#3248);
#993=VERTEX_POINT('',#3250);
#994=VERTEX_POINT('',#3252);
#995=VERTEX_POINT('',#3254);
#996=VERTEX_POINT('',#3256);
#997=VERTEX_POINT('',#3259);
#998=VERTEX_POINT('',#3260);
#999=VERTEX_POINT('',#3262);
#1000=VERTEX_POINT('',#3264);
#1001=VERTEX_POINT('',#3266);
#1002=VERTEX_POINT('',#3268);
#1003=VERTEX_POINT('',#3270);
#1004=VERTEX_POINT('',#3272);
#1005=VERTEX_POINT('',#3274);
#1006=VERTEX_POINT('',#3276);
#1007=VERTEX_POINT('',#3278);
#1008=VERTEX_POINT('',#3280);
#1009=VERTEX_POINT('',#3284);
#1010=VERTEX_POINT('',#3285);
#1011=VERTEX_POINT('',#3287);
#1012=VERTEX_POINT('',#3289);
#1013=VERTEX_POINT('',#3291);
#1014=VERTEX_POINT('',#3293);
#1015=VERTEX_POINT('',#3295);
#1016=VERTEX_POINT('',#3297);
#1017=VERTEX_POINT('',#3299);
#1018=VERTEX_POINT('',#3301);
#1019=VERTEX_POINT('',#3303);
#1020=VERTEX_POINT('',#3305);
#1021=VERTEX_POINT('',#3307);
#1022=VERTEX_POINT('',#3309);
#1023=VERTEX_POINT('',#3311);
#1024=VERTEX_POINT('',#3313);
#1025=VERTEX_POINT('',#3315);
#1026=VERTEX_POINT('',#3317);
#1027=VERTEX_POINT('',#3319);
#1028=VERTEX_POINT('',#3321);
#1029=VERTEX_POINT('',#3323);
#1030=VERTEX_POINT('',#3325);
#1031=VERTEX_POINT('',#3328);
#1032=VERTEX_POINT('',#3329);
#1033=VERTEX_POINT('',#3331);
#1034=VERTEX_POINT('',#3333);
#1035=VERTEX_POINT('',#3335);
#1036=VERTEX_POINT('',#3337);
#1037=VERTEX_POINT('',#3339);
#1038=VERTEX_POINT('',#3341);
#1039=VERTEX_POINT('',#3343);
#1040=VERTEX_POINT('',#3345);
#1041=VERTEX_POINT('',#3347);
#1042=VERTEX_POINT('',#3349);
#1043=VERTEX_POINT('',#3353);
#1044=VERTEX_POINT('',#3355);
#1045=VERTEX_POINT('',#3359);
#1046=VERTEX_POINT('',#3363);
#1047=VERTEX_POINT('',#3365);
#1048=VERTEX_POINT('',#3369);
#1049=VERTEX_POINT('',#3373);
#1050=VERTEX_POINT('',#3377);
#1051=VERTEX_POINT('',#3381);
#1052=VERTEX_POINT('',#3385);
#1053=VERTEX_POINT('',#3389);
#1054=VERTEX_POINT('',#3393);
#1055=VERTEX_POINT('',#3397);
#1056=VERTEX_POINT('',#3401);
#1057=VERTEX_POINT('',#3405);
#1058=VERTEX_POINT('',#3409);
#1059=VERTEX_POINT('',#3413);
#1060=VERTEX_POINT('',#3417);
#1061=VERTEX_POINT('',#3423);
#1062=VERTEX_POINT('',#3424);
#1063=VERTEX_POINT('',#3426);
#1064=VERTEX_POINT('',#3428);
#1065=VERTEX_POINT('',#3432);
#1066=VERTEX_POINT('',#3433);
#1067=VERTEX_POINT('',#3435);
#1068=VERTEX_POINT('',#3437);
#1069=VERTEX_POINT('',#3441);
#1070=VERTEX_POINT('',#3443);
#1071=VERTEX_POINT('',#3447);
#1072=VERTEX_POINT('',#3451);
#1073=VERTEX_POINT('',#3453);
#1074=VERTEX_POINT('',#3457);
#1075=VERTEX_POINT('',#3464);
#1076=VERTEX_POINT('',#3468);
#1077=VERTEX_POINT('',#3474);
#1078=VERTEX_POINT('',#3478);
#1079=VERTEX_POINT('',#3482);
#1080=VERTEX_POINT('',#3486);
#1081=VERTEX_POINT('',#3490);
#1082=VERTEX_POINT('',#3494);
#1083=VERTEX_POINT('',#3501);
#1084=VERTEX_POINT('',#3503);
#1085=VERTEX_POINT('',#3507);
#1086=VERTEX_POINT('',#3509);
#1087=VERTEX_POINT('',#3513);
#1088=VERTEX_POINT('',#3517);
#1089=VERTEX_POINT('',#3522);
#1090=VERTEX_POINT('',#3526);
#1091=VERTEX_POINT('',#3531);
#1092=VERTEX_POINT('',#3535);
#1093=VERTEX_POINT('',#3540);
#1094=VERTEX_POINT('',#3544);
#1095=VERTEX_POINT('',#3550);
#1096=VERTEX_POINT('',#3554);
#1097=VERTEX_POINT('',#3559);
#1098=VERTEX_POINT('',#3563);
#1099=VERTEX_POINT('',#3568);
#1100=VERTEX_POINT('',#3572);
#1101=VERTEX_POINT('',#3577);
#1102=VERTEX_POINT('',#3581);
#1103=VERTEX_POINT('',#3585);
#1104=VERTEX_POINT('',#3589);
#1105=VERTEX_POINT('',#3598);
#1106=VERTEX_POINT('',#3600);
#1107=VERTEX_POINT('',#3605);
#1108=VERTEX_POINT('',#3609);
#1109=VERTEX_POINT('',#3616);
#1110=VERTEX_POINT('',#3620);
#1111=VERTEX_POINT('',#3628);
#1112=VERTEX_POINT('',#3633);
#1113=VERTEX_POINT('',#3640);
#1114=VERTEX_POINT('',#3644);
#1115=VERTEX_POINT('',#3652);
#1116=VERTEX_POINT('',#3654);
#1117=VERTEX_POINT('',#3658);
#1118=VERTEX_POINT('',#3660);
#1119=VERTEX_POINT('',#3665);
#1120=VERTEX_POINT('',#3669);
#1121=VERTEX_POINT('',#3674);
#1122=VERTEX_POINT('',#3678);
#1123=VERTEX_POINT('',#3683);
#1124=VERTEX_POINT('',#3687);
#1125=VERTEX_POINT('',#3692);
#1126=VERTEX_POINT('',#3696);
#1127=VERTEX_POINT('',#3701);
#1128=VERTEX_POINT('',#3705);
#1129=VERTEX_POINT('',#3711);
#1130=VERTEX_POINT('',#3715);
#1131=VERTEX_POINT('',#3720);
#1132=VERTEX_POINT('',#3724);
#1133=VERTEX_POINT('',#3729);
#1134=VERTEX_POINT('',#3733);
#1135=VERTEX_POINT('',#3738);
#1136=VERTEX_POINT('',#3740);
#1137=VERTEX_POINT('',#3747);
#1138=VERTEX_POINT('',#3748);
#1139=VERTEX_POINT('',#3753);
#1140=VERTEX_POINT('',#3758);
#1141=VERTEX_POINT('',#3765);
#1142=VERTEX_POINT('',#3769);
#1143=VERTEX_POINT('',#3777);
#1144=VERTEX_POINT('',#3781);
#1145=VERTEX_POINT('',#3789);
#1146=VERTEX_POINT('',#3791);
#1147=VERTEX_POINT('',#3795);
#1148=VERTEX_POINT('',#3797);
#1149=VERTEX_POINT('',#3807);
#1150=VERTEX_POINT('',#3811);
#1151=VERTEX_POINT('',#3819);
#1152=VERTEX_POINT('',#3823);
#1153=VERTEX_POINT('',#3825);
#1154=VERTEX_POINT('',#3835);
#1155=VERTEX_POINT('',#3837);
#1156=VERTEX_POINT('',#3841);
#1157=VERTEX_POINT('',#3843);
#1158=VERTEX_POINT('',#3847);
#1159=VERTEX_POINT('',#3857);
#1160=VERTEX_POINT('',#3858);
#1161=VERTEX_POINT('',#3860);
#1162=VERTEX_POINT('',#3862);
#1163=VERTEX_POINT('',#3866);
#1164=VERTEX_POINT('',#3868);
#1165=VERTEX_POINT('',#3872);
#1166=VERTEX_POINT('',#3874);
#1167=EDGE_CURVE('',#975,#976,#295,.T.);
#1168=EDGE_CURVE('',#977,#975,#296,.T.);
#1169=EDGE_CURVE('',#978,#977,#297,.T.);
#1170=EDGE_CURVE('',#979,#978,#298,.T.);
#1171=EDGE_CURVE('',#980,#979,#299,.T.);
#1172=EDGE_CURVE('',#980,#981,#300,.T.);
#1173=EDGE_CURVE('',#982,#981,#301,.T.);
#1174=EDGE_CURVE('',#983,#982,#302,.T.);
#1175=EDGE_CURVE('',#984,#983,#303,.T.);
#1176=EDGE_CURVE('',#985,#984,#304,.T.);
#1177=EDGE_CURVE('',#986,#985,#305,.T.);
#1178=EDGE_CURVE('',#987,#986,#306,.T.);
#1179=EDGE_CURVE('',#988,#987,#307,.T.);
#1180=EDGE_CURVE('',#989,#988,#308,.T.);
#1181=EDGE_CURVE('',#990,#989,#309,.T.);
#1182=EDGE_CURVE('',#990,#991,#310,.T.);
#1183=EDGE_CURVE('',#992,#991,#311,.T.);
#1184=EDGE_CURVE('',#993,#992,#312,.T.);
#1185=EDGE_CURVE('',#994,#993,#313,.T.);
#1186=EDGE_CURVE('',#995,#994,#314,.T.);
#1187=EDGE_CURVE('',#996,#995,#315,.T.);
#1188=EDGE_CURVE('',#976,#996,#316,.T.);
#1189=EDGE_CURVE('',#997,#998,#317,.T.);
#1190=EDGE_CURVE('',#999,#997,#318,.T.);
#1191=EDGE_CURVE('',#1000,#999,#319,.T.);
#1192=EDGE_CURVE('',#1001,#1000,#320,.T.);
#1193=EDGE_CURVE('',#1002,#1001,#321,.T.);
#1194=EDGE_CURVE('',#1003,#1002,#322,.T.);
#1195=EDGE_CURVE('',#1004,#1003,#323,.T.);
#1196=EDGE_CURVE('',#1005,#1004,#324,.T.);
#1197=EDGE_CURVE('',#1006,#1005,#325,.T.);
#1198=EDGE_CURVE('',#1007,#1006,#326,.T.);
#1199=EDGE_CURVE('',#1008,#1007,#327,.T.);
#1200=EDGE_CURVE('',#998,#1008,#328,.T.);
#1201=EDGE_CURVE('',#1009,#1010,#329,.T.);
#1202=EDGE_CURVE('',#1011,#1009,#330,.T.);
#1203=EDGE_CURVE('',#1012,#1011,#331,.T.);
#1204=EDGE_CURVE('',#1013,#1012,#332,.T.);
#1205=EDGE_CURVE('',#1014,#1013,#333,.T.);
#1206=EDGE_CURVE('',#1015,#1014,#334,.T.);
#1207=EDGE_CURVE('',#1016,#1015,#335,.T.);
#1208=EDGE_CURVE('',#1016,#1017,#336,.T.);
#1209=EDGE_CURVE('',#1018,#1017,#337,.T.);
#1210=EDGE_CURVE('',#1019,#1018,#338,.T.);
#1211=EDGE_CURVE('',#1020,#1019,#339,.T.);
#1212=EDGE_CURVE('',#1021,#1020,#340,.T.);
#1213=EDGE_CURVE('',#1022,#1021,#341,.T.);
#1214=EDGE_CURVE('',#1023,#1022,#342,.T.);
#1215=EDGE_CURVE('',#1024,#1023,#343,.T.);
#1216=EDGE_CURVE('',#1025,#1024,#344,.T.);
#1217=EDGE_CURVE('',#1026,#1025,#345,.T.);
#1218=EDGE_CURVE('',#1026,#1027,#346,.T.);
#1219=EDGE_CURVE('',#1028,#1027,#347,.T.);
#1220=EDGE_CURVE('',#1029,#1028,#348,.T.);
#1221=EDGE_CURVE('',#1030,#1029,#349,.T.);
#1222=EDGE_CURVE('',#1010,#1030,#350,.T.);
#1223=EDGE_CURVE('',#1031,#1032,#351,.T.);
#1224=EDGE_CURVE('',#1033,#1031,#352,.T.);
#1225=EDGE_CURVE('',#1034,#1033,#353,.T.);
#1226=EDGE_CURVE('',#1035,#1034,#354,.T.);
#1227=EDGE_CURVE('',#1036,#1035,#355,.T.);
#1228=EDGE_CURVE('',#1037,#1036,#356,.T.);
#1229=EDGE_CURVE('',#1038,#1037,#357,.T.);
#1230=EDGE_CURVE('',#1039,#1038,#358,.T.);
#1231=EDGE_CURVE('',#1040,#1039,#359,.T.);
#1232=EDGE_CURVE('',#1041,#1040,#360,.T.);
#1233=EDGE_CURVE('',#1042,#1041,#361,.T.);
#1234=EDGE_CURVE('',#1032,#1042,#362,.T.);
#1235=EDGE_CURVE('',#1043,#1002,#363,.T.);
#1236=EDGE_CURVE('',#1044,#1043,#364,.T.);
#1237=EDGE_CURVE('',#1044,#1003,#365,.T.);
#1238=EDGE_CURVE('',#1045,#1044,#366,.T.);
#1239=EDGE_CURVE('',#1045,#1004,#367,.T.);
#1240=EDGE_CURVE('',#1037,#1046,#368,.T.);
#1241=EDGE_CURVE('',#1047,#1046,#369,.T.);
#1242=EDGE_CURVE('',#1038,#1047,#370,.T.);
#1243=EDGE_CURVE('',#1048,#1001,#371,.T.);
#1244=EDGE_CURVE('',#1043,#1048,#372,.T.);
#1245=EDGE_CURVE('',#1049,#1045,#373,.T.);
#1246=EDGE_CURVE('',#1049,#1005,#374,.T.);
#1247=EDGE_CURVE('',#1036,#1050,#375,.T.);
#1248=EDGE_CURVE('',#1046,#1050,#376,.T.);
#1249=EDGE_CURVE('',#1051,#1000,#377,.T.);
#1250=EDGE_CURVE('',#1048,#1051,#378,.T.);
#1251=EDGE_CURVE('',#1052,#1049,#379,.T.);
#1252=EDGE_CURVE('',#1052,#1006,#380,.T.);
#1253=EDGE_CURVE('',#1035,#1053,#381,.T.);
#1254=EDGE_CURVE('',#1050,#1053,#382,.T.);
#1255=EDGE_CURVE('',#1054,#999,#383,.T.);
#1256=EDGE_CURVE('',#1051,#1054,#384,.T.);
#1257=EDGE_CURVE('',#1055,#1052,#385,.T.);
#1258=EDGE_CURVE('',#1055,#1007,#386,.T.);
#1259=EDGE_CURVE('',#1034,#1056,#387,.T.);
#1260=EDGE_CURVE('',#1053,#1056,#388,.T.);
#1261=EDGE_CURVE('',#1057,#997,#389,.T.);
#1262=EDGE_CURVE('',#1054,#1057,#390,.T.);
#1263=EDGE_CURVE('',#1058,#1055,#391,.T.);
#1264=EDGE_CURVE('',#1058,#1008,#392,.T.);
#1265=EDGE_CURVE('',#1033,#1059,#393,.T.);
#1266=EDGE_CURVE('',#1056,#1059,#394,.T.);
#1267=EDGE_CURVE('',#998,#1060,#395,.T.);
#1268=EDGE_CURVE('',#1057,#1060,#396,.T.);
#1269=EDGE_CURVE('',#1060,#1058,#397,.T.);
#1270=EDGE_CURVE('',#1061,#1062,#398,.T.);
#1271=EDGE_CURVE('',#1063,#1061,#399,.T.);
#1272=EDGE_CURVE('',#1064,#1063,#400,.T.);
#1273=EDGE_CURVE('',#1062,#1064,#401,.T.);
#1274=EDGE_CURVE('',#1065,#1066,#402,.T.);
#1275=EDGE_CURVE('',#1067,#1065,#403,.T.);
#1276=EDGE_CURVE('',#1068,#1067,#404,.T.);
#1277=EDGE_CURVE('',#1066,#1068,#405,.T.);
#1278=EDGE_CURVE('',#1069,#1061,#406,.T.);
#1279=EDGE_CURVE('',#1070,#1069,#407,.T.);
#1280=EDGE_CURVE('',#1070,#1063,#408,.T.);
#1281=EDGE_CURVE('',#1071,#1070,#409,.T.);
#1282=EDGE_CURVE('',#1071,#1064,#410,.T.);
#1283=EDGE_CURVE('',#1067,#1072,#411,.T.);
#1284=EDGE_CURVE('',#1073,#1072,#412,.T.);
#1285=EDGE_CURVE('',#1068,#1073,#413,.T.);
#1286=EDGE_CURVE('',#1062,#1074,#414,.T.);
#1287=EDGE_CURVE('',#1069,#1074,#415,.T.);
#1288=EDGE_CURVE('',#1074,#1071,#416,.T.);
#1289=EDGE_CURVE('',#1075,#1065,#417,.T.);
#1290=EDGE_CURVE('',#1072,#1075,#418,.T.);
#1291=EDGE_CURVE('',#1076,#1073,#419,.T.);
#1292=EDGE_CURVE('',#1066,#1076,#420,.T.);
#1293=EDGE_CURVE('',#1075,#1076,#421,.T.);
#1294=EDGE_CURVE('',#1077,#1031,#422,.T.);
#1295=EDGE_CURVE('',#1059,#1077,#423,.T.);
#1296=EDGE_CURVE('',#1078,#1047,#424,.T.);
#1297=EDGE_CURVE('',#1039,#1078,#425,.T.);
#1298=EDGE_CURVE('',#1079,#1078,#426,.T.);
#1299=EDGE_CURVE('',#1040,#1079,#427,.T.);
#1300=EDGE_CURVE('',#1080,#1079,#428,.T.);
#1301=EDGE_CURVE('',#1041,#1080,#429,.T.);
#1302=EDGE_CURVE('',#1081,#1080,#430,.T.);
#1303=EDGE_CURVE('',#1042,#1081,#431,.T.);
#1304=EDGE_CURVE('',#1082,#1081,#432,.T.);
#1305=EDGE_CURVE('',#1032,#1082,#433,.T.);
#1306=EDGE_CURVE('',#1077,#1082,#434,.T.);
#1307=EDGE_CURVE('',#1083,#981,#435,.T.);
#1308=EDGE_CURVE('',#1084,#1083,#436,.T.);
#1309=EDGE_CURVE('',#1084,#982,#437,.T.);
#1310=EDGE_CURVE('',#1025,#1085,#438,.T.);
#1311=EDGE_CURVE('',#1086,#1085,#439,.T.);
#1312=EDGE_CURVE('',#1026,#1086,#440,.T.);
#1313=EDGE_CURVE('',#1087,#1084,#441,.T.);
#1314=EDGE_CURVE('',#983,#1087,#442,.T.);
#1315=EDGE_CURVE('',#1088,#1024,#443,.T.);
#1316=EDGE_CURVE('',#1085,#1088,#444,.T.);
#1317=EDGE_CURVE('',#983,#1087,#445,.T.);
#1318=EDGE_CURVE('',#1089,#1087,#446,.T.);
#1319=EDGE_CURVE('',#984,#1089,#447,.T.);
#1320=EDGE_CURVE('',#1090,#1023,#448,.T.);
#1321=EDGE_CURVE('',#1088,#1090,#449,.T.);
#1322=EDGE_CURVE('',#1088,#1024,#450,.T.);
#1323=EDGE_CURVE('',#1091,#1089,#451,.T.);
#1324=EDGE_CURVE('',#1091,#985,#452,.T.);
#1325=EDGE_CURVE('',#1022,#1092,#453,.T.);
#1326=EDGE_CURVE('',#1090,#1092,#454,.T.);
#1327=EDGE_CURVE('',#1091,#985,#455,.T.);
#1328=EDGE_CURVE('',#1093,#1091,#456,.T.);
#1329=EDGE_CURVE('',#986,#1093,#457,.T.);
#1330=EDGE_CURVE('',#1094,#1021,#458,.T.);
#1331=EDGE_CURVE('',#1092,#1094,#459,.T.);
#1332=EDGE_CURVE('',#1022,#1092,#460,.T.);
#1333=EDGE_CURVE('',#986,#1093,#461,.T.);
#1334=EDGE_CURVE('',#1095,#1093,#462,.T.);
#1335=EDGE_CURVE('',#1095,#987,#463,.T.);
#1336=EDGE_CURVE('',#1020,#1096,#464,.T.);
#1337=EDGE_CURVE('',#1094,#1096,#465,.T.);
#1338=EDGE_CURVE('',#1094,#1021,#466,.T.);
#1339=EDGE_CURVE('',#1097,#1095,#467,.T.);
#1340=EDGE_CURVE('',#988,#1097,#468,.T.);
#1341=EDGE_CURVE('',#1098,#1019,#469,.T.);
#1342=EDGE_CURVE('',#1096,#1098,#470,.T.);
#1343=EDGE_CURVE('',#988,#1097,#471,.T.);
#1344=EDGE_CURVE('',#1099,#1097,#472,.T.);
#1345=EDGE_CURVE('',#1099,#989,#473,.T.);
#1346=EDGE_CURVE('',#1018,#1100,#474,.T.);
#1347=EDGE_CURVE('',#1098,#1100,#475,.T.);
#1348=EDGE_CURVE('',#1098,#1019,#476,.T.);
#1349=EDGE_CURVE('',#1101,#1099,#477,.T.);
#1350=EDGE_CURVE('',#1101,#990,#478,.T.);
#1351=EDGE_CURVE('',#1017,#1102,#479,.T.);
#1352=EDGE_CURVE('',#1100,#1102,#480,.T.);
#1353=EDGE_CURVE('',#1103,#1097,#481,.T.);
#1354=EDGE_CURVE('',#1093,#1103,#482,.T.);
#1355=EDGE_CURVE('',#1104,#1094,#483,.T.);
#1356=EDGE_CURVE('',#1103,#1104,#484,.T.);
#1357=EDGE_CURVE('',#1021,#986,#485,.T.);
#1358=EDGE_CURVE('',#1098,#1104,#486,.T.);
#1359=EDGE_CURVE('',#1019,#988,#487,.T.);
#1360=EDGE_CURVE('',#1105,#1093,#488,.T.);
#1361=EDGE_CURVE('',#1091,#1106,#489,.T.);
#1362=EDGE_CURVE('',#1106,#1105,#490,.T.);
#1363=EDGE_CURVE('',#985,#1022,#491,.T.);
#1364=EDGE_CURVE('',#1107,#1092,#492,.T.);
#1365=EDGE_CURVE('',#1106,#1107,#493,.T.);
#1366=EDGE_CURVE('',#1108,#1107,#494,.T.);
#1367=EDGE_CURVE('',#1105,#1108,#495,.T.);
#1368=EDGE_CURVE('',#1094,#1108,#496,.T.);
#1369=EDGE_CURVE('',#1087,#1109,#497,.T.);
#1370=EDGE_CURVE('',#1109,#1091,#498,.T.);
#1371=EDGE_CURVE('',#1110,#1088,#499,.T.);
#1372=EDGE_CURVE('',#1109,#1110,#500,.T.);
#1373=EDGE_CURVE('',#1024,#983,#501,.T.);
#1374=EDGE_CURVE('',#1092,#1110,#502,.T.);
#1375=EDGE_CURVE('',#1111,#1087,#503,.T.);
#1376=EDGE_CURVE('',#1083,#1111,#504,.T.);
#1377=EDGE_CURVE('',#981,#1026,#505,.T.);
#1378=EDGE_CURVE('',#1112,#1086,#506,.T.);
#1379=EDGE_CURVE('',#1111,#1112,#507,.T.);
#1380=EDGE_CURVE('',#1088,#1112,#508,.T.);
#1381=EDGE_CURVE('',#1097,#1113,#509,.T.);
#1382=EDGE_CURVE('',#1113,#1101,#510,.T.);
#1383=EDGE_CURVE('',#1114,#1098,#511,.T.);
#1384=EDGE_CURVE('',#1113,#1114,#512,.T.);
#1385=EDGE_CURVE('',#1102,#1114,#513,.T.);
#1386=EDGE_CURVE('',#990,#1017,#514,.T.);
#1387=EDGE_CURVE('',#1115,#991,#515,.T.);
#1388=EDGE_CURVE('',#1116,#1115,#516,.T.);
#1389=EDGE_CURVE('',#1116,#992,#517,.T.);
#1390=EDGE_CURVE('',#1015,#1117,#518,.T.);
#1391=EDGE_CURVE('',#1118,#1117,#519,.T.);
#1392=EDGE_CURVE('',#1016,#1118,#520,.T.);
#1393=EDGE_CURVE('',#1116,#992,#521,.T.);
#1394=EDGE_CURVE('',#1119,#1116,#522,.T.);
#1395=EDGE_CURVE('',#1119,#993,#523,.T.);
#1396=EDGE_CURVE('',#1014,#1120,#524,.T.);
#1397=EDGE_CURVE('',#1117,#1120,#525,.T.);
#1398=EDGE_CURVE('',#1015,#1117,#526,.T.);
#1399=EDGE_CURVE('',#1121,#1119,#527,.T.);
#1400=EDGE_CURVE('',#994,#1121,#528,.T.);
#1401=EDGE_CURVE('',#1122,#1013,#529,.T.);
#1402=EDGE_CURVE('',#1120,#1122,#530,.T.);
#1403=EDGE_CURVE('',#994,#1121,#531,.T.);
#1404=EDGE_CURVE('',#1123,#1121,#532,.T.);
#1405=EDGE_CURVE('',#1123,#995,#533,.T.);
#1406=EDGE_CURVE('',#1012,#1124,#534,.T.);
#1407=EDGE_CURVE('',#1122,#1124,#535,.T.);
#1408=EDGE_CURVE('',#1122,#1013,#536,.T.);
#1409=EDGE_CURVE('',#1125,#1123,#537,.T.);
#1410=EDGE_CURVE('',#1125,#996,#538,.T.);
#1411=EDGE_CURVE('',#1011,#1126,#539,.T.);
#1412=EDGE_CURVE('',#1124,#1126,#540,.T.);
#1413=EDGE_CURVE('',#1125,#996,#541,.T.);
#1414=EDGE_CURVE('',#1127,#1125,#542,.T.);
#1415=EDGE_CURVE('',#1127,#976,#543,.T.);
#1416=EDGE_CURVE('',#1009,#1128,#544,.T.);
#1417=EDGE_CURVE('',#1126,#1128,#545,.T.);
#1418=EDGE_CURVE('',#1011,#1126,#546,.T.);
#1419=EDGE_CURVE('',#1127,#976,#547,.T.);
#1420=EDGE_CURVE('',#1129,#1127,#548,.T.);
#1421=EDGE_CURVE('',#975,#1129,#549,.T.);
#1422=EDGE_CURVE('',#1130,#1010,#550,.T.);
#1423=EDGE_CURVE('',#1128,#1130,#551,.T.);
#1424=EDGE_CURVE('',#1009,#1128,#552,.T.);
#1425=EDGE_CURVE('',#1131,#1129,#553,.T.);
#1426=EDGE_CURVE('',#1131,#977,#554,.T.);
#1427=EDGE_CURVE('',#1030,#1132,#555,.T.);
#1428=EDGE_CURVE('',#1130,#1132,#556,.T.);
#1429=EDGE_CURVE('',#1131,#977,#557,.T.);
#1430=EDGE_CURVE('',#1133,#1131,#558,.T.);
#1431=EDGE_CURVE('',#1133,#978,#559,.T.);
#1432=EDGE_CURVE('',#1029,#1134,#560,.T.);
#1433=EDGE_CURVE('',#1132,#1134,#561,.T.);
#1434=EDGE_CURVE('',#1030,#1132,#562,.T.);
#1435=EDGE_CURVE('',#1135,#979,#563,.T.);
#1436=EDGE_CURVE('',#1136,#1135,#564,.T.);
#1437=EDGE_CURVE('',#1136,#980,#565,.T.);
#1438=EDGE_CURVE('',#1135,#1133,#566,.T.);
#1439=EDGE_CURVE('',#1135,#979,#567,.T.);
#1440=EDGE_CURVE('',#1137,#1138,#568,.T.);
#1441=EDGE_CURVE('',#1138,#1116,#569,.T.);
#1442=EDGE_CURVE('',#1115,#1137,#570,.T.);
#1443=EDGE_CURVE('',#1139,#1138,#571,.T.);
#1444=EDGE_CURVE('',#1117,#1139,#572,.T.);
#1445=EDGE_CURVE('',#992,#1015,#573,.T.);
#1446=EDGE_CURVE('',#1140,#1118,#574,.T.);
#1447=EDGE_CURVE('',#1137,#1140,#575,.T.);
#1448=EDGE_CURVE('',#1139,#1140,#576,.T.);
#1449=EDGE_CURVE('',#1116,#1141,#577,.T.);
#1450=EDGE_CURVE('',#1141,#1121,#578,.T.);
#1451=EDGE_CURVE('',#1142,#1141,#579,.T.);
#1452=EDGE_CURVE('',#1122,#1142,#580,.T.);
#1453=EDGE_CURVE('',#1013,#994,#581,.T.);
#1454=EDGE_CURVE('',#1142,#1117,#582,.T.);
#1455=EDGE_CURVE('',#1121,#1143,#583,.T.);
#1456=EDGE_CURVE('',#1143,#1125,#584,.T.);
#1457=EDGE_CURVE('',#1144,#1122,#585,.T.);
#1458=EDGE_CURVE('',#1143,#1144,#586,.T.);
#1459=EDGE_CURVE('',#1126,#1144,#587,.T.);
#1460=EDGE_CURVE('',#996,#1011,#588,.T.);
#1461=EDGE_CURVE('',#1125,#1145,#589,.T.);
#1462=EDGE_CURVE('',#1145,#1146,#590,.T.);
#1463=EDGE_CURVE('',#1146,#1127,#591,.T.);
#1464=EDGE_CURVE('',#1147,#1145,#592,.T.);
#1465=EDGE_CURVE('',#1148,#1147,#593,.T.);
#1466=EDGE_CURVE('',#1146,#1148,#594,.T.);
#1467=EDGE_CURVE('',#1128,#1148,#595,.T.);
#1468=EDGE_CURVE('',#976,#1009,#596,.T.);
#1469=EDGE_CURVE('',#1147,#1126,#597,.T.);
#1470=EDGE_CURVE('',#1127,#1149,#598,.T.);
#1471=EDGE_CURVE('',#1149,#1131,#599,.T.);
#1472=EDGE_CURVE('',#1150,#1128,#600,.T.);
#1473=EDGE_CURVE('',#1149,#1150,#601,.T.);
#1474=EDGE_CURVE('',#1132,#1150,#602,.T.);
#1475=EDGE_CURVE('',#977,#1030,#603,.T.);
#1476=EDGE_CURVE('',#1131,#1151,#604,.T.);
#1477=EDGE_CURVE('',#1151,#1135,#605,.T.);
#1478=EDGE_CURVE('',#1152,#1151,#606,.T.);
#1479=EDGE_CURVE('',#1153,#1152,#607,.T.);
#1480=EDGE_CURVE('',#1028,#1153,#608,.T.);
#1481=EDGE_CURVE('',#979,#1028,#609,.T.);
#1482=EDGE_CURVE('',#1134,#1153,#610,.T.);
#1483=EDGE_CURVE('',#1152,#1132,#611,.T.);
#1484=EDGE_CURVE('',#1135,#1154,#612,.T.);
#1485=EDGE_CURVE('',#1154,#1155,#613,.T.);
#1486=EDGE_CURVE('',#1155,#1136,#614,.T.);
#1487=EDGE_CURVE('',#1156,#1154,#615,.T.);
#1488=EDGE_CURVE('',#1157,#1156,#616,.T.);
#1489=EDGE_CURVE('',#1155,#1157,#617,.T.);
#1490=EDGE_CURVE('',#1158,#1157,#618,.T.);
#1491=EDGE_CURVE('',#1027,#1158,#619,.T.);
#1492=EDGE_CURVE('',#1153,#1158,#620,.T.);
#1493=EDGE_CURVE('',#1028,#1153,#621,.T.);
#1494=EDGE_CURVE('',#1156,#1153,#622,.T.);
#1495=EDGE_CURVE('',#1159,#1160,#623,.T.);
#1496=EDGE_CURVE('',#1159,#1161,#624,.T.);
#1497=EDGE_CURVE('',#1161,#1162,#625,.T.);
#1498=EDGE_CURVE('',#1160,#1162,#626,.T.);
#1499=EDGE_CURVE('',#1163,#1159,#627,.T.);
#1500=EDGE_CURVE('',#1163,#1164,#628,.T.);
#1501=EDGE_CURVE('',#1164,#1161,#629,.T.);
#1502=EDGE_CURVE('',#1165,#1163,#630,.T.);
#1503=EDGE_CURVE('',#1165,#1166,#631,.T.);
#1504=EDGE_CURVE('',#1166,#1164,#632,.T.);
#1505=EDGE_CURVE('',#1160,#1165,#633,.T.);
#1506=EDGE_CURVE('',#1162,#1166,#634,.T.);
#1507=ORIENTED_EDGE('',*,*,#1167,.F.);
#1508=ORIENTED_EDGE('',*,*,#1168,.F.);
#1509=ORIENTED_EDGE('',*,*,#1169,.F.);
#1510=ORIENTED_EDGE('',*,*,#1170,.F.);
#1511=ORIENTED_EDGE('',*,*,#1171,.F.);
#1512=ORIENTED_EDGE('',*,*,#1172,.T.);
#1513=ORIENTED_EDGE('',*,*,#1173,.F.);
#1514=ORIENTED_EDGE('',*,*,#1174,.F.);
#1515=ORIENTED_EDGE('',*,*,#1175,.F.);
#1516=ORIENTED_EDGE('',*,*,#1176,.F.);
#1517=ORIENTED_EDGE('',*,*,#1177,.F.);
#1518=ORIENTED_EDGE('',*,*,#1178,.F.);
#1519=ORIENTED_EDGE('',*,*,#1179,.F.);
#1520=ORIENTED_EDGE('',*,*,#1180,.F.);
#1521=ORIENTED_EDGE('',*,*,#1181,.F.);
#1522=ORIENTED_EDGE('',*,*,#1182,.T.);
#1523=ORIENTED_EDGE('',*,*,#1183,.F.);
#1524=ORIENTED_EDGE('',*,*,#1184,.F.);
#1525=ORIENTED_EDGE('',*,*,#1185,.F.);
#1526=ORIENTED_EDGE('',*,*,#1186,.F.);
#1527=ORIENTED_EDGE('',*,*,#1187,.F.);
#1528=ORIENTED_EDGE('',*,*,#1188,.F.);
#1529=ORIENTED_EDGE('',*,*,#1189,.F.);
#1530=ORIENTED_EDGE('',*,*,#1190,.F.);
#1531=ORIENTED_EDGE('',*,*,#1191,.F.);
#1532=ORIENTED_EDGE('',*,*,#1192,.F.);
#1533=ORIENTED_EDGE('',*,*,#1193,.F.);
#1534=ORIENTED_EDGE('',*,*,#1194,.F.);
#1535=ORIENTED_EDGE('',*,*,#1195,.F.);
#1536=ORIENTED_EDGE('',*,*,#1196,.F.);
#1537=ORIENTED_EDGE('',*,*,#1197,.F.);
#1538=ORIENTED_EDGE('',*,*,#1198,.F.);
#1539=ORIENTED_EDGE('',*,*,#1199,.F.);
#1540=ORIENTED_EDGE('',*,*,#1200,.F.);
#1541=ORIENTED_EDGE('',*,*,#1201,.F.);
#1542=ORIENTED_EDGE('',*,*,#1202,.F.);
#1543=ORIENTED_EDGE('',*,*,#1203,.F.);
#1544=ORIENTED_EDGE('',*,*,#1204,.F.);
#1545=ORIENTED_EDGE('',*,*,#1205,.F.);
#1546=ORIENTED_EDGE('',*,*,#1206,.F.);
#1547=ORIENTED_EDGE('',*,*,#1207,.F.);
#1548=ORIENTED_EDGE('',*,*,#1208,.T.);
#1549=ORIENTED_EDGE('',*,*,#1209,.F.);
#1550=ORIENTED_EDGE('',*,*,#1210,.F.);
#1551=ORIENTED_EDGE('',*,*,#1211,.F.);
#1552=ORIENTED_EDGE('',*,*,#1212,.F.);
#1553=ORIENTED_EDGE('',*,*,#1213,.F.);
#1554=ORIENTED_EDGE('',*,*,#1214,.F.);
#1555=ORIENTED_EDGE('',*,*,#1215,.F.);
#1556=ORIENTED_EDGE('',*,*,#1216,.F.);
#1557=ORIENTED_EDGE('',*,*,#1217,.F.);
#1558=ORIENTED_EDGE('',*,*,#1218,.T.);
#1559=ORIENTED_EDGE('',*,*,#1219,.F.);
#1560=ORIENTED_EDGE('',*,*,#1220,.F.);
#1561=ORIENTED_EDGE('',*,*,#1221,.F.);
#1562=ORIENTED_EDGE('',*,*,#1222,.F.);
#1563=ORIENTED_EDGE('',*,*,#1223,.F.);
#1564=ORIENTED_EDGE('',*,*,#1224,.F.);
#1565=ORIENTED_EDGE('',*,*,#1225,.F.);
#1566=ORIENTED_EDGE('',*,*,#1226,.F.);
#1567=ORIENTED_EDGE('',*,*,#1227,.F.);
#1568=ORIENTED_EDGE('',*,*,#1228,.F.);
#1569=ORIENTED_EDGE('',*,*,#1229,.F.);
#1570=ORIENTED_EDGE('',*,*,#1230,.F.);
#1571=ORIENTED_EDGE('',*,*,#1231,.F.);
#1572=ORIENTED_EDGE('',*,*,#1232,.F.);
#1573=ORIENTED_EDGE('',*,*,#1233,.F.);
#1574=ORIENTED_EDGE('',*,*,#1234,.F.);
#1575=ORIENTED_EDGE('',*,*,#1194,.T.);
#1576=ORIENTED_EDGE('',*,*,#1235,.F.);
#1577=ORIENTED_EDGE('',*,*,#1236,.F.);
#1578=ORIENTED_EDGE('',*,*,#1237,.T.);
#1579=ORIENTED_EDGE('',*,*,#1195,.T.);
#1580=ORIENTED_EDGE('',*,*,#1237,.F.);
#1581=ORIENTED_EDGE('',*,*,#1238,.F.);
#1582=ORIENTED_EDGE('',*,*,#1239,.T.);
#1583=ORIENTED_EDGE('',*,*,#1229,.T.);
#1584=ORIENTED_EDGE('',*,*,#1240,.T.);
#1585=ORIENTED_EDGE('',*,*,#1241,.F.);
#1586=ORIENTED_EDGE('',*,*,#1242,.F.);
#1587=ORIENTED_EDGE('',*,*,#1193,.T.);
#1588=ORIENTED_EDGE('',*,*,#1243,.F.);
#1589=ORIENTED_EDGE('',*,*,#1244,.F.);
#1590=ORIENTED_EDGE('',*,*,#1235,.T.);
#1591=ORIENTED_EDGE('',*,*,#1196,.T.);
#1592=ORIENTED_EDGE('',*,*,#1239,.F.);
#1593=ORIENTED_EDGE('',*,*,#1245,.F.);
#1594=ORIENTED_EDGE('',*,*,#1246,.T.);
#1595=ORIENTED_EDGE('',*,*,#1228,.T.);
#1596=ORIENTED_EDGE('',*,*,#1247,.T.);
#1597=ORIENTED_EDGE('',*,*,#1248,.F.);
#1598=ORIENTED_EDGE('',*,*,#1240,.F.);
#1599=ORIENTED_EDGE('',*,*,#1192,.T.);
#1600=ORIENTED_EDGE('',*,*,#1249,.F.);
#1601=ORIENTED_EDGE('',*,*,#1250,.F.);
#1602=ORIENTED_EDGE('',*,*,#1243,.T.);
#1603=ORIENTED_EDGE('',*,*,#1197,.T.);
#1604=ORIENTED_EDGE('',*,*,#1246,.F.);
#1605=ORIENTED_EDGE('',*,*,#1251,.F.);
#1606=ORIENTED_EDGE('',*,*,#1252,.T.);
#1607=ORIENTED_EDGE('',*,*,#1227,.T.);
#1608=ORIENTED_EDGE('',*,*,#1253,.T.);
#1609=ORIENTED_EDGE('',*,*,#1254,.F.);
#1610=ORIENTED_EDGE('',*,*,#1247,.F.);
#1611=ORIENTED_EDGE('',*,*,#1191,.T.);
#1612=ORIENTED_EDGE('',*,*,#1255,.F.);
#1613=ORIENTED_EDGE('',*,*,#1256,.F.);
#1614=ORIENTED_EDGE('',*,*,#1249,.T.);
#1615=ORIENTED_EDGE('',*,*,#1198,.T.);
#1616=ORIENTED_EDGE('',*,*,#1252,.F.);
#1617=ORIENTED_EDGE('',*,*,#1257,.F.);
#1618=ORIENTED_EDGE('',*,*,#1258,.T.);
#1619=ORIENTED_EDGE('',*,*,#1226,.T.);
#1620=ORIENTED_EDGE('',*,*,#1259,.T.);
#1621=ORIENTED_EDGE('',*,*,#1260,.F.);
#1622=ORIENTED_EDGE('',*,*,#1253,.F.);
#1623=ORIENTED_EDGE('',*,*,#1190,.T.);
#1624=ORIENTED_EDGE('',*,*,#1261,.F.);
#1625=ORIENTED_EDGE('',*,*,#1262,.F.);
#1626=ORIENTED_EDGE('',*,*,#1255,.T.);
#1627=ORIENTED_EDGE('',*,*,#1199,.T.);
#1628=ORIENTED_EDGE('',*,*,#1258,.F.);
#1629=ORIENTED_EDGE('',*,*,#1263,.F.);
#1630=ORIENTED_EDGE('',*,*,#1264,.T.);
#1631=ORIENTED_EDGE('',*,*,#1225,.T.);
#1632=ORIENTED_EDGE('',*,*,#1265,.T.);
#1633=ORIENTED_EDGE('',*,*,#1266,.F.);
#1634=ORIENTED_EDGE('',*,*,#1259,.F.);
#1635=ORIENTED_EDGE('',*,*,#1189,.T.);
#1636=ORIENTED_EDGE('',*,*,#1267,.T.);
#1637=ORIENTED_EDGE('',*,*,#1268,.F.);
#1638=ORIENTED_EDGE('',*,*,#1261,.T.);
#1639=ORIENTED_EDGE('',*,*,#1200,.T.);
#1640=ORIENTED_EDGE('',*,*,#1264,.F.);
#1641=ORIENTED_EDGE('',*,*,#1269,.F.);
#1642=ORIENTED_EDGE('',*,*,#1267,.F.);
#1643=ORIENTED_EDGE('',*,*,#1270,.F.);
#1644=ORIENTED_EDGE('',*,*,#1271,.F.);
#1645=ORIENTED_EDGE('',*,*,#1272,.F.);
#1646=ORIENTED_EDGE('',*,*,#1273,.F.);
#1647=ORIENTED_EDGE('',*,*,#1274,.F.);
#1648=ORIENTED_EDGE('',*,*,#1275,.F.);
#1649=ORIENTED_EDGE('',*,*,#1276,.F.);
#1650=ORIENTED_EDGE('',*,*,#1277,.F.);
#1651=ORIENTED_EDGE('',*,*,#1271,.T.);
#1652=ORIENTED_EDGE('',*,*,#1278,.F.);
#1653=ORIENTED_EDGE('',*,*,#1279,.F.);
#1654=ORIENTED_EDGE('',*,*,#1280,.T.);
#1655=ORIENTED_EDGE('',*,*,#1272,.T.);
#1656=ORIENTED_EDGE('',*,*,#1280,.F.);
#1657=ORIENTED_EDGE('',*,*,#1281,.F.);
#1658=ORIENTED_EDGE('',*,*,#1282,.T.);
#1659=ORIENTED_EDGE('',*,*,#1276,.T.);
#1660=ORIENTED_EDGE('',*,*,#1283,.T.);
#1661=ORIENTED_EDGE('',*,*,#1284,.F.);
#1662=ORIENTED_EDGE('',*,*,#1285,.F.);
#1663=ORIENTED_EDGE('',*,*,#1270,.T.);
#1664=ORIENTED_EDGE('',*,*,#1286,.T.);
#1665=ORIENTED_EDGE('',*,*,#1287,.F.);
#1666=ORIENTED_EDGE('',*,*,#1278,.T.);
#1667=ORIENTED_EDGE('',*,*,#1273,.T.);
#1668=ORIENTED_EDGE('',*,*,#1282,.F.);
#1669=ORIENTED_EDGE('',*,*,#1288,.F.);
#1670=ORIENTED_EDGE('',*,*,#1286,.F.);
#1671=ORIENTED_EDGE('',*,*,#1268,.T.);
#1672=ORIENTED_EDGE('',*,*,#1269,.T.);
#1673=ORIENTED_EDGE('',*,*,#1263,.T.);
#1674=ORIENTED_EDGE('',*,*,#1257,.T.);
#1675=ORIENTED_EDGE('',*,*,#1251,.T.);
#1676=ORIENTED_EDGE('',*,*,#1245,.T.);
#1677=ORIENTED_EDGE('',*,*,#1238,.T.);
#1678=ORIENTED_EDGE('',*,*,#1236,.T.);
#1679=ORIENTED_EDGE('',*,*,#1244,.T.);
#1680=ORIENTED_EDGE('',*,*,#1250,.T.);
#1681=ORIENTED_EDGE('',*,*,#1256,.T.);
#1682=ORIENTED_EDGE('',*,*,#1262,.T.);
#1683=ORIENTED_EDGE('',*,*,#1287,.T.);
#1684=ORIENTED_EDGE('',*,*,#1288,.T.);
#1685=ORIENTED_EDGE('',*,*,#1281,.T.);
#1686=ORIENTED_EDGE('',*,*,#1279,.T.);
#1687=ORIENTED_EDGE('',*,*,#1275,.T.);
#1688=ORIENTED_EDGE('',*,*,#1289,.F.);
#1689=ORIENTED_EDGE('',*,*,#1290,.F.);
#1690=ORIENTED_EDGE('',*,*,#1283,.F.);
#1691=ORIENTED_EDGE('',*,*,#1277,.T.);
#1692=ORIENTED_EDGE('',*,*,#1285,.T.);
#1693=ORIENTED_EDGE('',*,*,#1291,.F.);
#1694=ORIENTED_EDGE('',*,*,#1292,.F.);
#1695=ORIENTED_EDGE('',*,*,#1274,.T.);
#1696=ORIENTED_EDGE('',*,*,#1292,.T.);
#1697=ORIENTED_EDGE('',*,*,#1293,.F.);
#1698=ORIENTED_EDGE('',*,*,#1289,.T.);
#1699=ORIENTED_EDGE('',*,*,#1224,.T.);
#1700=ORIENTED_EDGE('',*,*,#1294,.F.);
#1701=ORIENTED_EDGE('',*,*,#1295,.F.);
#1702=ORIENTED_EDGE('',*,*,#1265,.F.);
#1703=ORIENTED_EDGE('',*,*,#1230,.T.);
#1704=ORIENTED_EDGE('',*,*,#1242,.T.);
#1705=ORIENTED_EDGE('',*,*,#1296,.F.);
#1706=ORIENTED_EDGE('',*,*,#1297,.F.);
#1707=ORIENTED_EDGE('',*,*,#1231,.T.);
#1708=ORIENTED_EDGE('',*,*,#1297,.T.);
#1709=ORIENTED_EDGE('',*,*,#1298,.F.);
#1710=ORIENTED_EDGE('',*,*,#1299,.F.);
#1711=ORIENTED_EDGE('',*,*,#1232,.T.);
#1712=ORIENTED_EDGE('',*,*,#1299,.T.);
#1713=ORIENTED_EDGE('',*,*,#1300,.F.);
#1714=ORIENTED_EDGE('',*,*,#1301,.F.);
#1715=ORIENTED_EDGE('',*,*,#1233,.T.);
#1716=ORIENTED_EDGE('',*,*,#1301,.T.);
#1717=ORIENTED_EDGE('',*,*,#1302,.F.);
#1718=ORIENTED_EDGE('',*,*,#1303,.F.);
#1719=ORIENTED_EDGE('',*,*,#1234,.T.);
#1720=ORIENTED_EDGE('',*,*,#1303,.T.);
#1721=ORIENTED_EDGE('',*,*,#1304,.F.);
#1722=ORIENTED_EDGE('',*,*,#1305,.F.);
#1723=ORIENTED_EDGE('',*,*,#1223,.T.);
#1724=ORIENTED_EDGE('',*,*,#1305,.T.);
#1725=ORIENTED_EDGE('',*,*,#1306,.F.);
#1726=ORIENTED_EDGE('',*,*,#1294,.T.);
#1727=ORIENTED_EDGE('',*,*,#1306,.T.);
#1728=ORIENTED_EDGE('',*,*,#1304,.T.);
#1729=ORIENTED_EDGE('',*,*,#1302,.T.);
#1730=ORIENTED_EDGE('',*,*,#1300,.T.);
#1731=ORIENTED_EDGE('',*,*,#1298,.T.);
#1732=ORIENTED_EDGE('',*,*,#1296,.T.);
#1733=ORIENTED_EDGE('',*,*,#1241,.T.);
#1734=ORIENTED_EDGE('',*,*,#1248,.T.);
#1735=ORIENTED_EDGE('',*,*,#1254,.T.);
#1736=ORIENTED_EDGE('',*,*,#1260,.T.);
#1737=ORIENTED_EDGE('',*,*,#1266,.T.);
#1738=ORIENTED_EDGE('',*,*,#1295,.T.);
#1739=ORIENTED_EDGE('',*,*,#1293,.T.);
#1740=ORIENTED_EDGE('',*,*,#1291,.T.);
#1741=ORIENTED_EDGE('',*,*,#1284,.T.);
#1742=ORIENTED_EDGE('',*,*,#1290,.T.);
#1743=ORIENTED_EDGE('',*,*,#1173,.T.);
#1744=ORIENTED_EDGE('',*,*,#1307,.F.);
#1745=ORIENTED_EDGE('',*,*,#1308,.F.);
#1746=ORIENTED_EDGE('',*,*,#1309,.T.);
#1747=ORIENTED_EDGE('',*,*,#1217,.T.);
#1748=ORIENTED_EDGE('',*,*,#1310,.T.);
#1749=ORIENTED_EDGE('',*,*,#1311,.F.);
#1750=ORIENTED_EDGE('',*,*,#1312,.F.);
#1751=ORIENTED_EDGE('',*,*,#1174,.T.);
#1752=ORIENTED_EDGE('',*,*,#1309,.F.);
#1753=ORIENTED_EDGE('',*,*,#1313,.F.);
#1754=ORIENTED_EDGE('',*,*,#1314,.F.);
#1755=ORIENTED_EDGE('',*,*,#1216,.T.);
#1756=ORIENTED_EDGE('',*,*,#1315,.F.);
#1757=ORIENTED_EDGE('',*,*,#1316,.F.);
#1758=ORIENTED_EDGE('',*,*,#1310,.F.);
#1759=ORIENTED_EDGE('',*,*,#1175,.T.);
#1760=ORIENTED_EDGE('',*,*,#1317,.T.);
#1761=ORIENTED_EDGE('',*,*,#1318,.F.);
#1762=ORIENTED_EDGE('',*,*,#1319,.F.);
#1763=ORIENTED_EDGE('',*,*,#1215,.T.);
#1764=ORIENTED_EDGE('',*,*,#1320,.F.);
#1765=ORIENTED_EDGE('',*,*,#1321,.F.);
#1766=ORIENTED_EDGE('',*,*,#1322,.T.);
#1767=ORIENTED_EDGE('',*,*,#1176,.T.);
#1768=ORIENTED_EDGE('',*,*,#1319,.T.);
#1769=ORIENTED_EDGE('',*,*,#1323,.F.);
#1770=ORIENTED_EDGE('',*,*,#1324,.T.);
#1771=ORIENTED_EDGE('',*,*,#1214,.T.);
#1772=ORIENTED_EDGE('',*,*,#1325,.T.);
#1773=ORIENTED_EDGE('',*,*,#1326,.F.);
#1774=ORIENTED_EDGE('',*,*,#1320,.T.);
#1775=ORIENTED_EDGE('',*,*,#1177,.T.);
#1776=ORIENTED_EDGE('',*,*,#1327,.F.);
#1777=ORIENTED_EDGE('',*,*,#1328,.F.);
#1778=ORIENTED_EDGE('',*,*,#1329,.F.);
#1779=ORIENTED_EDGE('',*,*,#1213,.T.);
#1780=ORIENTED_EDGE('',*,*,#1330,.F.);
#1781=ORIENTED_EDGE('',*,*,#1331,.F.);
#1782=ORIENTED_EDGE('',*,*,#1332,.F.);
#1783=ORIENTED_EDGE('',*,*,#1178,.T.);
#1784=ORIENTED_EDGE('',*,*,#1333,.T.);
#1785=ORIENTED_EDGE('',*,*,#1334,.F.);
#1786=ORIENTED_EDGE('',*,*,#1335,.T.);
#1787=ORIENTED_EDGE('',*,*,#1212,.T.);
#1788=ORIENTED_EDGE('',*,*,#1336,.T.);
#1789=ORIENTED_EDGE('',*,*,#1337,.F.);
#1790=ORIENTED_EDGE('',*,*,#1338,.T.);
#1791=ORIENTED_EDGE('',*,*,#1179,.T.);
#1792=ORIENTED_EDGE('',*,*,#1335,.F.);
#1793=ORIENTED_EDGE('',*,*,#1339,.F.);
#1794=ORIENTED_EDGE('',*,*,#1340,.F.);
#1795=ORIENTED_EDGE('',*,*,#1211,.T.);
#1796=ORIENTED_EDGE('',*,*,#1341,.F.);
#1797=ORIENTED_EDGE('',*,*,#1342,.F.);
#1798=ORIENTED_EDGE('',*,*,#1336,.F.);
#1799=ORIENTED_EDGE('',*,*,#1180,.T.);
#1800=ORIENTED_EDGE('',*,*,#1343,.T.);
#1801=ORIENTED_EDGE('',*,*,#1344,.F.);
#1802=ORIENTED_EDGE('',*,*,#1345,.T.);
#1803=ORIENTED_EDGE('',*,*,#1210,.T.);
#1804=ORIENTED_EDGE('',*,*,#1346,.T.);
#1805=ORIENTED_EDGE('',*,*,#1347,.F.);
#1806=ORIENTED_EDGE('',*,*,#1348,.T.);
#1807=ORIENTED_EDGE('',*,*,#1181,.T.);
#1808=ORIENTED_EDGE('',*,*,#1345,.F.);
#1809=ORIENTED_EDGE('',*,*,#1349,.F.);
#1810=ORIENTED_EDGE('',*,*,#1350,.T.);
#1811=ORIENTED_EDGE('',*,*,#1209,.T.);
#1812=ORIENTED_EDGE('',*,*,#1351,.T.);
#1813=ORIENTED_EDGE('',*,*,#1352,.F.);
#1814=ORIENTED_EDGE('',*,*,#1346,.F.);
#1815=ORIENTED_EDGE('',*,*,#1353,.T.);
#1816=ORIENTED_EDGE('',*,*,#1339,.T.);
#1817=ORIENTED_EDGE('',*,*,#1334,.T.);
#1818=ORIENTED_EDGE('',*,*,#1354,.T.);
#1819=ORIENTED_EDGE('',*,*,#1338,.F.);
#1820=ORIENTED_EDGE('',*,*,#1355,.F.);
#1821=ORIENTED_EDGE('',*,*,#1356,.F.);
#1822=ORIENTED_EDGE('',*,*,#1354,.F.);
#1823=ORIENTED_EDGE('',*,*,#1333,.F.);
#1824=ORIENTED_EDGE('',*,*,#1357,.F.);
#1825=ORIENTED_EDGE('',*,*,#1356,.T.);
#1826=ORIENTED_EDGE('',*,*,#1358,.F.);
#1827=ORIENTED_EDGE('',*,*,#1341,.T.);
#1828=ORIENTED_EDGE('',*,*,#1359,.T.);
#1829=ORIENTED_EDGE('',*,*,#1340,.T.);
#1830=ORIENTED_EDGE('',*,*,#1353,.F.);
#1831=ORIENTED_EDGE('',*,*,#1358,.T.);
#1832=ORIENTED_EDGE('',*,*,#1355,.T.);
#1833=ORIENTED_EDGE('',*,*,#1337,.T.);
#1834=ORIENTED_EDGE('',*,*,#1342,.T.);
#1835=ORIENTED_EDGE('',*,*,#1360,.T.);
#1836=ORIENTED_EDGE('',*,*,#1328,.T.);
#1837=ORIENTED_EDGE('',*,*,#1361,.T.);
#1838=ORIENTED_EDGE('',*,*,#1362,.T.);
#1839=ORIENTED_EDGE('',*,*,#1327,.T.);
#1840=ORIENTED_EDGE('',*,*,#1363,.T.);
#1841=ORIENTED_EDGE('',*,*,#1332,.T.);
#1842=ORIENTED_EDGE('',*,*,#1364,.F.);
#1843=ORIENTED_EDGE('',*,*,#1365,.F.);
#1844=ORIENTED_EDGE('',*,*,#1361,.F.);
#1845=ORIENTED_EDGE('',*,*,#1365,.T.);
#1846=ORIENTED_EDGE('',*,*,#1366,.F.);
#1847=ORIENTED_EDGE('',*,*,#1367,.F.);
#1848=ORIENTED_EDGE('',*,*,#1362,.F.);
#1849=ORIENTED_EDGE('',*,*,#1367,.T.);
#1850=ORIENTED_EDGE('',*,*,#1368,.F.);
#1851=ORIENTED_EDGE('',*,*,#1330,.T.);
#1852=ORIENTED_EDGE('',*,*,#1357,.T.);
#1853=ORIENTED_EDGE('',*,*,#1329,.T.);
#1854=ORIENTED_EDGE('',*,*,#1360,.F.);
#1855=ORIENTED_EDGE('',*,*,#1368,.T.);
#1856=ORIENTED_EDGE('',*,*,#1366,.T.);
#1857=ORIENTED_EDGE('',*,*,#1364,.T.);
#1858=ORIENTED_EDGE('',*,*,#1331,.T.);
#1859=ORIENTED_EDGE('',*,*,#1323,.T.);
#1860=ORIENTED_EDGE('',*,*,#1318,.T.);
#1861=ORIENTED_EDGE('',*,*,#1369,.T.);
#1862=ORIENTED_EDGE('',*,*,#1370,.T.);
#1863=ORIENTED_EDGE('',*,*,#1322,.F.);
#1864=ORIENTED_EDGE('',*,*,#1371,.F.);
#1865=ORIENTED_EDGE('',*,*,#1372,.F.);
#1866=ORIENTED_EDGE('',*,*,#1369,.F.);
#1867=ORIENTED_EDGE('',*,*,#1317,.F.);
#1868=ORIENTED_EDGE('',*,*,#1373,.F.);
#1869=ORIENTED_EDGE('',*,*,#1372,.T.);
#1870=ORIENTED_EDGE('',*,*,#1374,.F.);
#1871=ORIENTED_EDGE('',*,*,#1325,.F.);
#1872=ORIENTED_EDGE('',*,*,#1363,.F.);
#1873=ORIENTED_EDGE('',*,*,#1324,.F.);
#1874=ORIENTED_EDGE('',*,*,#1370,.F.);
#1875=ORIENTED_EDGE('',*,*,#1326,.T.);
#1876=ORIENTED_EDGE('',*,*,#1374,.T.);
#1877=ORIENTED_EDGE('',*,*,#1371,.T.);
#1878=ORIENTED_EDGE('',*,*,#1321,.T.);
#1879=ORIENTED_EDGE('',*,*,#1375,.T.);
#1880=ORIENTED_EDGE('',*,*,#1313,.T.);
#1881=ORIENTED_EDGE('',*,*,#1308,.T.);
#1882=ORIENTED_EDGE('',*,*,#1376,.T.);
#1883=ORIENTED_EDGE('',*,*,#1307,.T.);
#1884=ORIENTED_EDGE('',*,*,#1377,.T.);
#1885=ORIENTED_EDGE('',*,*,#1312,.T.);
#1886=ORIENTED_EDGE('',*,*,#1378,.F.);
#1887=ORIENTED_EDGE('',*,*,#1379,.F.);
#1888=ORIENTED_EDGE('',*,*,#1376,.F.);
#1889=ORIENTED_EDGE('',*,*,#1379,.T.);
#1890=ORIENTED_EDGE('',*,*,#1380,.F.);
#1891=ORIENTED_EDGE('',*,*,#1315,.T.);
#1892=ORIENTED_EDGE('',*,*,#1373,.T.);
#1893=ORIENTED_EDGE('',*,*,#1314,.T.);
#1894=ORIENTED_EDGE('',*,*,#1375,.F.);
#1895=ORIENTED_EDGE('',*,*,#1380,.T.);
#1896=ORIENTED_EDGE('',*,*,#1378,.T.);
#1897=ORIENTED_EDGE('',*,*,#1311,.T.);
#1898=ORIENTED_EDGE('',*,*,#1316,.T.);
#1899=ORIENTED_EDGE('',*,*,#1344,.T.);
#1900=ORIENTED_EDGE('',*,*,#1381,.T.);
#1901=ORIENTED_EDGE('',*,*,#1382,.T.);
#1902=ORIENTED_EDGE('',*,*,#1349,.T.);
#1903=ORIENTED_EDGE('',*,*,#1348,.F.);
#1904=ORIENTED_EDGE('',*,*,#1383,.F.);
#1905=ORIENTED_EDGE('',*,*,#1384,.F.);
#1906=ORIENTED_EDGE('',*,*,#1381,.F.);
#1907=ORIENTED_EDGE('',*,*,#1343,.F.);
#1908=ORIENTED_EDGE('',*,*,#1359,.F.);
#1909=ORIENTED_EDGE('',*,*,#1384,.T.);
#1910=ORIENTED_EDGE('',*,*,#1385,.F.);
#1911=ORIENTED_EDGE('',*,*,#1351,.F.);
#1912=ORIENTED_EDGE('',*,*,#1386,.F.);
#1913=ORIENTED_EDGE('',*,*,#1350,.F.);
#1914=ORIENTED_EDGE('',*,*,#1382,.F.);
#1915=ORIENTED_EDGE('',*,*,#1347,.T.);
#1916=ORIENTED_EDGE('',*,*,#1352,.T.);
#1917=ORIENTED_EDGE('',*,*,#1385,.T.);
#1918=ORIENTED_EDGE('',*,*,#1383,.T.);
#1919=ORIENTED_EDGE('',*,*,#1183,.T.);
#1920=ORIENTED_EDGE('',*,*,#1387,.F.);
#1921=ORIENTED_EDGE('',*,*,#1388,.F.);
#1922=ORIENTED_EDGE('',*,*,#1389,.T.);
#1923=ORIENTED_EDGE('',*,*,#1207,.T.);
#1924=ORIENTED_EDGE('',*,*,#1390,.T.);
#1925=ORIENTED_EDGE('',*,*,#1391,.F.);
#1926=ORIENTED_EDGE('',*,*,#1392,.F.);
#1927=ORIENTED_EDGE('',*,*,#1184,.T.);
#1928=ORIENTED_EDGE('',*,*,#1393,.F.);
#1929=ORIENTED_EDGE('',*,*,#1394,.F.);
#1930=ORIENTED_EDGE('',*,*,#1395,.T.);
#1931=ORIENTED_EDGE('',*,*,#1206,.T.);
#1932=ORIENTED_EDGE('',*,*,#1396,.T.);
#1933=ORIENTED_EDGE('',*,*,#1397,.F.);
#1934=ORIENTED_EDGE('',*,*,#1398,.F.);
#1935=ORIENTED_EDGE('',*,*,#1185,.T.);
#1936=ORIENTED_EDGE('',*,*,#1395,.F.);
#1937=ORIENTED_EDGE('',*,*,#1399,.F.);
#1938=ORIENTED_EDGE('',*,*,#1400,.F.);
#1939=ORIENTED_EDGE('',*,*,#1205,.T.);
#1940=ORIENTED_EDGE('',*,*,#1401,.F.);
#1941=ORIENTED_EDGE('',*,*,#1402,.F.);
#1942=ORIENTED_EDGE('',*,*,#1396,.F.);
#1943=ORIENTED_EDGE('',*,*,#1186,.T.);
#1944=ORIENTED_EDGE('',*,*,#1403,.T.);
#1945=ORIENTED_EDGE('',*,*,#1404,.F.);
#1946=ORIENTED_EDGE('',*,*,#1405,.T.);
#1947=ORIENTED_EDGE('',*,*,#1204,.T.);
#1948=ORIENTED_EDGE('',*,*,#1406,.T.);
#1949=ORIENTED_EDGE('',*,*,#1407,.F.);
#1950=ORIENTED_EDGE('',*,*,#1408,.T.);
#1951=ORIENTED_EDGE('',*,*,#1187,.T.);
#1952=ORIENTED_EDGE('',*,*,#1405,.F.);
#1953=ORIENTED_EDGE('',*,*,#1409,.F.);
#1954=ORIENTED_EDGE('',*,*,#1410,.T.);
#1955=ORIENTED_EDGE('',*,*,#1203,.T.);
#1956=ORIENTED_EDGE('',*,*,#1411,.T.);
#1957=ORIENTED_EDGE('',*,*,#1412,.F.);
#1958=ORIENTED_EDGE('',*,*,#1406,.F.);
#1959=ORIENTED_EDGE('',*,*,#1188,.T.);
#1960=ORIENTED_EDGE('',*,*,#1413,.F.);
#1961=ORIENTED_EDGE('',*,*,#1414,.F.);
#1962=ORIENTED_EDGE('',*,*,#1415,.T.);
#1963=ORIENTED_EDGE('',*,*,#1202,.T.);
#1964=ORIENTED_EDGE('',*,*,#1416,.T.);
#1965=ORIENTED_EDGE('',*,*,#1417,.F.);
#1966=ORIENTED_EDGE('',*,*,#1418,.F.);
#1967=ORIENTED_EDGE('',*,*,#1167,.T.);
#1968=ORIENTED_EDGE('',*,*,#1419,.F.);
#1969=ORIENTED_EDGE('',*,*,#1420,.F.);
#1970=ORIENTED_EDGE('',*,*,#1421,.F.);
#1971=ORIENTED_EDGE('',*,*,#1201,.T.);
#1972=ORIENTED_EDGE('',*,*,#1422,.F.);
#1973=ORIENTED_EDGE('',*,*,#1423,.F.);
#1974=ORIENTED_EDGE('',*,*,#1424,.F.);
#1975=ORIENTED_EDGE('',*,*,#1168,.T.);
#1976=ORIENTED_EDGE('',*,*,#1421,.T.);
#1977=ORIENTED_EDGE('',*,*,#1425,.F.);
#1978=ORIENTED_EDGE('',*,*,#1426,.T.);
#1979=ORIENTED_EDGE('',*,*,#1222,.T.);
#1980=ORIENTED_EDGE('',*,*,#1427,.T.);
#1981=ORIENTED_EDGE('',*,*,#1428,.F.);
#1982=ORIENTED_EDGE('',*,*,#1422,.T.);
#1983=ORIENTED_EDGE('',*,*,#1169,.T.);
#1984=ORIENTED_EDGE('',*,*,#1429,.F.);
#1985=ORIENTED_EDGE('',*,*,#1430,.F.);
#1986=ORIENTED_EDGE('',*,*,#1431,.T.);
#1987=ORIENTED_EDGE('',*,*,#1221,.T.);
#1988=ORIENTED_EDGE('',*,*,#1432,.T.);
#1989=ORIENTED_EDGE('',*,*,#1433,.F.);
#1990=ORIENTED_EDGE('',*,*,#1434,.F.);
#1991=ORIENTED_EDGE('',*,*,#1171,.T.);
#1992=ORIENTED_EDGE('',*,*,#1435,.F.);
#1993=ORIENTED_EDGE('',*,*,#1436,.F.);
#1994=ORIENTED_EDGE('',*,*,#1437,.T.);
#1995=ORIENTED_EDGE('',*,*,#1170,.T.);
#1996=ORIENTED_EDGE('',*,*,#1431,.F.);
#1997=ORIENTED_EDGE('',*,*,#1438,.F.);
#1998=ORIENTED_EDGE('',*,*,#1439,.T.);
#1999=ORIENTED_EDGE('',*,*,#1440,.T.);
#2000=ORIENTED_EDGE('',*,*,#1441,.T.);
#2001=ORIENTED_EDGE('',*,*,#1388,.T.);
#2002=ORIENTED_EDGE('',*,*,#1442,.T.);
#2003=ORIENTED_EDGE('',*,*,#1443,.F.);
#2004=ORIENTED_EDGE('',*,*,#1444,.F.);
#2005=ORIENTED_EDGE('',*,*,#1390,.F.);
#2006=ORIENTED_EDGE('',*,*,#1445,.F.);
#2007=ORIENTED_EDGE('',*,*,#1389,.F.);
#2008=ORIENTED_EDGE('',*,*,#1441,.F.);
#2009=ORIENTED_EDGE('',*,*,#1387,.T.);
#2010=ORIENTED_EDGE('',*,*,#1182,.F.);
#2011=ORIENTED_EDGE('',*,*,#1386,.T.);
#2012=ORIENTED_EDGE('',*,*,#1208,.F.);
#2013=ORIENTED_EDGE('',*,*,#1392,.T.);
#2014=ORIENTED_EDGE('',*,*,#1446,.F.);
#2015=ORIENTED_EDGE('',*,*,#1447,.F.);
#2016=ORIENTED_EDGE('',*,*,#1442,.F.);
#2017=ORIENTED_EDGE('',*,*,#1447,.T.);
#2018=ORIENTED_EDGE('',*,*,#1448,.F.);
#2019=ORIENTED_EDGE('',*,*,#1443,.T.);
#2020=ORIENTED_EDGE('',*,*,#1440,.F.);
#2021=ORIENTED_EDGE('',*,*,#1448,.T.);
#2022=ORIENTED_EDGE('',*,*,#1446,.T.);
#2023=ORIENTED_EDGE('',*,*,#1391,.T.);
#2024=ORIENTED_EDGE('',*,*,#1444,.T.);
#2025=ORIENTED_EDGE('',*,*,#1449,.T.);
#2026=ORIENTED_EDGE('',*,*,#1450,.T.);
#2027=ORIENTED_EDGE('',*,*,#1399,.T.);
#2028=ORIENTED_EDGE('',*,*,#1394,.T.);
#2029=ORIENTED_EDGE('',*,*,#1451,.F.);
#2030=ORIENTED_EDGE('',*,*,#1452,.F.);
#2031=ORIENTED_EDGE('',*,*,#1401,.T.);
#2032=ORIENTED_EDGE('',*,*,#1453,.T.);
#2033=ORIENTED_EDGE('',*,*,#1400,.T.);
#2034=ORIENTED_EDGE('',*,*,#1450,.F.);
#2035=ORIENTED_EDGE('',*,*,#1393,.T.);
#2036=ORIENTED_EDGE('',*,*,#1445,.T.);
#2037=ORIENTED_EDGE('',*,*,#1398,.T.);
#2038=ORIENTED_EDGE('',*,*,#1454,.F.);
#2039=ORIENTED_EDGE('',*,*,#1451,.T.);
#2040=ORIENTED_EDGE('',*,*,#1449,.F.);
#2041=ORIENTED_EDGE('',*,*,#1454,.T.);
#2042=ORIENTED_EDGE('',*,*,#1397,.T.);
#2043=ORIENTED_EDGE('',*,*,#1402,.T.);
#2044=ORIENTED_EDGE('',*,*,#1452,.T.);
#2045=ORIENTED_EDGE('',*,*,#1404,.T.);
#2046=ORIENTED_EDGE('',*,*,#1455,.T.);
#2047=ORIENTED_EDGE('',*,*,#1456,.T.);
#2048=ORIENTED_EDGE('',*,*,#1409,.T.);
#2049=ORIENTED_EDGE('',*,*,#1408,.F.);
#2050=ORIENTED_EDGE('',*,*,#1457,.F.);
#2051=ORIENTED_EDGE('',*,*,#1458,.F.);
#2052=ORIENTED_EDGE('',*,*,#1455,.F.);
#2053=ORIENTED_EDGE('',*,*,#1403,.F.);
#2054=ORIENTED_EDGE('',*,*,#1453,.F.);
#2055=ORIENTED_EDGE('',*,*,#1458,.T.);
#2056=ORIENTED_EDGE('',*,*,#1459,.F.);
#2057=ORIENTED_EDGE('',*,*,#1411,.F.);
#2058=ORIENTED_EDGE('',*,*,#1460,.F.);
#2059=ORIENTED_EDGE('',*,*,#1410,.F.);
#2060=ORIENTED_EDGE('',*,*,#1456,.F.);
#2061=ORIENTED_EDGE('',*,*,#1407,.T.);
#2062=ORIENTED_EDGE('',*,*,#1412,.T.);
#2063=ORIENTED_EDGE('',*,*,#1459,.T.);
#2064=ORIENTED_EDGE('',*,*,#1457,.T.);
#2065=ORIENTED_EDGE('',*,*,#1461,.T.);
#2066=ORIENTED_EDGE('',*,*,#1462,.T.);
#2067=ORIENTED_EDGE('',*,*,#1463,.T.);
#2068=ORIENTED_EDGE('',*,*,#1414,.T.);
#2069=ORIENTED_EDGE('',*,*,#1464,.F.);
#2070=ORIENTED_EDGE('',*,*,#1465,.F.);
#2071=ORIENTED_EDGE('',*,*,#1466,.F.);
#2072=ORIENTED_EDGE('',*,*,#1462,.F.);
#2073=ORIENTED_EDGE('',*,*,#1466,.T.);
#2074=ORIENTED_EDGE('',*,*,#1467,.F.);
#2075=ORIENTED_EDGE('',*,*,#1416,.F.);
#2076=ORIENTED_EDGE('',*,*,#1468,.F.);
#2077=ORIENTED_EDGE('',*,*,#1415,.F.);
#2078=ORIENTED_EDGE('',*,*,#1463,.F.);
#2079=ORIENTED_EDGE('',*,*,#1413,.T.);
#2080=ORIENTED_EDGE('',*,*,#1460,.T.);
#2081=ORIENTED_EDGE('',*,*,#1418,.T.);
#2082=ORIENTED_EDGE('',*,*,#1469,.F.);
#2083=ORIENTED_EDGE('',*,*,#1464,.T.);
#2084=ORIENTED_EDGE('',*,*,#1461,.F.);
#2085=ORIENTED_EDGE('',*,*,#1469,.T.);
#2086=ORIENTED_EDGE('',*,*,#1417,.T.);
#2087=ORIENTED_EDGE('',*,*,#1467,.T.);
#2088=ORIENTED_EDGE('',*,*,#1465,.T.);
#2089=ORIENTED_EDGE('',*,*,#1425,.T.);
#2090=ORIENTED_EDGE('',*,*,#1420,.T.);
#2091=ORIENTED_EDGE('',*,*,#1470,.T.);
#2092=ORIENTED_EDGE('',*,*,#1471,.T.);
#2093=ORIENTED_EDGE('',*,*,#1419,.T.);
#2094=ORIENTED_EDGE('',*,*,#1468,.T.);
#2095=ORIENTED_EDGE('',*,*,#1424,.T.);
#2096=ORIENTED_EDGE('',*,*,#1472,.F.);
#2097=ORIENTED_EDGE('',*,*,#1473,.F.);
#2098=ORIENTED_EDGE('',*,*,#1470,.F.);
#2099=ORIENTED_EDGE('',*,*,#1473,.T.);
#2100=ORIENTED_EDGE('',*,*,#1474,.F.);
#2101=ORIENTED_EDGE('',*,*,#1427,.F.);
#2102=ORIENTED_EDGE('',*,*,#1475,.F.);
#2103=ORIENTED_EDGE('',*,*,#1426,.F.);
#2104=ORIENTED_EDGE('',*,*,#1471,.F.);
#2105=ORIENTED_EDGE('',*,*,#1428,.T.);
#2106=ORIENTED_EDGE('',*,*,#1474,.T.);
#2107=ORIENTED_EDGE('',*,*,#1472,.T.);
#2108=ORIENTED_EDGE('',*,*,#1423,.T.);
#2109=ORIENTED_EDGE('',*,*,#1476,.T.);
#2110=ORIENTED_EDGE('',*,*,#1477,.T.);
#2111=ORIENTED_EDGE('',*,*,#1438,.T.);
#2112=ORIENTED_EDGE('',*,*,#1430,.T.);
#2113=ORIENTED_EDGE('',*,*,#1478,.F.);
#2114=ORIENTED_EDGE('',*,*,#1479,.F.);
#2115=ORIENTED_EDGE('',*,*,#1480,.F.);
#2116=ORIENTED_EDGE('',*,*,#1481,.F.);
#2117=ORIENTED_EDGE('',*,*,#1439,.F.);
#2118=ORIENTED_EDGE('',*,*,#1477,.F.);
#2119=ORIENTED_EDGE('',*,*,#1220,.T.);
#2120=ORIENTED_EDGE('',*,*,#1480,.T.);
#2121=ORIENTED_EDGE('',*,*,#1482,.F.);
#2122=ORIENTED_EDGE('',*,*,#1432,.F.);
#2123=ORIENTED_EDGE('',*,*,#1429,.T.);
#2124=ORIENTED_EDGE('',*,*,#1475,.T.);
#2125=ORIENTED_EDGE('',*,*,#1434,.T.);
#2126=ORIENTED_EDGE('',*,*,#1483,.F.);
#2127=ORIENTED_EDGE('',*,*,#1478,.T.);
#2128=ORIENTED_EDGE('',*,*,#1476,.F.);
#2129=ORIENTED_EDGE('',*,*,#1483,.T.);
#2130=ORIENTED_EDGE('',*,*,#1433,.T.);
#2131=ORIENTED_EDGE('',*,*,#1482,.T.);
#2132=ORIENTED_EDGE('',*,*,#1479,.T.);
#2133=ORIENTED_EDGE('',*,*,#1484,.T.);
#2134=ORIENTED_EDGE('',*,*,#1485,.T.);
#2135=ORIENTED_EDGE('',*,*,#1486,.T.);
#2136=ORIENTED_EDGE('',*,*,#1436,.T.);
#2137=ORIENTED_EDGE('',*,*,#1487,.F.);
#2138=ORIENTED_EDGE('',*,*,#1488,.F.);
#2139=ORIENTED_EDGE('',*,*,#1489,.F.);
#2140=ORIENTED_EDGE('',*,*,#1485,.F.);
#2141=ORIENTED_EDGE('',*,*,#1489,.T.);
#2142=ORIENTED_EDGE('',*,*,#1490,.F.);
#2143=ORIENTED_EDGE('',*,*,#1491,.F.);
#2144=ORIENTED_EDGE('',*,*,#1218,.F.);
#2145=ORIENTED_EDGE('',*,*,#1377,.F.);
#2146=ORIENTED_EDGE('',*,*,#1172,.F.);
#2147=ORIENTED_EDGE('',*,*,#1437,.F.);
#2148=ORIENTED_EDGE('',*,*,#1486,.F.);
#2149=ORIENTED_EDGE('',*,*,#1219,.T.);
#2150=ORIENTED_EDGE('',*,*,#1491,.T.);
#2151=ORIENTED_EDGE('',*,*,#1492,.F.);
#2152=ORIENTED_EDGE('',*,*,#1493,.F.);
#2153=ORIENTED_EDGE('',*,*,#1435,.T.);
#2154=ORIENTED_EDGE('',*,*,#1481,.T.);
#2155=ORIENTED_EDGE('',*,*,#1493,.T.);
#2156=ORIENTED_EDGE('',*,*,#1494,.F.);
#2157=ORIENTED_EDGE('',*,*,#1487,.T.);
#2158=ORIENTED_EDGE('',*,*,#1484,.F.);
#2159=ORIENTED_EDGE('',*,*,#1494,.T.);
#2160=ORIENTED_EDGE('',*,*,#1492,.T.);
#2161=ORIENTED_EDGE('',*,*,#1490,.T.);
#2162=ORIENTED_EDGE('',*,*,#1488,.T.);
#2163=ORIENTED_EDGE('',*,*,#1495,.F.);
#2164=ORIENTED_EDGE('',*,*,#1496,.T.);
#2165=ORIENTED_EDGE('',*,*,#1497,.T.);
#2166=ORIENTED_EDGE('',*,*,#1498,.F.);
#2167=ORIENTED_EDGE('',*,*,#1499,.F.);
#2168=ORIENTED_EDGE('',*,*,#1500,.T.);
#2169=ORIENTED_EDGE('',*,*,#1501,.T.);
#2170=ORIENTED_EDGE('',*,*,#1496,.F.);
#2171=ORIENTED_EDGE('',*,*,#1502,.F.);
#2172=ORIENTED_EDGE('',*,*,#1503,.T.);
#2173=ORIENTED_EDGE('',*,*,#1504,.T.);
#2174=ORIENTED_EDGE('',*,*,#1500,.F.);
#2175=ORIENTED_EDGE('',*,*,#1505,.F.);
#2176=ORIENTED_EDGE('',*,*,#1498,.T.);
#2177=ORIENTED_EDGE('',*,*,#1506,.T.);
#2178=ORIENTED_EDGE('',*,*,#1503,.F.);
#2179=ORIENTED_EDGE('',*,*,#1505,.T.);
#2180=ORIENTED_EDGE('',*,*,#1502,.T.);
#2181=ORIENTED_EDGE('',*,*,#1499,.T.);
#2182=ORIENTED_EDGE('',*,*,#1495,.T.);
#2183=ORIENTED_EDGE('',*,*,#1506,.F.);
#2184=ORIENTED_EDGE('',*,*,#1497,.F.);
#2185=ORIENTED_EDGE('',*,*,#1501,.F.);
#2186=ORIENTED_EDGE('',*,*,#1504,.F.);
#2187=PLANE('',#2463);
#2188=PLANE('',#2464);
#2189=PLANE('',#2465);
#2190=PLANE('',#2466);
#2191=PLANE('',#2467);
#2192=PLANE('',#2468);
#2193=PLANE('',#2469);
#2194=PLANE('',#2470);
#2195=PLANE('',#2471);
#2196=PLANE('',#2472);
#2197=PLANE('',#2473);
#2198=PLANE('',#2474);
#2199=PLANE('',#2475);
#2200=PLANE('',#2476);
#2201=PLANE('',#2477);
#2202=PLANE('',#2478);
#2203=PLANE('',#2479);
#2204=PLANE('',#2480);
#2205=PLANE('',#2481);
#2206=PLANE('',#2482);
#2207=PLANE('',#2483);
#2208=PLANE('',#2484);
#2209=PLANE('',#2485);
#2210=PLANE('',#2486);
#2211=PLANE('',#2487);
#2212=PLANE('',#2488);
#2213=PLANE('',#2489);
#2214=PLANE('',#2490);
#2215=PLANE('',#2491);
#2216=PLANE('',#2492);
#2217=PLANE('',#2493);
#2218=PLANE('',#2494);
#2219=PLANE('',#2495);
#2220=PLANE('',#2496);
#2221=PLANE('',#2497);
#2222=PLANE('',#2498);
#2223=PLANE('',#2499);
#2224=PLANE('',#2500);
#2225=PLANE('',#2501);
#2226=PLANE('',#2502);
#2227=PLANE('',#2503);
#2228=PLANE('',#2504);
#2229=PLANE('',#2505);
#2230=PLANE('',#2506);
#2231=PLANE('',#2507);
#2232=PLANE('',#2508);
#2233=PLANE('',#2509);
#2234=PLANE('',#2510);
#2235=PLANE('',#2511);
#2236=PLANE('',#2512);
#2237=PLANE('',#2513);
#2238=PLANE('',#2514);
#2239=PLANE('',#2515);
#2240=PLANE('',#2516);
#2241=PLANE('',#2517);
#2242=PLANE('',#2518);
#2243=PLANE('',#2519);
#2244=PLANE('',#2520);
#2245=PLANE('',#2521);
#2246=PLANE('',#2522);
#2247=PLANE('',#2523);
#2248=PLANE('',#2524);
#2249=PLANE('',#2525);
#2250=PLANE('',#2526);
#2251=PLANE('',#2527);
#2252=PLANE('',#2528);
#2253=PLANE('',#2529);
#2254=PLANE('',#2530);
#2255=PLANE('',#2531);
#2256=PLANE('',#2532);
#2257=PLANE('',#2533);
#2258=PLANE('',#2534);
#2259=PLANE('',#2535);
#2260=PLANE('',#2536);
#2261=PLANE('',#2537);
#2262=PLANE('',#2538);
#2263=PLANE('',#2539);
#2264=PLANE('',#2540);
#2265=PLANE('',#2541);
#2266=PLANE('',#2542);
#2267=PLANE('',#2543);
#2268=PLANE('',#2544);
#2269=PLANE('',#2545);
#2270=PLANE('',#2546);
#2271=PLANE('',#2547);
#2272=PLANE('',#2548);
#2273=PLANE('',#2549);
#2274=PLANE('',#2550);
#2275=PLANE('',#2551);
#2276=PLANE('',#2552);
#2277=PLANE('',#2553);
#2278=PLANE('',#2554);
#2279=PLANE('',#2555);
#2280=PLANE('',#2556);
#2281=PLANE('',#2557);
#2282=PLANE('',#2558);
#2283=PLANE('',#2559);
#2284=PLANE('',#2560);
#2285=PLANE('',#2561);
#2286=PLANE('',#2562);
#2287=PLANE('',#2563);
#2288=PLANE('',#2564);
#2289=PLANE('',#2565);
#2290=PLANE('',#2566);
#2291=PLANE('',#2567);
#2292=PLANE('',#2568);
#2293=PLANE('',#2569);
#2294=PLANE('',#2570);
#2295=PLANE('',#2571);
#2296=PLANE('',#2572);
#2297=PLANE('',#2573);
#2298=PLANE('',#2574);
#2299=PLANE('',#2575);
#2300=PLANE('',#2576);
#2301=PLANE('',#2577);
#2302=PLANE('',#2578);
#2303=PLANE('',#2579);
#2304=PLANE('',#2580);
#2305=PLANE('',#2581);
#2306=PLANE('',#2582);
#2307=PLANE('',#2583);
#2308=PLANE('',#2584);
#2309=PLANE('',#2585);
#2310=PLANE('',#2586);
#2311=PLANE('',#2587);
#2312=PLANE('',#2588);
#2313=PLANE('',#2589);
#2314=PLANE('',#2590);
#2315=PLANE('',#2591);
#2316=PLANE('',#2592);
#2317=PLANE('',#2593);
#2318=PLANE('',#2594);
#2319=PLANE('',#2595);
#2320=PLANE('',#2596);
#2321=PLANE('',#2597);
#2322=PLANE('',#2598);
#2323=ADVANCED_FACE('',(#19,#15),#2187,.T.);
#2324=ADVANCED_FACE('',(#20,#16),#2188,.T.);
#2325=ADVANCED_FACE('',(#21),#2189,.T.);
#2326=ADVANCED_FACE('',(#22),#2190,.T.);
#2327=ADVANCED_FACE('',(#23),#2191,.T.);
#2328=ADVANCED_FACE('',(#24),#2192,.T.);
#2329=ADVANCED_FACE('',(#25),#2193,.T.);
#2330=ADVANCED_FACE('',(#26),#2194,.T.);
#2331=ADVANCED_FACE('',(#27),#2195,.T.);
#2332=ADVANCED_FACE('',(#28),#2196,.T.);
#2333=ADVANCED_FACE('',(#29),#2197,.T.);
#2334=ADVANCED_FACE('',(#30),#2198,.T.);
#2335=ADVANCED_FACE('',(#31),#2199,.T.);
#2336=ADVANCED_FACE('',(#32),#2200,.T.);
#2337=ADVANCED_FACE('',(#33),#2201,.T.);
#2338=ADVANCED_FACE('',(#34),#2202,.T.);
#2339=ADVANCED_FACE('',(#35),#2203,.T.);
#2340=ADVANCED_FACE('',(#36),#2204,.T.);
#2341=ADVANCED_FACE('',(#37),#2205,.T.);
#2342=ADVANCED_FACE('',(#38),#2206,.T.);
#2343=ADVANCED_FACE('',(#39),#2207,.T.);
#2344=ADVANCED_FACE('',(#40),#2208,.T.);
#2345=ADVANCED_FACE('',(#41),#2209,.T.);
#2346=ADVANCED_FACE('',(#42),#2210,.T.);
#2347=ADVANCED_FACE('',(#43),#2211,.T.);
#2348=ADVANCED_FACE('',(#44),#2212,.T.);
#2349=ADVANCED_FACE('',(#45,#17),#2213,.T.);
#2350=ADVANCED_FACE('',(#46),#2214,.T.);
#2351=ADVANCED_FACE('',(#47),#2215,.T.);
#2352=ADVANCED_FACE('',(#48),#2216,.T.);
#2353=ADVANCED_FACE('',(#49),#2217,.T.);
#2354=ADVANCED_FACE('',(#50),#2218,.T.);
#2355=ADVANCED_FACE('',(#51),#2219,.T.);
#2356=ADVANCED_FACE('',(#52),#2220,.T.);
#2357=ADVANCED_FACE('',(#53),#2221,.T.);
#2358=ADVANCED_FACE('',(#54),#2222,.T.);
#2359=ADVANCED_FACE('',(#55),#2223,.T.);
#2360=ADVANCED_FACE('',(#56,#18),#2224,.T.);
#2361=ADVANCED_FACE('',(#57),#2225,.T.);
#2362=ADVANCED_FACE('',(#58),#2226,.T.);
#2363=ADVANCED_FACE('',(#59),#2227,.T.);
#2364=ADVANCED_FACE('',(#60),#2228,.T.);
#2365=ADVANCED_FACE('',(#61),#2229,.T.);
#2366=ADVANCED_FACE('',(#62),#2230,.T.);
#2367=ADVANCED_FACE('',(#63),#2231,.T.);
#2368=ADVANCED_FACE('',(#64),#2232,.T.);
#2369=ADVANCED_FACE('',(#65),#2233,.T.);
#2370=ADVANCED_FACE('',(#66),#2234,.T.);
#2371=ADVANCED_FACE('',(#67),#2235,.T.);
#2372=ADVANCED_FACE('',(#68),#2236,.T.);
#2373=ADVANCED_FACE('',(#69),#2237,.T.);
#2374=ADVANCED_FACE('',(#70),#2238,.T.);
#2375=ADVANCED_FACE('',(#71),#2239,.T.);
#2376=ADVANCED_FACE('',(#72),#2240,.T.);
#2377=ADVANCED_FACE('',(#73),#2241,.T.);
#2378=ADVANCED_FACE('',(#74),#2242,.T.);
#2379=ADVANCED_FACE('',(#75),#2243,.T.);
#2380=ADVANCED_FACE('',(#76),#2244,.T.);
#2381=ADVANCED_FACE('',(#77),#2245,.T.);
#2382=ADVANCED_FACE('',(#78),#2246,.T.);
#2383=ADVANCED_FACE('',(#79),#2247,.T.);
#2384=ADVANCED_FACE('',(#80),#2248,.T.);
#2385=ADVANCED_FACE('',(#81),#2249,.T.);
#2386=ADVANCED_FACE('',(#82),#2250,.T.);
#2387=ADVANCED_FACE('',(#83),#2251,.T.);
#2388=ADVANCED_FACE('',(#84),#2252,.T.);
#2389=ADVANCED_FACE('',(#85),#2253,.T.);
#2390=ADVANCED_FACE('',(#86),#2254,.T.);
#2391=ADVANCED_FACE('',(#87),#2255,.T.);
#2392=ADVANCED_FACE('',(#88),#2256,.T.);
#2393=ADVANCED_FACE('',(#89),#2257,.T.);
#2394=ADVANCED_FACE('',(#90),#2258,.T.);
#2395=ADVANCED_FACE('',(#91),#2259,.T.);
#2396=ADVANCED_FACE('',(#92),#2260,.T.);
#2397=ADVANCED_FACE('',(#93),#2261,.T.);
#2398=ADVANCED_FACE('',(#94),#2262,.T.);
#2399=ADVANCED_FACE('',(#95),#2263,.T.);
#2400=ADVANCED_FACE('',(#96),#2264,.T.);
#2401=ADVANCED_FACE('',(#97),#2265,.T.);
#2402=ADVANCED_FACE('',(#98),#2266,.T.);
#2403=ADVANCED_FACE('',(#99),#2267,.T.);
#2404=ADVANCED_FACE('',(#100),#2268,.T.);
#2405=ADVANCED_FACE('',(#101),#2269,.T.);
#2406=ADVANCED_FACE('',(#102),#2270,.T.);
#2407=ADVANCED_FACE('',(#103),#2271,.T.);
#2408=ADVANCED_FACE('',(#104),#2272,.T.);
#2409=ADVANCED_FACE('',(#105),#2273,.T.);
#2410=ADVANCED_FACE('',(#106),#2274,.T.);
#2411=ADVANCED_FACE('',(#107),#2275,.T.);
#2412=ADVANCED_FACE('',(#108),#2276,.T.);
#2413=ADVANCED_FACE('',(#109),#2277,.T.);
#2414=ADVANCED_FACE('',(#110),#2278,.T.);
#2415=ADVANCED_FACE('',(#111),#2279,.T.);
#2416=ADVANCED_FACE('',(#112),#2280,.T.);
#2417=ADVANCED_FACE('',(#113),#2281,.T.);
#2418=ADVANCED_FACE('',(#114),#2282,.T.);
#2419=ADVANCED_FACE('',(#115),#2283,.T.);
#2420=ADVANCED_FACE('',(#116),#2284,.T.);
#2421=ADVANCED_FACE('',(#117),#2285,.T.);
#2422=ADVANCED_FACE('',(#118),#2286,.T.);
#2423=ADVANCED_FACE('',(#119),#2287,.T.);
#2424=ADVANCED_FACE('',(#120),#2288,.T.);
#2425=ADVANCED_FACE('',(#121),#2289,.T.);
#2426=ADVANCED_FACE('',(#122),#2290,.T.);
#2427=ADVANCED_FACE('',(#123),#2291,.T.);
#2428=ADVANCED_FACE('',(#124),#2292,.T.);
#2429=ADVANCED_FACE('',(#125),#2293,.T.);
#2430=ADVANCED_FACE('',(#126),#2294,.T.);
#2431=ADVANCED_FACE('',(#127),#2295,.T.);
#2432=ADVANCED_FACE('',(#128),#2296,.T.);
#2433=ADVANCED_FACE('',(#129),#2297,.T.);
#2434=ADVANCED_FACE('',(#130),#2298,.T.);
#2435=ADVANCED_FACE('',(#131),#2299,.T.);
#2436=ADVANCED_FACE('',(#132),#2300,.T.);
#2437=ADVANCED_FACE('',(#133),#2301,.T.);
#2438=ADVANCED_FACE('',(#134),#2302,.T.);
#2439=ADVANCED_FACE('',(#135),#2303,.T.);
#2440=ADVANCED_FACE('',(#136),#2304,.T.);
#2441=ADVANCED_FACE('',(#137),#2305,.T.);
#2442=ADVANCED_FACE('',(#138),#2306,.T.);
#2443=ADVANCED_FACE('',(#139),#2307,.T.);
#2444=ADVANCED_FACE('',(#140),#2308,.T.);
#2445=ADVANCED_FACE('',(#141),#2309,.T.);
#2446=ADVANCED_FACE('',(#142),#2310,.T.);
#2447=ADVANCED_FACE('',(#143),#2311,.T.);
#2448=ADVANCED_FACE('',(#144),#2312,.T.);
#2449=ADVANCED_FACE('',(#145),#2313,.T.);
#2450=ADVANCED_FACE('',(#146),#2314,.T.);
#2451=ADVANCED_FACE('',(#147),#2315,.T.);
#2452=ADVANCED_FACE('',(#148),#2316,.T.);
#2453=ADVANCED_FACE('',(#149),#2317,.F.);
#2454=ADVANCED_FACE('',(#150),#2318,.F.);
#2455=ADVANCED_FACE('',(#151),#2319,.F.);
#2456=ADVANCED_FACE('',(#152),#2320,.F.);
#2457=ADVANCED_FACE('',(#153),#2321,.F.);
#2458=ADVANCED_FACE('',(#154),#2322,.F.);
#2459=CLOSED_SHELL('',(#2323,#2324,#2325,#2326,#2327,#2328,#2329,#2330,
#2331,#2332,#2333,#2334,#2335,#2336,#2337,#2338,#2339,#2340,#2341,#2342,
#2343,#2344,#2345,#2346,#2347,#2348,#2349,#2350,#2351,#2352,#2353,#2354,
#2355,#2356,#2357,#2358,#2359,#2360,#2361,#2362,#2363,#2364,#2365,#2366,
#2367,#2368,#2369,#2370,#2371,#2372,#2373,#2374,#2375,#2376,#2377,#2378,
#2379,#2380,#2381,#2382,#2383,#2384,#2385,#2386,#2387,#2388,#2389,#2390,
#2391,#2392,#2393,#2394,#2395,#2396,#2397,#2398,#2399,#2400,#2401,#2402,
#2403,#2404,#2405,#2406,#2407,#2408,#2409,#2410,#2411,#2412,#2413,#2414,
#2415,#2416,#2417,#2418,#2419,#2420,#2421,#2422,#2423,#2424,#2425,#2426,
#2427,#2428,#2429,#2430,#2431,#2432,#2433,#2434,#2435,#2436,#2437,#2438,
#2439,#2440,#2441,#2442,#2443,#2444,#2445,#2446,#2447,#2448,#2449,#2450,
#2451,#2452));
#2460=CLOSED_SHELL('',(#2453,#2454,#2455,#2456,#2457,#2458));
#2461=BREP_WITH_VOIDS('Body23',#2459,(#14));
#2462=AXIS2_PLACEMENT_3D('',#3213,#2599,#2600);
#2463=AXIS2_PLACEMENT_3D('',#3214,#2601,#2602);
#2464=AXIS2_PLACEMENT_3D('',#3283,#2637,#2638);
#2465=AXIS2_PLACEMENT_3D('',#3352,#2673,#2674);
#2466=AXIS2_PLACEMENT_3D('',#3358,#2678,#2679);
#2467=AXIS2_PLACEMENT_3D('',#3362,#2682,#2683);
#2468=AXIS2_PLACEMENT_3D('',#3368,#2687,#2688);
#2469=AXIS2_PLACEMENT_3D('',#3372,#2691,#2692);
#2470=AXIS2_PLACEMENT_3D('',#3376,#2695,#2696);
#2471=AXIS2_PLACEMENT_3D('',#3380,#2699,#2700);
#2472=AXIS2_PLACEMENT_3D('',#3384,#2703,#2704);
#2473=AXIS2_PLACEMENT_3D('',#3388,#2707,#2708);
#2474=AXIS2_PLACEMENT_3D('',#3392,#2711,#2712);
#2475=AXIS2_PLACEMENT_3D('',#3396,#2715,#2716);
#2476=AXIS2_PLACEMENT_3D('',#3400,#2719,#2720);
#2477=AXIS2_PLACEMENT_3D('',#3404,#2723,#2724);
#2478=AXIS2_PLACEMENT_3D('',#3408,#2727,#2728);
#2479=AXIS2_PLACEMENT_3D('',#3412,#2731,#2732);
#2480=AXIS2_PLACEMENT_3D('',#3416,#2735,#2736);
#2481=AXIS2_PLACEMENT_3D('',#3420,#2739,#2740);
#2482=AXIS2_PLACEMENT_3D('',#3422,#2742,#2743);
#2483=AXIS2_PLACEMENT_3D('',#3431,#2748,#2749);
#2484=AXIS2_PLACEMENT_3D('',#3440,#2754,#2755);
#2485=AXIS2_PLACEMENT_3D('',#3446,#2759,#2760);
#2486=AXIS2_PLACEMENT_3D('',#3450,#2763,#2764);
#2487=AXIS2_PLACEMENT_3D('',#3456,#2768,#2769);
#2488=AXIS2_PLACEMENT_3D('',#3460,#2772,#2773);
#2489=AXIS2_PLACEMENT_3D('',#3462,#2775,#2776);
#2490=AXIS2_PLACEMENT_3D('',#3463,#2777,#2778);
#2491=AXIS2_PLACEMENT_3D('',#3467,#2781,#2782);
#2492=AXIS2_PLACEMENT_3D('',#3471,#2785,#2786);
#2493=AXIS2_PLACEMENT_3D('',#3473,#2788,#2789);
#2494=AXIS2_PLACEMENT_3D('',#3477,#2792,#2793);
#2495=AXIS2_PLACEMENT_3D('',#3481,#2796,#2797);
#2496=AXIS2_PLACEMENT_3D('',#3485,#2800,#2801);
#2497=AXIS2_PLACEMENT_3D('',#3489,#2804,#2805);
#2498=AXIS2_PLACEMENT_3D('',#3493,#2808,#2809);
#2499=AXIS2_PLACEMENT_3D('',#3497,#2812,#2813);
#2500=AXIS2_PLACEMENT_3D('',#3499,#2815,#2816);
#2501=AXIS2_PLACEMENT_3D('',#3500,#2817,#2818);
#2502=AXIS2_PLACEMENT_3D('',#3506,#2822,#2823);
#2503=AXIS2_PLACEMENT_3D('',#3512,#2827,#2828);
#2504=AXIS2_PLACEMENT_3D('',#3516,#2831,#2832);
#2505=AXIS2_PLACEMENT_3D('',#3520,#2835,#2836);
#2506=AXIS2_PLACEMENT_3D('',#3525,#2840,#2841);
#2507=AXIS2_PLACEMENT_3D('',#3530,#2845,#2846);
#2508=AXIS2_PLACEMENT_3D('',#3534,#2849,#2850);
#2509=AXIS2_PLACEMENT_3D('',#3538,#2853,#2854);
#2510=AXIS2_PLACEMENT_3D('',#3543,#2858,#2859);
#2511=AXIS2_PLACEMENT_3D('',#3548,#2863,#2864);
#2512=AXIS2_PLACEMENT_3D('',#3553,#2868,#2869);
#2513=AXIS2_PLACEMENT_3D('',#3558,#2873,#2874);
#2514=AXIS2_PLACEMENT_3D('',#3562,#2877,#2878);
#2515=AXIS2_PLACEMENT_3D('',#3566,#2881,#2882);
#2516=AXIS2_PLACEMENT_3D('',#3571,#2886,#2887);
#2517=AXIS2_PLACEMENT_3D('',#3576,#2891,#2892);
#2518=AXIS2_PLACEMENT_3D('',#3580,#2895,#2896);
#2519=AXIS2_PLACEMENT_3D('',#3584,#2899,#2900);
#2520=AXIS2_PLACEMENT_3D('',#3588,#2903,#2904);
#2521=AXIS2_PLACEMENT_3D('',#3593,#2908,#2909);
#2522=AXIS2_PLACEMENT_3D('',#3596,#2912,#2913);
#2523=AXIS2_PLACEMENT_3D('',#3597,#2914,#2915);
#2524=AXIS2_PLACEMENT_3D('',#3603,#2919,#2920);
#2525=AXIS2_PLACEMENT_3D('',#3608,#2924,#2925);
#2526=AXIS2_PLACEMENT_3D('',#3612,#2928,#2929);
#2527=AXIS2_PLACEMENT_3D('',#3614,#2931,#2932);
#2528=AXIS2_PLACEMENT_3D('',#3615,#2933,#2934);
#2529=AXIS2_PLACEMENT_3D('',#3619,#2937,#2938);
#2530=AXIS2_PLACEMENT_3D('',#3624,#2942,#2943);
#2531=AXIS2_PLACEMENT_3D('',#3626,#2945,#2946);
#2532=AXIS2_PLACEMENT_3D('',#3627,#2947,#2948);
#2533=AXIS2_PLACEMENT_3D('',#3631,#2951,#2952);
#2534=AXIS2_PLACEMENT_3D('',#3636,#2956,#2957);
#2535=AXIS2_PLACEMENT_3D('',#3638,#2959,#2960);
#2536=AXIS2_PLACEMENT_3D('',#3639,#2961,#2962);
#2537=AXIS2_PLACEMENT_3D('',#3643,#2965,#2966);
#2538=AXIS2_PLACEMENT_3D('',#3647,#2969,#2970);
#2539=AXIS2_PLACEMENT_3D('',#3650,#2973,#2974);
#2540=AXIS2_PLACEMENT_3D('',#3651,#2975,#2976);
#2541=AXIS2_PLACEMENT_3D('',#3657,#2980,#2981);
#2542=AXIS2_PLACEMENT_3D('',#3663,#2985,#2986);
#2543=AXIS2_PLACEMENT_3D('',#3668,#2990,#2991);
#2544=AXIS2_PLACEMENT_3D('',#3673,#2995,#2996);
#2545=AXIS2_PLACEMENT_3D('',#3677,#2999,#3000);
#2546=AXIS2_PLACEMENT_3D('',#3681,#3003,#3004);
#2547=AXIS2_PLACEMENT_3D('',#3686,#3008,#3009);
#2548=AXIS2_PLACEMENT_3D('',#3691,#3013,#3014);
#2549=AXIS2_PLACEMENT_3D('',#3695,#3017,#3018);
#2550=AXIS2_PLACEMENT_3D('',#3699,#3021,#3022);
#2551=AXIS2_PLACEMENT_3D('',#3704,#3026,#3027);
#2552=AXIS2_PLACEMENT_3D('',#3709,#3031,#3032);
#2553=AXIS2_PLACEMENT_3D('',#3714,#3036,#3037);
#2554=AXIS2_PLACEMENT_3D('',#3719,#3041,#3042);
#2555=AXIS2_PLACEMENT_3D('',#3723,#3045,#3046);
#2556=AXIS2_PLACEMENT_3D('',#3727,#3049,#3050);
#2557=AXIS2_PLACEMENT_3D('',#3732,#3054,#3055);
#2558=AXIS2_PLACEMENT_3D('',#3737,#3059,#3060);
#2559=AXIS2_PLACEMENT_3D('',#3743,#3064,#3065);
#2560=AXIS2_PLACEMENT_3D('',#3746,#3068,#3069);
#2561=AXIS2_PLACEMENT_3D('',#3752,#3073,#3074);
#2562=AXIS2_PLACEMENT_3D('',#3757,#3078,#3079);
#2563=AXIS2_PLACEMENT_3D('',#3761,#3082,#3083);
#2564=AXIS2_PLACEMENT_3D('',#3763,#3085,#3086);
#2565=AXIS2_PLACEMENT_3D('',#3764,#3087,#3088);
#2566=AXIS2_PLACEMENT_3D('',#3768,#3091,#3092);
#2567=AXIS2_PLACEMENT_3D('',#3773,#3096,#3097);
#2568=AXIS2_PLACEMENT_3D('',#3775,#3099,#3100);
#2569=AXIS2_PLACEMENT_3D('',#3776,#3101,#3102);
#2570=AXIS2_PLACEMENT_3D('',#3780,#3105,#3106);
#2571=AXIS2_PLACEMENT_3D('',#3784,#3109,#3110);
#2572=AXIS2_PLACEMENT_3D('',#3787,#3113,#3114);
#2573=AXIS2_PLACEMENT_3D('',#3788,#3115,#3116);
#2574=AXIS2_PLACEMENT_3D('',#3794,#3120,#3121);
#2575=AXIS2_PLACEMENT_3D('',#3800,#3125,#3126);
#2576=AXIS2_PLACEMENT_3D('',#3803,#3129,#3130);
#2577=AXIS2_PLACEMENT_3D('',#3805,#3132,#3133);
#2578=AXIS2_PLACEMENT_3D('',#3806,#3134,#3135);
#2579=AXIS2_PLACEMENT_3D('',#3810,#3138,#3139);
#2580=AXIS2_PLACEMENT_3D('',#3814,#3142,#3143);
#2581=AXIS2_PLACEMENT_3D('',#3817,#3146,#3147);
#2582=AXIS2_PLACEMENT_3D('',#3818,#3148,#3149);
#2583=AXIS2_PLACEMENT_3D('',#3822,#3152,#3153);
#2584=AXIS2_PLACEMENT_3D('',#3829,#3158,#3159);
#2585=AXIS2_PLACEMENT_3D('',#3831,#3161,#3162);
#2586=AXIS2_PLACEMENT_3D('',#3833,#3164,#3165);
#2587=AXIS2_PLACEMENT_3D('',#3834,#3166,#3167);
#2588=AXIS2_PLACEMENT_3D('',#3840,#3171,#3172);
#2589=AXIS2_PLACEMENT_3D('',#3846,#3176,#3177);
#2590=AXIS2_PLACEMENT_3D('',#3850,#3180,#3181);
#2591=AXIS2_PLACEMENT_3D('',#3853,#3184,#3185);
#2592=AXIS2_PLACEMENT_3D('',#3855,#3187,#3188);
#2593=AXIS2_PLACEMENT_3D('',#3856,#3189,#3190);
#2594=AXIS2_PLACEMENT_3D('',#3865,#3195,#3196);
#2595=AXIS2_PLACEMENT_3D('',#3871,#3200,#3201);
#2596=AXIS2_PLACEMENT_3D('',#3877,#3205,#3206);
#2597=AXIS2_PLACEMENT_3D('',#3880,#3209,#3210);
#2598=AXIS2_PLACEMENT_3D('',#3881,#3211,#3212);
#2599=DIRECTION('axis',(0.,0.,1.));
#2600=DIRECTION('refdir',(1.,0.,0.));
#2601=DIRECTION('center_axis',(-1.,-2.22044604925031E-16,-4.93038065763132E-32));
#2602=DIRECTION('ref_axis',(2.22044604925031E-16,-1.,-2.22044604925031E-16));
#2603=DIRECTION('',(-2.22044604925031E-16,1.,2.22044604925031E-16));
#2604=DIRECTION('',(0.,-2.22044604925031E-16,1.));
#2605=DIRECTION('',(-2.22044604925031E-16,1.,2.22044604925031E-16));
#2606=DIRECTION('',(0.,-2.22044604925031E-16,1.));
#2607=DIRECTION('',(-2.22044604925031E-16,1.,2.22044604925031E-16));
#2608=DIRECTION('',(0.,-2.22044604925031E-16,1.));
#2609=DIRECTION('',(0.,2.22044604925031E-16,-1.));
#2610=DIRECTION('',(-2.22044604925031E-16,1.,2.22044604925031E-16));
#2611=DIRECTION('',(0.,2.22044604925031E-16,-1.));
#2612=DIRECTION('',(-2.22044604925031E-16,1.,2.22044604925031E-16));
#2613=DIRECTION('',(0.,2.22044604925031E-16,-1.));
#2614=DIRECTION('',(2.22044604925031E-16,-1.,-2.22044604925031E-16));
#2615=DIRECTION('',(0.,2.22044604925031E-16,-1.));
#2616=DIRECTION('',(2.22044604925031E-16,-1.,-2.22044604925031E-16));
#2617=DIRECTION('',(0.,2.22044604925031E-16,-1.));
#2618=DIRECTION('',(0.,-2.22044604925031E-16,1.));
#2619=DIRECTION('',(2.22044604925031E-16,-1.,-2.22044604925031E-16));
#2620=DIRECTION('',(0.,-2.22044604925031E-16,1.));
#2621=DIRECTION('',(2.22044604925031E-16,-1.,-2.22044604925031E-16));
#2622=DIRECTION('',(0.,-2.22044604925031E-16,1.));
#2623=DIRECTION('',(2.22044604925031E-16,-1.,-2.22044604925031E-16));
#2624=DIRECTION('',(0.,-2.22044604925031E-16,1.));
#2625=DIRECTION('',(-2.22044604925031E-16,1.,2.22044604925031E-16));
#2626=DIRECTION('',(0.,-2.22044604925031E-16,1.));
#2627=DIRECTION('',(2.22044604925031E-16,-1.,-2.22044604925031E-16));
#2628=DIRECTION('',(0.,-2.22044604925031E-16,1.));
#2629=DIRECTION('',(2.22044604925031E-16,-1.,-2.22044604925031E-16));
#2630=DIRECTION('',(0.,2.22044604925031E-16,-1.));
#2631=DIRECTION('',(2.22044604925031E-16,-1.,-2.22044604925031E-16));
#2632=DIRECTION('',(0.,2.22044604925031E-16,-1.));
#2633=DIRECTION('',(-2.22044604925031E-16,1.,2.22044604925031E-16));
#2634=DIRECTION('',(0.,2.22044604925031E-16,-1.));
#2635=DIRECTION('',(-2.22044604925031E-16,1.,2.22044604925031E-16));
#2636=DIRECTION('',(0.,-2.22044604925031E-16,1.));
#2637=DIRECTION('center_axis',(1.,2.22044604925031E-16,4.93038065763132E-32));
#2638=DIRECTION('ref_axis',(-2.22044604925031E-16,1.,2.22044604925031E-16));
#2639=DIRECTION('',(2.22044604925031E-16,-1.,-2.22044604925031E-16));
#2640=DIRECTION('',(0.,2.22044604925031E-16,-1.));
#2641=DIRECTION('',(-2.22044604925031E-16,1.,2.22044604925031E-16));
#2642=DIRECTION('',(0.,2.22044604925031E-16,-1.));
#2643=DIRECTION('',(-2.22044604925031E-16,1.,2.22044604925031E-16));
#2644=DIRECTION('',(0.,2.22044604925031E-16,-1.));
#2645=DIRECTION('',(-2.22044604925031E-16,1.,2.22044604925031E-16));
#2646=DIRECTION('',(0.,2.22044604925031E-16,-1.));
#2647=DIRECTION('',(0.,-2.22044604925031E-16,1.));
#2648=DIRECTION('',(-2.22044604925031E-16,1.,2.22044604925031E-16));
#2649=DIRECTION('',(0.,-2.22044604925031E-16,1.));
#2650=DIRECTION('',(-2.22044604925031E-16,1.,2.22044604925031E-16));
#2651=DIRECTION('',(0.,-2.22044604925031E-16,1.));
#2652=DIRECTION('',(2.22044604925031E-16,-1.,-2.22044604925031E-16));
#2653=DIRECTION('',(0.,-2.22044604925031E-16,1.));
#2654=DIRECTION('',(2.22044604925031E-16,-1.,-2.22044604925031E-16));
#2655=DIRECTION('',(0.,-2.22044604925031E-16,1.));
#2656=DIRECTION('',(0.,2.22044604925031E-16,-1.));
#2657=DIRECTION('',(2.22044604925031E-16,-1.,-2.22044604925031E-16));
#2658=DIRECTION('',(0.,2.22044604925031E-16,-1.));
#2659=DIRECTION('',(2.22044604925031E-16,-1.,-2.22044604925031E-16));
#2660=DIRECTION('',(0.,2.22044604925031E-16,-1.));
#2661=DIRECTION('',(2.22044604925031E-16,-1.,-2.22044604925031E-16));
#2662=DIRECTION('',(0.,2.22044604925031E-16,-1.));
#2663=DIRECTION('',(2.22044604925031E-16,-1.,-2.22044604925031E-16));
#2664=DIRECTION('',(0.,-2.22044604925031E-16,1.));
#2665=DIRECTION('',(2.22044604925031E-16,-1.,-2.22044604925031E-16));
#2666=DIRECTION('',(0.,-2.22044604925031E-16,1.));
#2667=DIRECTION('',(-2.22044604925031E-16,1.,2.22044604925031E-16));
#2668=DIRECTION('',(0.,-2.22044604925031E-16,1.));
#2669=DIRECTION('',(-2.22044604925031E-16,1.,2.22044604925031E-16));
#2670=DIRECTION('',(0.,2.22044604925031E-16,-1.));
#2671=DIRECTION('',(-2.22044604925031E-16,1.,2.22044604925031E-16));
#2672=DIRECTION('',(0.,2.22044604925031E-16,-1.));
#2673=DIRECTION('center_axis',(-2.22044604925031E-16,1.,2.22044604925031E-16));
#2674=DIRECTION('ref_axis',(0.,-2.22044604925031E-16,1.));
#2675=DIRECTION('',(1.,2.22044604925031E-16,4.93038065763132E-32));
#2676=DIRECTION('',(0.,2.22044604925031E-16,-1.));
#2677=DIRECTION('',(1.,2.22044604925031E-16,4.93038065763132E-32));
#2678=DIRECTION('center_axis',(0.,2.22044604925031E-16,-1.));
#2679=DIRECTION('ref_axis',(-2.22044604925031E-16,1.,2.22044604925031E-16));
#2680=DIRECTION('',(2.22044604925031E-16,-1.,-2.22044604925031E-16));
#2681=DIRECTION('',(1.,2.22044604925031E-16,4.93038065763132E-32));
#2682=DIRECTION('center_axis',(0.,2.22044604925031E-16,-1.));
#2683=DIRECTION('ref_axis',(-2.22044604925031E-16,1.,2.22044604925031E-16));
#2684=DIRECTION('',(1.,2.22044604925031E-16,4.93038065763132E-32));
#2685=DIRECTION('',(-2.22044604925031E-16,1.,2.22044604925031E-16));
#2686=DIRECTION('',(1.,2.22044604925031E-16,4.93038065763132E-32));
#2687=DIRECTION('center_axis',(0.,2.22044604925031E-16,-1.));
#2688=DIRECTION('ref_axis',(-2.22044604925031E-16,1.,2.22044604925031E-16));
#2689=DIRECTION('',(1.,2.22044604925031E-16,4.93038065763132E-32));
#2690=DIRECTION('',(2.22044604925031E-16,-1.,-2.22044604925031E-16));
#2691=DIRECTION('center_axis',(-2.22044604925031E-16,1.,2.22044604925031E-16));
#2692=DIRECTION('ref_axis',(0.,-2.22044604925031E-16,1.));
#2693=DIRECTION('',(0.,2.22044604925031E-16,-1.));
#2694=DIRECTION('',(1.,2.22044604925031E-16,4.93038065763132E-32));
#2695=DIRECTION('center_axis',(-2.22044604925031E-16,1.,2.22044604925031E-16));
#2696=DIRECTION('ref_axis',(0.,-2.22044604925031E-16,1.));
#2697=DIRECTION('',(1.,2.22044604925031E-16,4.93038065763132E-32));
#2698=DIRECTION('',(0.,-2.22044604925031E-16,1.));
#2699=DIRECTION('center_axis',(2.22044604925031E-16,-1.,-2.22044604925031E-16));
#2700=DIRECTION('ref_axis',(0.,2.22044604925031E-16,-1.));
#2701=DIRECTION('',(1.,2.22044604925031E-16,4.93038065763132E-32));
#2702=DIRECTION('',(0.,-2.22044604925031E-16,1.));
#2703=DIRECTION('center_axis',(0.,-2.22044604925031E-16,1.));
#2704=DIRECTION('ref_axis',(2.22044604925031E-16,-1.,-2.22044604925031E-16));
#2705=DIRECTION('',(-2.22044604925031E-16,1.,2.22044604925031E-16));
#2706=DIRECTION('',(1.,2.22044604925031E-16,4.93038065763132E-32));
#2707=DIRECTION('center_axis',(0.,-2.22044604925031E-16,1.));
#2708=DIRECTION('ref_axis',(2.22044604925031E-16,-1.,-2.22044604925031E-16));
#2709=DIRECTION('',(1.,2.22044604925031E-16,4.93038065763132E-32));
#2710=DIRECTION('',(2.22044604925031E-16,-1.,-2.22044604925031E-16));
#2711=DIRECTION('center_axis',(0.,2.22044604925031E-16,-1.));
#2712=DIRECTION('ref_axis',(-2.22044604925031E-16,1.,2.22044604925031E-16));
#2713=DIRECTION('',(1.,2.22044604925031E-16,4.93038065763132E-32));
#2714=DIRECTION('',(2.22044604925031E-16,-1.,-2.22044604925031E-16));
#2715=DIRECTION('center_axis',(-2.22044604925031E-16,1.,2.22044604925031E-16));
#2716=DIRECTION('ref_axis',(0.,-2.22044604925031E-16,1.));
#2717=DIRECTION('',(0.,2.22044604925031E-16,-1.));
#2718=DIRECTION('',(1.,2.22044604925031E-16,4.93038065763132E-32));
#2719=DIRECTION('center_axis',(-2.22044604925031E-16,1.,2.22044604925031E-16));
#2720=DIRECTION('ref_axis',(0.,-2.22044604925031E-16,1.));
#2721=DIRECTION('',(1.,2.22044604925031E-16,4.93038065763132E-32));
#2722=DIRECTION('',(0.,-2.22044604925031E-16,1.));
#2723=DIRECTION('center_axis',(2.22044604925031E-16,-1.,-2.22044604925031E-16));
#2724=DIRECTION('ref_axis',(0.,2.22044604925031E-16,-1.));
#2725=DIRECTION('',(1.,2.22044604925031E-16,4.93038065763132E-32));
#2726=DIRECTION('',(0.,-2.22044604925031E-16,1.));
#2727=DIRECTION('center_axis',(0.,-2.22044604925031E-16,1.));
#2728=DIRECTION('ref_axis',(2.22044604925031E-16,-1.,-2.22044604925031E-16));
#2729=DIRECTION('',(-2.22044604925031E-16,1.,2.22044604925031E-16));
#2730=DIRECTION('',(1.,2.22044604925031E-16,4.93038065763132E-32));
#2731=DIRECTION('center_axis',(0.,-2.22044604925031E-16,1.));
#2732=DIRECTION('ref_axis',(2.22044604925031E-16,-1.,-2.22044604925031E-16));
#2733=DIRECTION('',(1.,2.22044604925031E-16,4.93038065763132E-32));
#2734=DIRECTION('',(2.22044604925031E-16,-1.,-2.22044604925031E-16));
#2735=DIRECTION('center_axis',(0.,-2.22044604925031E-16,1.));
#2736=DIRECTION('ref_axis',(2.22044604925031E-16,-1.,-2.22044604925031E-16));
#2737=DIRECTION('',(-1.,-2.22044604925031E-16,-4.93038065763132E-32));
#2738=DIRECTION('',(-2.22044604925031E-16,1.,2.22044604925031E-16));
#2739=DIRECTION('center_axis',(2.22044604925031E-16,-1.,-2.22044604925031E-16));
#2740=DIRECTION('ref_axis',(0.,2.22044604925031E-16,-1.));
#2741=DIRECTION('',(0.,-2.22044604925031E-16,1.));
#2742=DIRECTION('center_axis',(-1.,-2.22044604925031E-16,-4.93038065763132E-32));
#2743=DIRECTION('ref_axis',(2.22044604925031E-16,-1.,-2.22044604925031E-16));
#2744=DIRECTION('',(-2.22044604925031E-16,1.,2.22044604925031E-16));
#2745=DIRECTION('',(0.,2.22044604925031E-16,-1.));
#2746=DIRECTION('',(2.22044604925031E-16,-1.,-2.22044604925031E-16));
#2747=DIRECTION('',(0.,-2.22044604925031E-16,1.));
#2748=DIRECTION('center_axis',(1.,2.22044604925031E-16,4.93038065763132E-32));
#2749=DIRECTION('ref_axis',(-2.22044604925031E-16,1.,2.22044604925031E-16));
#2750=DIRECTION('',(2.22044604925031E-16,-1.,-2.22044604925031E-16));
#2751=DIRECTION('',(0.,2.22044604925031E-16,-1.));
#2752=DIRECTION('',(-2.22044604925031E-16,1.,2.22044604925031E-16));
#2753=DIRECTION('',(0.,-2.22044604925031E-16,1.));
#2754=DIRECTION('center_axis',(-2.22044604925031E-16,1.,2.22044604925031E-16));
#2755=DIRECTION('ref_axis',(0.,-2.22044604925031E-16,1.));
#2756=DIRECTION('',(1.,2.22044604925031E-16,4.93038065763132E-32));
#2757=DIRECTION('',(0.,2.22044604925031E-16,-1.));
#2758=DIRECTION('',(1.,2.22044604925031E-16,4.93038065763132E-32));
#2759=DIRECTION('center_axis',(0.,2.22044604925031E-16,-1.));
#2760=DIRECTION('ref_axis',(-2.22044604925031E-16,1.,2.22044604925031E-16));
#2761=DIRECTION('',(2.22044604925031E-16,-1.,-2.22044604925031E-16));
#2762=DIRECTION('',(1.,2.22044604925031E-16,4.93038065763132E-32));
#2763=DIRECTION('center_axis',(0.,2.22044604925031E-16,-1.));
#2764=DIRECTION('ref_axis',(-2.22044604925031E-16,1.,2.22044604925031E-16));
#2765=DIRECTION('',(1.,2.22044604925031E-16,4.93038065763132E-32));
#2766=DIRECTION('',(-2.22044604925031E-16,1.,2.22044604925031E-16));
#2767=DIRECTION('',(1.,2.22044604925031E-16,4.93038065763132E-32));
#2768=DIRECTION('center_axis',(0.,-2.22044604925031E-16,1.));
#2769=DIRECTION('ref_axis',(2.22044604925031E-16,-1.,-2.22044604925031E-16));
#2770=DIRECTION('',(-1.,-2.22044604925031E-16,-4.93038065763132E-32));
#2771=DIRECTION('',(-2.22044604925031E-16,1.,2.22044604925031E-16));
#2772=DIRECTION('center_axis',(2.22044604925031E-16,-1.,-2.22044604925031E-16));
#2773=DIRECTION('ref_axis',(0.,2.22044604925031E-16,-1.));
#2774=DIRECTION('',(0.,-2.22044604925031E-16,1.));
#2775=DIRECTION('center_axis',(-1.,-2.22044604925031E-16,-4.93038065763132E-32));
#2776=DIRECTION('ref_axis',(2.22044604925031E-16,-1.,-2.22044604925031E-16));
#2777=DIRECTION('center_axis',(2.22044604925031E-16,-1.,-2.22044604925031E-16));
#2778=DIRECTION('ref_axis',(0.,2.22044604925031E-16,-1.));
#2779=DIRECTION('',(-1.,-2.22044604925031E-16,-4.93038065763132E-32));
#2780=DIRECTION('',(0.,2.22044604925031E-16,-1.));
#2781=DIRECTION('center_axis',(-2.22044604925031E-16,1.,2.22044604925031E-16));
#2782=DIRECTION('ref_axis',(0.,-2.22044604925031E-16,1.));
#2783=DIRECTION('',(0.,-2.22044604925031E-16,1.));
#2784=DIRECTION('',(1.,2.22044604925031E-16,4.93038065763132E-32));
#2785=DIRECTION('center_axis',(0.,-2.22044604925031E-16,1.));
#2786=DIRECTION('ref_axis',(2.22044604925031E-16,-1.,-2.22044604925031E-16));
#2787=DIRECTION('',(2.22044604925031E-16,-1.,-2.22044604925031E-16));
#2788=DIRECTION('center_axis',(2.22044604925031E-16,-1.,-2.22044604925031E-16));
#2789=DIRECTION('ref_axis',(0.,2.22044604925031E-16,-1.));
#2790=DIRECTION('',(-1.,-2.22044604925031E-16,-4.93038065763132E-32));
#2791=DIRECTION('',(0.,2.22044604925031E-16,-1.));
#2792=DIRECTION('center_axis',(-2.22044604925031E-16,1.,2.22044604925031E-16));
#2793=DIRECTION('ref_axis',(0.,-2.22044604925031E-16,1.));
#2794=DIRECTION('',(0.,-2.22044604925031E-16,1.));
#2795=DIRECTION('',(1.,2.22044604925031E-16,4.93038065763132E-32));
#2796=DIRECTION('center_axis',(0.,2.22044604925031E-16,-1.));
#2797=DIRECTION('ref_axis',(-2.22044604925031E-16,1.,2.22044604925031E-16));
#2798=DIRECTION('',(-2.22044604925031E-16,1.,2.22044604925031E-16));
#2799=DIRECTION('',(1.,2.22044604925031E-16,4.93038065763132E-32));
#2800=DIRECTION('center_axis',(2.22044604925031E-16,-1.,-2.22044604925031E-16));
#2801=DIRECTION('ref_axis',(0.,2.22044604925031E-16,-1.));
#2802=DIRECTION('',(0.,2.22044604925031E-16,-1.));
#2803=DIRECTION('',(1.,2.22044604925031E-16,4.93038065763132E-32));
#2804=DIRECTION('center_axis',(0.,2.22044604925031E-16,-1.));
#2805=DIRECTION('ref_axis',(-2.22044604925031E-16,1.,2.22044604925031E-16));
#2806=DIRECTION('',(-2.22044604925031E-16,1.,2.22044604925031E-16));
#2807=DIRECTION('',(1.,2.22044604925031E-16,4.93038065763132E-32));
#2808=DIRECTION('center_axis',(2.22044604925031E-16,-1.,-2.22044604925031E-16));
#2809=DIRECTION('ref_axis',(0.,2.22044604925031E-16,-1.));
#2810=DIRECTION('',(0.,2.22044604925031E-16,-1.));
#2811=DIRECTION('',(1.,2.22044604925031E-16,4.93038065763132E-32));
#2812=DIRECTION('center_axis',(0.,-2.22044604925031E-16,1.));
#2813=DIRECTION('ref_axis',(2.22044604925031E-16,-1.,-2.22044604925031E-16));
#2814=DIRECTION('',(2.22044604925031E-16,-1.,-2.22044604925031E-16));
#2815=DIRECTION('center_axis',(1.,2.22044604925031E-16,4.93038065763132E-32));
#2816=DIRECTION('ref_axis',(-2.22044604925031E-16,1.,2.22044604925031E-16));
#2817=DIRECTION('center_axis',(-2.22044604925031E-16,1.,2.22044604925031E-16));
#2818=DIRECTION('ref_axis',(0.,-2.22044604925031E-16,1.));
#2819=DIRECTION('',(1.,2.22044604925031E-16,4.93038065763132E-32));
#2820=DIRECTION('',(0.,2.22044604925031E-16,-1.));
#2821=DIRECTION('',(1.,2.22044604925031E-16,4.93038065763132E-32));
#2822=DIRECTION('center_axis',(-2.22044604925031E-16,1.,2.22044604925031E-16));
#2823=DIRECTION('ref_axis',(0.,-2.22044604925031E-16,1.));
#2824=DIRECTION('',(1.,2.22044604925031E-16,4.93038065763132E-32));
#2825=DIRECTION('',(0.,-2.22044604925031E-16,1.));
#2826=DIRECTION('',(1.,2.22044604925031E-16,4.93038065763132E-32));
#2827=DIRECTION('center_axis',(0.,-2.22044604925031E-16,1.));
#2828=DIRECTION('ref_axis',(2.22044604925031E-16,-1.,-2.22044604925031E-16));
#2829=DIRECTION('',(-2.22044604925031E-16,1.,2.22044604925031E-16));
#2830=DIRECTION('',(-1.,-2.22044604925031E-16,-4.93038065763132E-32));
#2831=DIRECTION('center_axis',(0.,-2.22044604925031E-16,1.));
#2832=DIRECTION('ref_axis',(2.22044604925031E-16,-1.,-2.22044604925031E-16));
#2833=DIRECTION('',(-1.,-2.22044604925031E-16,-4.93038065763132E-32));
#2834=DIRECTION('',(2.22044604925031E-16,-1.,-2.22044604925031E-16));
#2835=DIRECTION('center_axis',(-2.22044604925031E-16,1.,2.22044604925031E-16));
#2836=DIRECTION('ref_axis',(0.,-2.22044604925031E-16,1.));
#2837=DIRECTION('',(-1.,-2.22044604925031E-16,-4.93038065763132E-32));
#2838=DIRECTION('',(0.,2.22044604925031E-16,-1.));
#2839=DIRECTION('',(-1.,-2.22044604925031E-16,-4.93038065763132E-32));
#2840=DIRECTION('center_axis',(-2.22044604925031E-16,1.,2.22044604925031E-16));
#2841=DIRECTION('ref_axis',(0.,-2.22044604925031E-16,1.));
#2842=DIRECTION('',(-1.,-2.22044604925031E-16,-4.93038065763132E-32));
#2843=DIRECTION('',(0.,-2.22044604925031E-16,1.));
#2844=DIRECTION('',(-1.,-2.22044604925031E-16,-4.93038065763132E-32));
#2845=DIRECTION('center_axis',(0.,-2.22044604925031E-16,1.));
#2846=DIRECTION('ref_axis',(2.22044604925031E-16,-1.,-2.22044604925031E-16));
#2847=DIRECTION('',(-2.22044604925031E-16,1.,2.22044604925031E-16));
#2848=DIRECTION('',(1.,2.22044604925031E-16,4.93038065763132E-32));
#2849=DIRECTION('center_axis',(0.,-2.22044604925031E-16,1.));
#2850=DIRECTION('ref_axis',(2.22044604925031E-16,-1.,-2.22044604925031E-16));
#2851=DIRECTION('',(1.,2.22044604925031E-16,4.93038065763132E-32));
#2852=DIRECTION('',(2.22044604925031E-16,-1.,-2.22044604925031E-16));
#2853=DIRECTION('center_axis',(-2.22044604925031E-16,1.,2.22044604925031E-16));
#2854=DIRECTION('ref_axis',(0.,-2.22044604925031E-16,1.));
#2855=DIRECTION('',(1.,2.22044604925031E-16,4.93038065763132E-32));
#2856=DIRECTION('',(0.,2.22044604925031E-16,-1.));
#2857=DIRECTION('',(-1.,-2.22044604925031E-16,-4.93038065763132E-32));
#2858=DIRECTION('center_axis',(-2.22044604925031E-16,1.,2.22044604925031E-16));
#2859=DIRECTION('ref_axis',(0.,-2.22044604925031E-16,1.));
#2860=DIRECTION('',(-1.,-2.22044604925031E-16,-4.93038065763132E-32));
#2861=DIRECTION('',(0.,-2.22044604925031E-16,1.));
#2862=DIRECTION('',(1.,2.22044604925031E-16,4.93038065763132E-32));
#2863=DIRECTION('center_axis',(0.,2.22044604925031E-16,-1.));
#2864=DIRECTION('ref_axis',(-2.22044604925031E-16,1.,2.22044604925031E-16));
#2865=DIRECTION('',(-1.,-2.22044604925031E-16,-4.93038065763132E-32));
#2866=DIRECTION('',(2.22044604925031E-16,-1.,-2.22044604925031E-16));
#2867=DIRECTION('',(1.,2.22044604925031E-16,4.93038065763132E-32));
#2868=DIRECTION('center_axis',(0.,2.22044604925031E-16,-1.));
#2869=DIRECTION('ref_axis',(-2.22044604925031E-16,1.,2.22044604925031E-16));
#2870=DIRECTION('',(1.,2.22044604925031E-16,4.93038065763132E-32));
#2871=DIRECTION('',(-2.22044604925031E-16,1.,2.22044604925031E-16));
#2872=DIRECTION('',(-1.,-2.22044604925031E-16,-4.93038065763132E-32));
#2873=DIRECTION('center_axis',(-2.22044604925031E-16,1.,2.22044604925031E-16));
#2874=DIRECTION('ref_axis',(0.,-2.22044604925031E-16,1.));
#2875=DIRECTION('',(0.,2.22044604925031E-16,-1.));
#2876=DIRECTION('',(-1.,-2.22044604925031E-16,-4.93038065763132E-32));
#2877=DIRECTION('center_axis',(-2.22044604925031E-16,1.,2.22044604925031E-16));
#2878=DIRECTION('ref_axis',(0.,-2.22044604925031E-16,1.));
#2879=DIRECTION('',(-1.,-2.22044604925031E-16,-4.93038065763132E-32));
#2880=DIRECTION('',(0.,-2.22044604925031E-16,1.));
#2881=DIRECTION('center_axis',(0.,2.22044604925031E-16,-1.));
#2882=DIRECTION('ref_axis',(-2.22044604925031E-16,1.,2.22044604925031E-16));
#2883=DIRECTION('',(-1.,-2.22044604925031E-16,-4.93038065763132E-32));
#2884=DIRECTION('',(2.22044604925031E-16,-1.,-2.22044604925031E-16));
#2885=DIRECTION('',(1.,2.22044604925031E-16,4.93038065763132E-32));
#2886=DIRECTION('center_axis',(0.,2.22044604925031E-16,-1.));
#2887=DIRECTION('ref_axis',(-2.22044604925031E-16,1.,2.22044604925031E-16));
#2888=DIRECTION('',(1.,2.22044604925031E-16,4.93038065763132E-32));
#2889=DIRECTION('',(-2.22044604925031E-16,1.,2.22044604925031E-16));
#2890=DIRECTION('',(-1.,-2.22044604925031E-16,-4.93038065763132E-32));
#2891=DIRECTION('center_axis',(-2.22044604925031E-16,1.,2.22044604925031E-16));
#2892=DIRECTION('ref_axis',(0.,-2.22044604925031E-16,1.));
#2893=DIRECTION('',(0.,2.22044604925031E-16,-1.));
#2894=DIRECTION('',(1.,2.22044604925031E-16,4.93038065763132E-32));
#2895=DIRECTION('center_axis',(-2.22044604925031E-16,1.,2.22044604925031E-16));
#2896=DIRECTION('ref_axis',(0.,-2.22044604925031E-16,1.));
#2897=DIRECTION('',(1.,2.22044604925031E-16,4.93038065763132E-32));
#2898=DIRECTION('',(0.,-2.22044604925031E-16,1.));
#2899=DIRECTION('center_axis',(-1.,-2.22044604925031E-16,-4.93038065763132E-32));
#2900=DIRECTION('ref_axis',(2.22044604925031E-16,-1.,-2.22044604925031E-16));
#2901=DIRECTION('',(-2.22044604925031E-16,1.,2.22044604925031E-16));
#2902=DIRECTION('',(0.,-2.22044604925031E-16,1.));
#2903=DIRECTION('center_axis',(2.22044604925031E-16,-1.,-2.22044604925031E-16));
#2904=DIRECTION('ref_axis',(0.,2.22044604925031E-16,-1.));
#2905=DIRECTION('',(0.,2.22044604925031E-16,-1.));
#2906=DIRECTION('',(1.,2.22044604925031E-16,4.93038065763132E-32));
#2907=DIRECTION('',(-1.,-2.22044604925031E-16,-4.93038065763132E-32));
#2908=DIRECTION('center_axis',(0.,-2.22044604925031E-16,1.));
#2909=DIRECTION('ref_axis',(2.22044604925031E-16,-1.,-2.22044604925031E-16));
#2910=DIRECTION('',(2.22044604925031E-16,-1.,-2.22044604925031E-16));
#2911=DIRECTION('',(-1.,-2.22044604925031E-16,-4.93038065763132E-32));
#2912=DIRECTION('center_axis',(1.,2.22044604925031E-16,4.93038065763132E-32));
#2913=DIRECTION('ref_axis',(-2.22044604925031E-16,1.,2.22044604925031E-16));
#2914=DIRECTION('center_axis',(-1.,-2.22044604925031E-16,-4.93038065763132E-32));
#2915=DIRECTION('ref_axis',(2.22044604925031E-16,-1.,-2.22044604925031E-16));
#2916=DIRECTION('',(-2.22044604925031E-16,1.,2.22044604925031E-16));
#2917=DIRECTION('',(2.22044604925031E-16,-1.,-2.22044604925031E-16));
#2918=DIRECTION('',(0.,-2.22044604925031E-16,1.));
#2919=DIRECTION('center_axis',(0.,2.22044604925031E-16,-1.));
#2920=DIRECTION('ref_axis',(-2.22044604925031E-16,1.,2.22044604925031E-16));
#2921=DIRECTION('',(1.,2.22044604925031E-16,4.93038065763132E-32));
#2922=DIRECTION('',(-2.22044604925031E-16,1.,2.22044604925031E-16));
#2923=DIRECTION('',(1.,2.22044604925031E-16,4.93038065763132E-32));
#2924=DIRECTION('center_axis',(2.22044604925031E-16,-1.,-2.22044604925031E-16));
#2925=DIRECTION('ref_axis',(0.,2.22044604925031E-16,-1.));
#2926=DIRECTION('',(0.,2.22044604925031E-16,-1.));
#2927=DIRECTION('',(1.,2.22044604925031E-16,4.93038065763132E-32));
#2928=DIRECTION('center_axis',(0.,-2.22044604925031E-16,1.));
#2929=DIRECTION('ref_axis',(2.22044604925031E-16,-1.,-2.22044604925031E-16));
#2930=DIRECTION('',(2.22044604925031E-16,-1.,-2.22044604925031E-16));
#2931=DIRECTION('center_axis',(1.,2.22044604925031E-16,4.93038065763132E-32));
#2932=DIRECTION('ref_axis',(-2.22044604925031E-16,1.,2.22044604925031E-16));
#2933=DIRECTION('center_axis',(-1.,-2.22044604925031E-16,-4.93038065763132E-32));
#2934=DIRECTION('ref_axis',(2.22044604925031E-16,-1.,-2.22044604925031E-16));
#2935=DIRECTION('',(2.22044604925031E-16,-1.,-2.22044604925031E-16));
#2936=DIRECTION('',(0.,-2.22044604925031E-16,1.));
#2937=DIRECTION('center_axis',(0.,2.22044604925031E-16,-1.));
#2938=DIRECTION('ref_axis',(-2.22044604925031E-16,1.,2.22044604925031E-16));
#2939=DIRECTION('',(-2.22044604925031E-16,1.,2.22044604925031E-16));
#2940=DIRECTION('',(1.,2.22044604925031E-16,4.93038065763132E-32));
#2941=DIRECTION('',(-1.,-2.22044604925031E-16,-4.93038065763132E-32));
#2942=DIRECTION('center_axis',(2.22044604925031E-16,-1.,-2.22044604925031E-16));
#2943=DIRECTION('ref_axis',(0.,2.22044604925031E-16,-1.));
#2944=DIRECTION('',(0.,2.22044604925031E-16,-1.));
#2945=DIRECTION('center_axis',(1.,2.22044604925031E-16,4.93038065763132E-32));
#2946=DIRECTION('ref_axis',(-2.22044604925031E-16,1.,2.22044604925031E-16));
#2947=DIRECTION('center_axis',(-1.,-2.22044604925031E-16,-4.93038065763132E-32));
#2948=DIRECTION('ref_axis',(2.22044604925031E-16,-1.,-2.22044604925031E-16));
#2949=DIRECTION('',(0.,-2.22044604925031E-16,1.));
#2950=DIRECTION('',(2.22044604925031E-16,-1.,-2.22044604925031E-16));
#2951=DIRECTION('center_axis',(0.,2.22044604925031E-16,-1.));
#2952=DIRECTION('ref_axis',(-2.22044604925031E-16,1.,2.22044604925031E-16));
#2953=DIRECTION('',(1.,2.22044604925031E-16,4.93038065763132E-32));
#2954=DIRECTION('',(-2.22044604925031E-16,1.,2.22044604925031E-16));
#2955=DIRECTION('',(1.,2.22044604925031E-16,4.93038065763132E-32));
#2956=DIRECTION('center_axis',(2.22044604925031E-16,-1.,-2.22044604925031E-16));
#2957=DIRECTION('ref_axis',(0.,2.22044604925031E-16,-1.));
#2958=DIRECTION('',(0.,2.22044604925031E-16,-1.));
#2959=DIRECTION('center_axis',(1.,2.22044604925031E-16,4.93038065763132E-32));
#2960=DIRECTION('ref_axis',(-2.22044604925031E-16,1.,2.22044604925031E-16));
#2961=DIRECTION('center_axis',(-1.,-2.22044604925031E-16,-4.93038065763132E-32));
#2962=DIRECTION('ref_axis',(2.22044604925031E-16,-1.,-2.22044604925031E-16));
#2963=DIRECTION('',(0.,-2.22044604925031E-16,1.));
#2964=DIRECTION('',(-2.22044604925031E-16,1.,2.22044604925031E-16));
#2965=DIRECTION('center_axis',(2.22044604925031E-16,-1.,-2.22044604925031E-16));
#2966=DIRECTION('ref_axis',(0.,2.22044604925031E-16,-1.));
#2967=DIRECTION('',(0.,2.22044604925031E-16,-1.));
#2968=DIRECTION('',(1.,2.22044604925031E-16,4.93038065763132E-32));
#2969=DIRECTION('center_axis',(0.,-2.22044604925031E-16,1.));
#2970=DIRECTION('ref_axis',(2.22044604925031E-16,-1.,-2.22044604925031E-16));
#2971=DIRECTION('',(2.22044604925031E-16,-1.,-2.22044604925031E-16));
#2972=DIRECTION('',(1.,2.22044604925031E-16,4.93038065763132E-32));
#2973=DIRECTION('center_axis',(1.,2.22044604925031E-16,4.93038065763132E-32));
#2974=DIRECTION('ref_axis',(-2.22044604925031E-16,1.,2.22044604925031E-16));
#2975=DIRECTION('center_axis',(0.,2.22044604925031E-16,-1.));
#2976=DIRECTION('ref_axis',(-2.22044604925031E-16,1.,2.22044604925031E-16));
#2977=DIRECTION('',(1.,2.22044604925031E-16,4.93038065763132E-32));
#2978=DIRECTION('',(2.22044604925031E-16,-1.,-2.22044604925031E-16));
#2979=DIRECTION('',(1.,2.22044604925031E-16,4.93038065763132E-32));
#2980=DIRECTION('center_axis',(0.,2.22044604925031E-16,-1.));
#2981=DIRECTION('ref_axis',(-2.22044604925031E-16,1.,2.22044604925031E-16));
#2982=DIRECTION('',(1.,2.22044604925031E-16,4.93038065763132E-32));
#2983=DIRECTION('',(-2.22044604925031E-16,1.,2.22044604925031E-16));
#2984=DIRECTION('',(1.,2.22044604925031E-16,4.93038065763132E-32));
#2985=DIRECTION('center_axis',(2.22044604925031E-16,-1.,-2.22044604925031E-16));
#2986=DIRECTION('ref_axis',(0.,2.22044604925031E-16,-1.));
#2987=DIRECTION('',(1.,2.22044604925031E-16,4.93038065763132E-32));
#2988=DIRECTION('',(0.,-2.22044604925031E-16,1.));
#2989=DIRECTION('',(1.,2.22044604925031E-16,4.93038065763132E-32));
#2990=DIRECTION('center_axis',(2.22044604925031E-16,-1.,-2.22044604925031E-16));
#2991=DIRECTION('ref_axis',(0.,2.22044604925031E-16,-1.));
#2992=DIRECTION('',(1.,2.22044604925031E-16,4.93038065763132E-32));
#2993=DIRECTION('',(0.,2.22044604925031E-16,-1.));
#2994=DIRECTION('',(1.,2.22044604925031E-16,4.93038065763132E-32));
#2995=DIRECTION('center_axis',(0.,2.22044604925031E-16,-1.));
#2996=DIRECTION('ref_axis',(-2.22044604925031E-16,1.,2.22044604925031E-16));
#2997=DIRECTION('',(2.22044604925031E-16,-1.,-2.22044604925031E-16));
#2998=DIRECTION('',(-1.,-2.22044604925031E-16,-4.93038065763132E-32));
#2999=DIRECTION('center_axis',(0.,2.22044604925031E-16,-1.));
#3000=DIRECTION('ref_axis',(-2.22044604925031E-16,1.,2.22044604925031E-16));
#3001=DIRECTION('',(-1.,-2.22044604925031E-16,-4.93038065763132E-32));
#3002=DIRECTION('',(-2.22044604925031E-16,1.,2.22044604925031E-16));
#3003=DIRECTION('center_axis',(2.22044604925031E-16,-1.,-2.22044604925031E-16));
#3004=DIRECTION('ref_axis',(0.,2.22044604925031E-16,-1.));
#3005=DIRECTION('',(-1.,-2.22044604925031E-16,-4.93038065763132E-32));
#3006=DIRECTION('',(0.,-2.22044604925031E-16,1.));
#3007=DIRECTION('',(1.,2.22044604925031E-16,4.93038065763132E-32));
#3008=DIRECTION('center_axis',(2.22044604925031E-16,-1.,-2.22044604925031E-16));
#3009=DIRECTION('ref_axis',(0.,2.22044604925031E-16,-1.));
#3010=DIRECTION('',(1.,2.22044604925031E-16,4.93038065763132E-32));
#3011=DIRECTION('',(0.,2.22044604925031E-16,-1.));
#3012=DIRECTION('',(-1.,-2.22044604925031E-16,-4.93038065763132E-32));
#3013=DIRECTION('center_axis',(0.,2.22044604925031E-16,-1.));
#3014=DIRECTION('ref_axis',(-2.22044604925031E-16,1.,2.22044604925031E-16));
#3015=DIRECTION('',(2.22044604925031E-16,-1.,-2.22044604925031E-16));
#3016=DIRECTION('',(1.,2.22044604925031E-16,4.93038065763132E-32));
#3017=DIRECTION('center_axis',(0.,2.22044604925031E-16,-1.));
#3018=DIRECTION('ref_axis',(-2.22044604925031E-16,1.,2.22044604925031E-16));
#3019=DIRECTION('',(1.,2.22044604925031E-16,4.93038065763132E-32));
#3020=DIRECTION('',(-2.22044604925031E-16,1.,2.22044604925031E-16));
#3021=DIRECTION('center_axis',(2.22044604925031E-16,-1.,-2.22044604925031E-16));
#3022=DIRECTION('ref_axis',(0.,2.22044604925031E-16,-1.));
#3023=DIRECTION('',(1.,2.22044604925031E-16,4.93038065763132E-32));
#3024=DIRECTION('',(0.,-2.22044604925031E-16,1.));
#3025=DIRECTION('',(1.,2.22044604925031E-16,4.93038065763132E-32));
#3026=DIRECTION('center_axis',(2.22044604925031E-16,-1.,-2.22044604925031E-16));
#3027=DIRECTION('ref_axis',(0.,2.22044604925031E-16,-1.));
#3028=DIRECTION('',(1.,2.22044604925031E-16,4.93038065763132E-32));
#3029=DIRECTION('',(0.,2.22044604925031E-16,-1.));
#3030=DIRECTION('',(1.,2.22044604925031E-16,4.93038065763132E-32));
#3031=DIRECTION('center_axis',(0.,-2.22044604925031E-16,1.));
#3032=DIRECTION('ref_axis',(2.22044604925031E-16,-1.,-2.22044604925031E-16));
#3033=DIRECTION('',(1.,2.22044604925031E-16,4.93038065763132E-32));
#3034=DIRECTION('',(-2.22044604925031E-16,1.,2.22044604925031E-16));
#3035=DIRECTION('',(-1.,-2.22044604925031E-16,-4.93038065763132E-32));
#3036=DIRECTION('center_axis',(0.,-2.22044604925031E-16,1.));
#3037=DIRECTION('ref_axis',(2.22044604925031E-16,-1.,-2.22044604925031E-16));
#3038=DIRECTION('',(-1.,-2.22044604925031E-16,-4.93038065763132E-32));
#3039=DIRECTION('',(2.22044604925031E-16,-1.,-2.22044604925031E-16));
#3040=DIRECTION('',(1.,2.22044604925031E-16,4.93038065763132E-32));
#3041=DIRECTION('center_axis',(2.22044604925031E-16,-1.,-2.22044604925031E-16));
#3042=DIRECTION('ref_axis',(0.,2.22044604925031E-16,-1.));
#3043=DIRECTION('',(0.,-2.22044604925031E-16,1.));
#3044=DIRECTION('',(1.,2.22044604925031E-16,4.93038065763132E-32));
#3045=DIRECTION('center_axis',(2.22044604925031E-16,-1.,-2.22044604925031E-16));
#3046=DIRECTION('ref_axis',(0.,2.22044604925031E-16,-1.));
#3047=DIRECTION('',(1.,2.22044604925031E-16,4.93038065763132E-32));
#3048=DIRECTION('',(0.,2.22044604925031E-16,-1.));
#3049=DIRECTION('center_axis',(0.,-2.22044604925031E-16,1.));
#3050=DIRECTION('ref_axis',(2.22044604925031E-16,-1.,-2.22044604925031E-16));
#3051=DIRECTION('',(1.,2.22044604925031E-16,4.93038065763132E-32));
#3052=DIRECTION('',(-2.22044604925031E-16,1.,2.22044604925031E-16));
#3053=DIRECTION('',(1.,2.22044604925031E-16,4.93038065763132E-32));
#3054=DIRECTION('center_axis',(0.,-2.22044604925031E-16,1.));
#3055=DIRECTION('ref_axis',(2.22044604925031E-16,-1.,-2.22044604925031E-16));
#3056=DIRECTION('',(1.,2.22044604925031E-16,4.93038065763132E-32));
#3057=DIRECTION('',(2.22044604925031E-16,-1.,-2.22044604925031E-16));
#3058=DIRECTION('',(1.,2.22044604925031E-16,4.93038065763132E-32));
#3059=DIRECTION('center_axis',(0.,-2.22044604925031E-16,1.));
#3060=DIRECTION('ref_axis',(2.22044604925031E-16,-1.,-2.22044604925031E-16));
#3061=DIRECTION('',(1.,2.22044604925031E-16,4.93038065763132E-32));
#3062=DIRECTION('',(-2.22044604925031E-16,1.,2.22044604925031E-16));
#3063=DIRECTION('',(1.,2.22044604925031E-16,4.93038065763132E-32));
#3064=DIRECTION('center_axis',(2.22044604925031E-16,-1.,-2.22044604925031E-16));
#3065=DIRECTION('ref_axis',(0.,2.22044604925031E-16,-1.));
#3066=DIRECTION('',(0.,-2.22044604925031E-16,1.));
#3067=DIRECTION('',(1.,2.22044604925031E-16,4.93038065763132E-32));
#3068=DIRECTION('center_axis',(-1.,-2.22044604925031E-16,-4.93038065763132E-32));
#3069=DIRECTION('ref_axis',(2.22044604925031E-16,-1.,-2.22044604925031E-16));
#3070=DIRECTION('',(-2.22044604925031E-16,1.,2.22044604925031E-16));
#3071=DIRECTION('',(0.,2.22044604925031E-16,-1.));
#3072=DIRECTION('',(0.,-2.22044604925031E-16,1.));
#3073=DIRECTION('center_axis',(-2.22044604925031E-16,1.,2.22044604925031E-16));
#3074=DIRECTION('ref_axis',(0.,-2.22044604925031E-16,1.));
#3075=DIRECTION('',(-1.,-2.22044604925031E-16,-4.93038065763132E-32));
#3076=DIRECTION('',(0.,-2.22044604925031E-16,1.));
#3077=DIRECTION('',(1.,2.22044604925031E-16,4.93038065763132E-32));
#3078=DIRECTION('center_axis',(2.22044604925031E-16,-1.,-2.22044604925031E-16));
#3079=DIRECTION('ref_axis',(0.,2.22044604925031E-16,-1.));
#3080=DIRECTION('',(0.,2.22044604925031E-16,-1.));
#3081=DIRECTION('',(1.,2.22044604925031E-16,4.93038065763132E-32));
#3082=DIRECTION('center_axis',(0.,-2.22044604925031E-16,1.));
#3083=DIRECTION('ref_axis',(2.22044604925031E-16,-1.,-2.22044604925031E-16));
#3084=DIRECTION('',(2.22044604925031E-16,-1.,-2.22044604925031E-16));
#3085=DIRECTION('center_axis',(1.,2.22044604925031E-16,4.93038065763132E-32));
#3086=DIRECTION('ref_axis',(-2.22044604925031E-16,1.,2.22044604925031E-16));
#3087=DIRECTION('center_axis',(-1.,-2.22044604925031E-16,-4.93038065763132E-32));
#3088=DIRECTION('ref_axis',(2.22044604925031E-16,-1.,-2.22044604925031E-16));
#3089=DIRECTION('',(-2.22044604925031E-16,1.,2.22044604925031E-16));
#3090=DIRECTION('',(0.,2.22044604925031E-16,-1.));
#3091=DIRECTION('center_axis',(-2.22044604925031E-16,1.,2.22044604925031E-16));
#3092=DIRECTION('ref_axis',(0.,-2.22044604925031E-16,1.));
#3093=DIRECTION('',(-1.,-2.22044604925031E-16,-4.93038065763132E-32));
#3094=DIRECTION('',(0.,-2.22044604925031E-16,1.));
#3095=DIRECTION('',(-1.,-2.22044604925031E-16,-4.93038065763132E-32));
#3096=DIRECTION('center_axis',(0.,-2.22044604925031E-16,1.));
#3097=DIRECTION('ref_axis',(2.22044604925031E-16,-1.,-2.22044604925031E-16));
#3098=DIRECTION('',(2.22044604925031E-16,-1.,-2.22044604925031E-16));
#3099=DIRECTION('center_axis',(1.,2.22044604925031E-16,4.93038065763132E-32));
#3100=DIRECTION('ref_axis',(-2.22044604925031E-16,1.,2.22044604925031E-16));
#3101=DIRECTION('center_axis',(-1.,-2.22044604925031E-16,-4.93038065763132E-32));
#3102=DIRECTION('ref_axis',(2.22044604925031E-16,-1.,-2.22044604925031E-16));
#3103=DIRECTION('',(-2.22044604925031E-16,1.,2.22044604925031E-16));
#3104=DIRECTION('',(0.,2.22044604925031E-16,-1.));
#3105=DIRECTION('center_axis',(0.,-2.22044604925031E-16,1.));
#3106=DIRECTION('ref_axis',(2.22044604925031E-16,-1.,-2.22044604925031E-16));
#3107=DIRECTION('',(2.22044604925031E-16,-1.,-2.22044604925031E-16));
#3108=DIRECTION('',(1.,2.22044604925031E-16,4.93038065763132E-32));
#3109=DIRECTION('center_axis',(-2.22044604925031E-16,1.,2.22044604925031E-16));
#3110=DIRECTION('ref_axis',(0.,-2.22044604925031E-16,1.));
#3111=DIRECTION('',(0.,-2.22044604925031E-16,1.));
#3112=DIRECTION('',(1.,2.22044604925031E-16,4.93038065763132E-32));
#3113=DIRECTION('center_axis',(1.,2.22044604925031E-16,4.93038065763132E-32));
#3114=DIRECTION('ref_axis',(-2.22044604925031E-16,1.,2.22044604925031E-16));
#3115=DIRECTION('center_axis',(-1.,-2.22044604925031E-16,-4.93038065763132E-32));
#3116=DIRECTION('ref_axis',(2.22044604925031E-16,-1.,-2.22044604925031E-16));
#3117=DIRECTION('',(-2.22044604925031E-16,1.,2.22044604925031E-16));
#3118=DIRECTION('',(0.,2.22044604925031E-16,-1.));
#3119=DIRECTION('',(2.22044604925031E-16,-1.,-2.22044604925031E-16));
#3120=DIRECTION('center_axis',(-2.22044604925031E-16,1.,2.22044604925031E-16));
#3121=DIRECTION('ref_axis',(0.,-2.22044604925031E-16,1.));
#3122=DIRECTION('',(-1.,-2.22044604925031E-16,-4.93038065763132E-32));
#3123=DIRECTION('',(0.,-2.22044604925031E-16,1.));
#3124=DIRECTION('',(1.,2.22044604925031E-16,4.93038065763132E-32));
#3125=DIRECTION('center_axis',(0.,2.22044604925031E-16,-1.));
#3126=DIRECTION('ref_axis',(-2.22044604925031E-16,1.,2.22044604925031E-16));
#3127=DIRECTION('',(-2.22044604925031E-16,1.,2.22044604925031E-16));
#3128=DIRECTION('',(1.,2.22044604925031E-16,4.93038065763132E-32));
#3129=DIRECTION('center_axis',(0.,-2.22044604925031E-16,1.));
#3130=DIRECTION('ref_axis',(2.22044604925031E-16,-1.,-2.22044604925031E-16));
#3131=DIRECTION('',(2.22044604925031E-16,-1.,-2.22044604925031E-16));
#3132=DIRECTION('center_axis',(1.,2.22044604925031E-16,4.93038065763132E-32));
#3133=DIRECTION('ref_axis',(-2.22044604925031E-16,1.,2.22044604925031E-16));
#3134=DIRECTION('center_axis',(-1.,-2.22044604925031E-16,-4.93038065763132E-32));
#3135=DIRECTION('ref_axis',(2.22044604925031E-16,-1.,-2.22044604925031E-16));
#3136=DIRECTION('',(0.,2.22044604925031E-16,-1.));
#3137=DIRECTION('',(2.22044604925031E-16,-1.,-2.22044604925031E-16));
#3138=DIRECTION('center_axis',(-2.22044604925031E-16,1.,2.22044604925031E-16));
#3139=DIRECTION('ref_axis',(0.,-2.22044604925031E-16,1.));
#3140=DIRECTION('',(0.,-2.22044604925031E-16,1.));
#3141=DIRECTION('',(1.,2.22044604925031E-16,4.93038065763132E-32));
#3142=DIRECTION('center_axis',(0.,2.22044604925031E-16,-1.));
#3143=DIRECTION('ref_axis',(-2.22044604925031E-16,1.,2.22044604925031E-16));
#3144=DIRECTION('',(-2.22044604925031E-16,1.,2.22044604925031E-16));
#3145=DIRECTION('',(1.,2.22044604925031E-16,4.93038065763132E-32));
#3146=DIRECTION('center_axis',(1.,2.22044604925031E-16,4.93038065763132E-32));
#3147=DIRECTION('ref_axis',(-2.22044604925031E-16,1.,2.22044604925031E-16));
#3148=DIRECTION('center_axis',(-1.,-2.22044604925031E-16,-4.93038065763132E-32));
#3149=DIRECTION('ref_axis',(2.22044604925031E-16,-1.,-2.22044604925031E-16));
#3150=DIRECTION('',(0.,2.22044604925031E-16,-1.));
#3151=DIRECTION('',(2.22044604925031E-16,-1.,-2.22044604925031E-16));
#3152=DIRECTION('center_axis',(0.,2.22044604925031E-16,-1.));
#3153=DIRECTION('ref_axis',(-2.22044604925031E-16,1.,2.22044604925031E-16));
#3154=DIRECTION('',(-1.,-2.22044604925031E-16,-4.93038065763132E-32));
#3155=DIRECTION('',(-2.22044604925031E-16,1.,2.22044604925031E-16));
#3156=DIRECTION('',(1.,2.22044604925031E-16,4.93038065763132E-32));
#3157=DIRECTION('',(1.,2.22044604925031E-16,4.93038065763132E-32));
#3158=DIRECTION('center_axis',(2.22044604925031E-16,-1.,-2.22044604925031E-16));
#3159=DIRECTION('ref_axis',(0.,2.22044604925031E-16,-1.));
#3160=DIRECTION('',(0.,2.22044604925031E-16,-1.));
#3161=DIRECTION('center_axis',(-2.22044604925031E-16,1.,2.22044604925031E-16));
#3162=DIRECTION('ref_axis',(0.,-2.22044604925031E-16,1.));
#3163=DIRECTION('',(0.,-2.22044604925031E-16,1.));
#3164=DIRECTION('center_axis',(1.,2.22044604925031E-16,4.93038065763132E-32));
#3165=DIRECTION('ref_axis',(-2.22044604925031E-16,1.,2.22044604925031E-16));
#3166=DIRECTION('center_axis',(-1.,-2.22044604925031E-16,-4.93038065763132E-32));
#3167=DIRECTION('ref_axis',(2.22044604925031E-16,-1.,-2.22044604925031E-16));
#3168=DIRECTION('',(0.,2.22044604925031E-16,-1.));
#3169=DIRECTION('',(2.22044604925031E-16,-1.,-2.03540887847945E-16));
#3170=DIRECTION('',(0.,-2.22044604925031E-16,1.));
#3171=DIRECTION('center_axis',(4.1086505480261E-33,2.03540887847945E-16,
-1.));
#3172=DIRECTION('ref_axis',(-2.22044604925031E-16,1.,2.03540887847945E-16));
#3173=DIRECTION('',(-1.,-2.22044604925031E-16,-4.93038065763132E-32));
#3174=DIRECTION('',(-2.22044604925031E-16,1.,2.03540887847945E-16));
#3175=DIRECTION('',(1.,2.22044604925031E-16,4.93038065763132E-32));
#3176=DIRECTION('center_axis',(2.22044604925031E-16,-1.,-2.22044604925031E-16));
#3177=DIRECTION('ref_axis',(0.,2.22044604925031E-16,-1.));
#3178=DIRECTION('',(0.,2.22044604925031E-16,-1.));
#3179=DIRECTION('',(1.,2.22044604925031E-16,4.93038065763132E-32));
#3180=DIRECTION('center_axis',(0.,-2.22044604925031E-16,1.));
#3181=DIRECTION('ref_axis',(2.22044604925031E-16,-1.,-2.22044604925031E-16));
#3182=DIRECTION('',(2.22044604925031E-16,-1.,-2.22044604925031E-16));
#3183=DIRECTION('',(1.,2.22044604925031E-16,4.93038065763132E-32));
#3184=DIRECTION('center_axis',(-2.22044604925031E-16,1.,2.22044604925031E-16));
#3185=DIRECTION('ref_axis',(0.,-2.22044604925031E-16,1.));
#3186=DIRECTION('',(0.,-2.22044604925031E-16,1.));
#3187=DIRECTION('center_axis',(1.,2.22044604925031E-16,4.93038065763132E-32));
#3188=DIRECTION('ref_axis',(-2.22044604925031E-16,1.,2.22044604925031E-16));
#3189=DIRECTION('center_axis',(-1.,0.,0.));
#3190=DIRECTION('ref_axis',(0.,1.,0.));
#3191=DIRECTION('',(0.,1.,0.));
#3192=DIRECTION('',(0.,0.,-1.));
#3193=DIRECTION('',(0.,1.,0.));
#3194=DIRECTION('',(0.,0.,-1.));
#3195=DIRECTION('center_axis',(0.,-1.,0.));
#3196=DIRECTION('ref_axis',(-1.,0.,6.57384087684183E-31));
#3197=DIRECTION('',(-1.,0.,6.57384087684183E-31));
#3198=DIRECTION('',(0.,0.,-1.));
#3199=DIRECTION('',(-1.,0.,6.57384087684183E-31));
#3200=DIRECTION('center_axis',(1.,0.,0.));
#3201=DIRECTION('ref_axis',(0.,-1.,-3.28692043842088E-32));
#3202=DIRECTION('',(0.,-1.,-3.28692043842088E-32));
#3203=DIRECTION('',(0.,0.,-1.));
#3204=DIRECTION('',(0.,-1.,-3.28692043842088E-32));
#3205=DIRECTION('center_axis',(0.,1.,0.));
#3206=DIRECTION('ref_axis',(1.,0.,0.));
#3207=DIRECTION('',(1.,0.,0.));
#3208=DIRECTION('',(1.,0.,0.));
#3209=DIRECTION('center_axis',(6.57384087684183E-31,0.,1.));
#3210=DIRECTION('ref_axis',(-1.,0.,6.57384087684183E-31));
#3211=DIRECTION('center_axis',(0.,0.,-1.));
#3212=DIRECTION('ref_axis',(-1.,0.,0.));
#3213=CARTESIAN_POINT('',(0.,0.,0.));
#3214=CARTESIAN_POINT('Origin',(75.9999966323377,79.9998147357858,209.000056589563));
#3215=CARTESIAN_POINT('',(75.9999966323377,112.999814735786,200.));
#3216=CARTESIAN_POINT('',(75.9999966323377,118.999814735786,200.));
#3217=CARTESIAN_POINT('',(75.9999966323377,99.4998147357858,200.));
#3218=CARTESIAN_POINT('',(75.9999966323377,112.999814735786,194.));
#3219=CARTESIAN_POINT('',(75.9999966323377,112.999814735786,204.500028294782));
#3220=CARTESIAN_POINT('',(75.9999966323377,94.9998147357858,194.));
#3221=CARTESIAN_POINT('',(75.9999966323377,96.4998147357858,194.));
#3222=CARTESIAN_POINT('',(75.9999966323377,94.9998147357858,188.));
#3223=CARTESIAN_POINT('',(75.9999966323377,94.9998147357858,201.500028294782));
#3224=CARTESIAN_POINT('',(75.9999966323377,64.9998147357858,188.));
#3225=CARTESIAN_POINT('',(75.9999966323377,87.4998147357858,188.));
#3226=CARTESIAN_POINT('',(75.9999966323377,64.9998147357858,188.000113179126));
#3227=CARTESIAN_POINT('',(75.9999966323377,64.9998147357858,188.000113179126));
#3228=CARTESIAN_POINT('',(75.9999966323377,64.9998147357858,194.000056589563));
#3229=CARTESIAN_POINT('',(75.9999966323377,64.9998147357858,198.500084884345));
#3230=CARTESIAN_POINT('',(75.9999966323377,46.9998147357857,194.000056589563));
#3231=CARTESIAN_POINT('',(75.9999966323377,72.4998147357858,194.000056589563));
#3232=CARTESIAN_POINT('',(75.9999966323377,46.9998147357857,200.));
#3233=CARTESIAN_POINT('',(75.9999966323377,46.9998147357857,201.500056589563));
#3234=CARTESIAN_POINT('',(75.9999966323377,40.9998147357858,200.));
#3235=CARTESIAN_POINT('',(75.9999966323377,63.4998147357858,200.));
#3236=CARTESIAN_POINT('',(75.9999966323377,40.9998147357858,218.));
#3237=CARTESIAN_POINT('',(75.9999966323377,40.9998147357858,204.500028294782));
#3238=CARTESIAN_POINT('',(75.9999966323377,46.9998147357857,218.));
#3239=CARTESIAN_POINT('',(75.9999966323377,60.4998147357858,218.));
#3240=CARTESIAN_POINT('',(75.9999966323377,46.9998147357857,224.));
#3241=CARTESIAN_POINT('',(75.9999966323377,46.9998147357857,213.500028294782));
#3242=CARTESIAN_POINT('',(75.9999966323377,64.9998147357858,224.));
#3243=CARTESIAN_POINT('',(75.9999966323377,63.4998147357858,224.));
#3244=CARTESIAN_POINT('',(75.9999966323377,64.9998147357858,230.));
#3245=CARTESIAN_POINT('',(75.9999966323377,64.9998147357858,216.500028294782));
#3246=CARTESIAN_POINT('',(75.9999966323377,64.9998147357858,230.000113179126));
#3247=CARTESIAN_POINT('',(75.9999966323377,64.9998147357858,182.));
#3248=CARTESIAN_POINT('',(75.9999966323377,94.9998147357858,230.000113179126));
#3249=CARTESIAN_POINT('',(75.9999966323377,72.4998147357858,230.000113179126));
#3250=CARTESIAN_POINT('',(75.9999966323377,94.9998147357858,224.000056589563));
#3251=CARTESIAN_POINT('',(75.9999966323377,94.9998147357858,219.500084884345));
#3252=CARTESIAN_POINT('',(75.9999966323377,112.999814735786,224.000056589563));
#3253=CARTESIAN_POINT('',(75.9999966323377,87.4998147357858,224.000056589563));
#3254=CARTESIAN_POINT('',(75.9999966323377,112.999814735786,218.));
#3255=CARTESIAN_POINT('',(75.9999966323377,112.999814735786,216.500056589563));
#3256=CARTESIAN_POINT('',(75.9999966323377,118.999814735786,218.));
#3257=CARTESIAN_POINT('',(75.9999966323377,96.4998147357858,218.));
#3258=CARTESIAN_POINT('',(75.9999966323377,118.999814735786,213.500028294782));
#3259=CARTESIAN_POINT('',(75.9999966323377,64.9998147357858,212.000189138516));
#3260=CARTESIAN_POINT('',(75.9999966323377,70.9998112787164,212.000189138516));
#3261=CARTESIAN_POINT('',(75.9999966323377,75.4998130072511,212.000189138516));
#3262=CARTESIAN_POINT('',(75.9999966323377,64.9998147357858,206.000189049109));
#3263=CARTESIAN_POINT('',(75.9999966323377,64.9998147357858,210.50012286404));
#3264=CARTESIAN_POINT('',(75.9999966323377,70.9998112787164,206.000189049109));
#3265=CARTESIAN_POINT('',(75.9999966323377,72.4998147357858,206.000189049109));
#3266=CARTESIAN_POINT('',(75.9999966323377,70.9998113681233,200.));
#3267=CARTESIAN_POINT('',(75.9999966323377,70.9998113681233,207.500122819336));
#3268=CARTESIAN_POINT('',(75.9999966323377,88.9998113681234,200.));
#3269=CARTESIAN_POINT('',(75.9999966323377,75.4998130519546,200.));
#3270=CARTESIAN_POINT('',(75.9999966323377,88.9998115469373,206.000189049109));
#3271=CARTESIAN_POINT('',(75.9999966323377,88.9998113681234,204.500028294782));
#3272=CARTESIAN_POINT('',(75.9999966323377,94.9998116363442,206.000189049109));
#3273=CARTESIAN_POINT('',(75.9999966323377,84.4998131413615,206.000189049109));
#3274=CARTESIAN_POINT('',(75.9999966323377,94.9998116363442,212.000189138516));
#3275=CARTESIAN_POINT('',(75.9999966323377,94.9998116363442,207.500122819336));
#3276=CARTESIAN_POINT('',(75.9999966323377,88.9998115469373,212.000189138516));
#3277=CARTESIAN_POINT('',(75.9999966323377,87.499813186065,212.000189138516));
#3278=CARTESIAN_POINT('',(75.9999966323377,88.9998113681234,218.));
#3279=CARTESIAN_POINT('',(75.9999966323377,88.9998113681234,210.50012286404));
#3280=CARTESIAN_POINT('',(75.9999966323377,70.9998113681233,218.));
#3281=CARTESIAN_POINT('',(75.9999966323377,84.4998130519546,218.));
#3282=CARTESIAN_POINT('',(75.9999966323377,70.9998113681233,213.500028294782));
#3283=CARTESIAN_POINT('Origin',(83.9999966323377,79.9998147357858,209.000056589563));
#3284=CARTESIAN_POINT('',(83.9999966323377,118.999814735786,200.));
#3285=CARTESIAN_POINT('',(83.9999966323377,112.999814735786,200.));
#3286=CARTESIAN_POINT('',(83.9999966323377,99.4998147357858,200.));
#3287=CARTESIAN_POINT('',(83.9999966323377,118.999814735786,218.));
#3288=CARTESIAN_POINT('',(83.9999966323377,118.999814735786,213.500028294782));
#3289=CARTESIAN_POINT('',(83.9999966323377,112.999814735786,218.));
#3290=CARTESIAN_POINT('',(83.9999966323377,96.4998147357858,218.));
#3291=CARTESIAN_POINT('',(83.9999966323377,112.999814735786,224.000056589563));
#3292=CARTESIAN_POINT('',(83.9999966323377,112.999814735786,216.500056589563));
#3293=CARTESIAN_POINT('',(83.9999966323377,94.9998147357858,224.000056589563));
#3294=CARTESIAN_POINT('',(83.9999966323377,87.4998147357858,224.000056589563));
#3295=CARTESIAN_POINT('',(83.9999966323377,94.9998147357858,230.000113179126));
#3296=CARTESIAN_POINT('',(83.9999966323377,94.9998147357858,219.500084884345));
#3297=CARTESIAN_POINT('',(83.9999966323377,64.9998147357858,230.000113179126));
#3298=CARTESIAN_POINT('',(83.9999966323377,72.4998147357858,230.000113179126));
#3299=CARTESIAN_POINT('',(83.9999966323377,64.9998147357858,230.));
#3300=CARTESIAN_POINT('',(83.9999966323377,64.9998147357858,182.));
#3301=CARTESIAN_POINT('',(83.9999966323377,64.9998147357858,224.));
#3302=CARTESIAN_POINT('',(83.9999966323377,64.9998147357858,216.500028294782));
#3303=CARTESIAN_POINT('',(83.9999966323377,46.9998147357857,224.));
#3304=CARTESIAN_POINT('',(83.9999966323377,63.4998147357858,224.));
#3305=CARTESIAN_POINT('',(83.9999966323377,46.9998147357857,218.));
#3306=CARTESIAN_POINT('',(83.9999966323377,46.9998147357857,213.500028294782));
#3307=CARTESIAN_POINT('',(83.9999966323377,40.9998147357858,218.));
#3308=CARTESIAN_POINT('',(83.9999966323377,60.4998147357858,218.));
#3309=CARTESIAN_POINT('',(83.9999966323377,40.9998147357858,200.));
#3310=CARTESIAN_POINT('',(83.9999966323377,40.9998147357858,204.500028294782));
#3311=CARTESIAN_POINT('',(83.9999966323377,46.9998147357857,200.));
#3312=CARTESIAN_POINT('',(83.9999966323377,63.4998147357858,200.));
#3313=CARTESIAN_POINT('',(83.9999966323377,46.9998147357857,194.000056589563));
#3314=CARTESIAN_POINT('',(83.9999966323377,46.9998147357857,201.500056589563));
#3315=CARTESIAN_POINT('',(83.9999966323377,64.9998147357858,194.000056589563));
#3316=CARTESIAN_POINT('',(83.9999966323377,72.4998147357858,194.000056589563));
#3317=CARTESIAN_POINT('',(83.9999966323377,64.9998147357858,188.000113179126));
#3318=CARTESIAN_POINT('',(83.9999966323377,64.9998147357858,198.500084884345));
#3319=CARTESIAN_POINT('',(83.9999966323377,64.9998147357858,188.));
#3320=CARTESIAN_POINT('',(83.9999966323377,64.9998147357858,188.000113179126));
#3321=CARTESIAN_POINT('',(83.9999966323377,94.9998147357858,188.));
#3322=CARTESIAN_POINT('',(83.9999966323377,87.4998147357858,188.));
#3323=CARTESIAN_POINT('',(83.9999966323377,94.9998147357858,194.));
#3324=CARTESIAN_POINT('',(83.9999966323377,94.9998147357858,201.500028294782));
#3325=CARTESIAN_POINT('',(83.9999966323377,112.999814735786,194.));
#3326=CARTESIAN_POINT('',(83.9999966323377,96.4998147357858,194.));
#3327=CARTESIAN_POINT('',(83.9999966323377,112.999814735786,204.500028294782));
#3328=CARTESIAN_POINT('',(83.9999966323377,70.9998112787164,212.000189138516));
#3329=CARTESIAN_POINT('',(83.9999966323377,64.9998147357858,212.000189138516));
#3330=CARTESIAN_POINT('',(83.9999966323377,75.4998130072511,212.000189138516));
#3331=CARTESIAN_POINT('',(83.9999966323377,70.9998113681233,218.));
#3332=CARTESIAN_POINT('',(83.9999966323377,70.9998113681233,213.500028294782));
#3333=CARTESIAN_POINT('',(83.9999966323377,88.9998113681234,218.));
#3334=CARTESIAN_POINT('',(83.9999966323377,84.4998130519546,218.));
#3335=CARTESIAN_POINT('',(83.9999966323377,88.9998115469373,212.000189138516));
#3336=CARTESIAN_POINT('',(83.9999966323377,88.9998113681234,210.50012286404));
#3337=CARTESIAN_POINT('',(83.9999966323377,94.9998116363442,212.000189138516));
#3338=CARTESIAN_POINT('',(83.9999966323377,87.499813186065,212.000189138516));
#3339=CARTESIAN_POINT('',(83.9999966323377,94.9998116363442,206.000189049109));
#3340=CARTESIAN_POINT('',(83.9999966323377,94.9998116363442,207.500122819336));
#3341=CARTESIAN_POINT('',(83.9999966323377,88.9998115469373,206.000189049109));
#3342=CARTESIAN_POINT('',(83.9999966323377,84.4998131413615,206.000189049109));
#3343=CARTESIAN_POINT('',(83.9999966323377,88.9998113681234,200.));
#3344=CARTESIAN_POINT('',(83.9999966323377,88.9998113681234,204.500028294782));
#3345=CARTESIAN_POINT('',(83.9999966323377,70.9998113681233,200.));
#3346=CARTESIAN_POINT('',(83.9999966323377,75.4998130519546,200.));
#3347=CARTESIAN_POINT('',(83.9999966323377,70.9998112787164,206.000189049109));
#3348=CARTESIAN_POINT('',(83.9999966323377,70.9998113681233,207.500122819336));
#3349=CARTESIAN_POINT('',(83.9999966323377,64.9998147357858,206.000189049109));
#3350=CARTESIAN_POINT('',(83.9999966323377,72.4998147357858,206.000189049109));
#3351=CARTESIAN_POINT('',(83.9999966323377,64.9998147357858,210.50012286404));
#3352=CARTESIAN_POINT('Origin',(79.9999966323377,88.9998113681234,200.));
#3353=CARTESIAN_POINT('',(74.9999966323377,88.9998113681234,200.));
#3354=CARTESIAN_POINT('',(79.9999966323377,88.9998113681234,200.));
#3355=CARTESIAN_POINT('',(74.9999966323377,88.9998115469373,206.000189049109));
#3356=CARTESIAN_POINT('',(74.9999966323377,88.9998113681234,218.));
#3357=CARTESIAN_POINT('',(79.9999966323377,88.9998115469373,206.000189049109));
#3358=CARTESIAN_POINT('Origin',(79.9999966323377,88.9998115469373,206.000189049109));
#3359=CARTESIAN_POINT('',(74.9999966323377,94.9998116363442,206.000189049109));
#3360=CARTESIAN_POINT('',(74.9999966323377,94.9998116363442,206.000189049109));
#3361=CARTESIAN_POINT('',(79.9999966323377,94.9998116363442,206.000189049109));
#3362=CARTESIAN_POINT('Origin',(79.9999966323377,88.9998115469373,206.000189049109));
#3363=CARTESIAN_POINT('',(84.9999966323377,94.9998116363442,206.000189049109));
#3364=CARTESIAN_POINT('',(79.9999966323377,94.9998116363442,206.000189049109));
#3365=CARTESIAN_POINT('',(84.9999966323377,88.9998115469373,206.000189049109));
#3366=CARTESIAN_POINT('',(84.9999966323377,94.9998116363442,206.000189049109));
#3367=CARTESIAN_POINT('',(79.9999966323377,88.9998115469373,206.000189049109));
#3368=CARTESIAN_POINT('Origin',(79.9999966323377,70.9998113681233,200.));
#3369=CARTESIAN_POINT('',(74.9999966323377,70.9998113681233,200.));
#3370=CARTESIAN_POINT('',(79.9999966323377,70.9998113681233,200.));
#3371=CARTESIAN_POINT('',(74.9999966323377,88.9998113681234,200.));
#3372=CARTESIAN_POINT('Origin',(79.9999966323377,94.9998116363442,206.000189049109));
#3373=CARTESIAN_POINT('',(74.9999966323377,94.9998116363442,212.000189138516));
#3374=CARTESIAN_POINT('',(74.9999966323377,94.9998116363442,212.000189138516));
#3375=CARTESIAN_POINT('',(79.9999966323377,94.9998116363442,212.000189138516));
#3376=CARTESIAN_POINT('Origin',(79.9999966323377,94.9998116363442,206.000189049109));
#3377=CARTESIAN_POINT('',(84.9999966323377,94.9998116363442,212.000189138516));
#3378=CARTESIAN_POINT('',(79.9999966323377,94.9998116363442,212.000189138516));
#3379=CARTESIAN_POINT('',(84.9999966323377,94.9998116363442,212.000189138516));
#3380=CARTESIAN_POINT('Origin',(79.9999966323377,70.9998113681233,206.000189049109));
#3381=CARTESIAN_POINT('',(74.9999966323377,70.9998112787164,206.000189049109));
#3382=CARTESIAN_POINT('',(79.9999966323377,70.9998112787164,206.000189049109));
#3383=CARTESIAN_POINT('',(74.9999966323377,70.9998113681233,200.));
#3384=CARTESIAN_POINT('Origin',(79.9999966323377,94.9998116363442,212.000189138516));
#3385=CARTESIAN_POINT('',(74.9999966323377,88.9998115469373,212.000189138516));
#3386=CARTESIAN_POINT('',(74.9999966323377,88.9998115469373,212.000189138516));
#3387=CARTESIAN_POINT('',(79.9999966323377,88.9998115469373,212.000189138516));
#3388=CARTESIAN_POINT('Origin',(79.9999966323377,94.9998116363442,212.000189138516));
#3389=CARTESIAN_POINT('',(84.9999966323377,88.9998115469373,212.000189138516));
#3390=CARTESIAN_POINT('',(79.9999966323377,88.9998115469373,212.000189138516));
#3391=CARTESIAN_POINT('',(84.9999966323377,88.9998115469373,212.000189138516));
#3392=CARTESIAN_POINT('Origin',(79.9999966323377,64.9998147357858,206.000189049109));
#3393=CARTESIAN_POINT('',(74.9999966323377,64.9998147357858,206.000189049109));
#3394=CARTESIAN_POINT('',(79.9999966323377,64.9998147357858,206.000189049109));
#3395=CARTESIAN_POINT('',(74.9999966323377,64.9998147357858,206.000189049109));
#3396=CARTESIAN_POINT('Origin',(79.9999966323377,88.9998113681234,212.000189138516));
#3397=CARTESIAN_POINT('',(74.9999966323377,88.9998113681234,218.));
#3398=CARTESIAN_POINT('',(74.9999966323377,88.9998113681234,218.));
#3399=CARTESIAN_POINT('',(79.9999966323377,88.9998113681234,218.));
#3400=CARTESIAN_POINT('Origin',(79.9999966323377,88.9998113681234,212.000189138516));
#3401=CARTESIAN_POINT('',(84.9999966323377,88.9998113681234,218.));
#3402=CARTESIAN_POINT('',(79.9999966323377,88.9998113681234,218.));
#3403=CARTESIAN_POINT('',(84.9999966323377,88.9998113681234,218.));
#3404=CARTESIAN_POINT('Origin',(79.9999966323377,64.9998147357858,212.000189138516));
#3405=CARTESIAN_POINT('',(74.9999966323377,64.9998147357858,212.000189138516));
#3406=CARTESIAN_POINT('',(79.9999966323377,64.9998147357858,212.000189138516));
#3407=CARTESIAN_POINT('',(74.9999966323377,64.9998147357858,212.000189138516));
#3408=CARTESIAN_POINT('Origin',(79.9999966323377,88.9998113681234,218.));
#3409=CARTESIAN_POINT('',(74.9999966323377,70.9998113681233,218.));
#3410=CARTESIAN_POINT('',(74.9999966323377,70.9998113681233,218.));
#3411=CARTESIAN_POINT('',(79.9999966323377,70.9998113681233,218.));
#3412=CARTESIAN_POINT('Origin',(79.9999966323377,88.9998113681234,218.));
#3413=CARTESIAN_POINT('',(84.9999966323377,70.9998113681233,218.));
#3414=CARTESIAN_POINT('',(79.9999966323377,70.9998113681233,218.));
#3415=CARTESIAN_POINT('',(84.9999966323377,70.9998113681233,218.));
#3416=CARTESIAN_POINT('Origin',(79.9999966323377,70.9998112787164,212.000189138516));
#3417=CARTESIAN_POINT('',(74.9999966323377,70.9998112787164,212.000189138516));
#3418=CARTESIAN_POINT('',(79.9999966323377,70.9998112787164,212.000189138516));
#3419=CARTESIAN_POINT('',(74.9999966323377,70.9998112787164,212.000189138516));
#3420=CARTESIAN_POINT('Origin',(79.9999966323377,70.9998113681233,218.));
#3421=CARTESIAN_POINT('',(74.9999966323377,70.9998113681233,200.));
#3422=CARTESIAN_POINT('Origin',(75.9999966323377,79.9998113681233,209.));
#3423=CARTESIAN_POINT('',(75.9999966323377,76.9998113681233,206.));
#3424=CARTESIAN_POINT('',(75.9999966323377,82.9998113681233,206.));
#3425=CARTESIAN_POINT('',(75.9999966323377,81.4998113681234,206.));
#3426=CARTESIAN_POINT('',(75.9999966323377,76.9998113681233,212.));
#3427=CARTESIAN_POINT('',(75.9999966323377,76.9998113681233,207.5));
#3428=CARTESIAN_POINT('',(75.9999966323377,82.9998113681233,212.));
#3429=CARTESIAN_POINT('',(75.9999966323377,78.4998113681233,212.));
#3430=CARTESIAN_POINT('',(75.9999966323377,82.9998113681233,210.5));
#3431=CARTESIAN_POINT('Origin',(83.9999966323377,79.9998113681233,209.));
#3432=CARTESIAN_POINT('',(83.9999966323377,82.9998113681233,206.));
#3433=CARTESIAN_POINT('',(83.9999966323377,76.9998113681233,206.));
#3434=CARTESIAN_POINT('',(83.9999966323377,81.4998113681234,206.));
#3435=CARTESIAN_POINT('',(83.9999966323377,82.9998113681233,212.));
#3436=CARTESIAN_POINT('',(83.9999966323377,82.9998113681233,210.5));
#3437=CARTESIAN_POINT('',(83.9999966323377,76.9998113681233,212.));
#3438=CARTESIAN_POINT('',(83.9999966323377,78.4998113681233,212.));
#3439=CARTESIAN_POINT('',(83.9999966323377,76.9998113681233,207.5));
#3440=CARTESIAN_POINT('Origin',(79.9999966323377,76.9998113681233,206.));
#3441=CARTESIAN_POINT('',(74.9999966323377,76.9998113681233,206.));
#3442=CARTESIAN_POINT('',(79.9999966323377,76.9998113681233,206.));
#3443=CARTESIAN_POINT('',(74.9999966323377,76.9998113681233,212.));
#3444=CARTESIAN_POINT('',(74.9999966323377,76.9998113681233,206.));
#3445=CARTESIAN_POINT('',(79.9999966323377,76.9998113681233,212.));
#3446=CARTESIAN_POINT('Origin',(79.9999966323377,76.9998113681233,212.));
#3447=CARTESIAN_POINT('',(74.9999966323377,82.9998113681233,212.));
#3448=CARTESIAN_POINT('',(74.9999966323377,76.9998113681233,212.));
#3449=CARTESIAN_POINT('',(79.9999966323377,82.9998113681233,212.));
#3450=CARTESIAN_POINT('Origin',(79.9999966323377,76.9998113681233,212.));
#3451=CARTESIAN_POINT('',(84.9999966323377,82.9998113681233,212.));
#3452=CARTESIAN_POINT('',(79.9999966323377,82.9998113681233,212.));
#3453=CARTESIAN_POINT('',(84.9999966323377,76.9998113681233,212.));
#3454=CARTESIAN_POINT('',(84.9999966323377,76.9998113681233,212.));
#3455=CARTESIAN_POINT('',(79.9999966323377,76.9998113681233,212.));
#3456=CARTESIAN_POINT('Origin',(79.9999966323377,82.9998113681233,206.));
#3457=CARTESIAN_POINT('',(74.9999966323377,82.9998113681233,206.));
#3458=CARTESIAN_POINT('',(79.9999966323377,82.9998113681233,206.));
#3459=CARTESIAN_POINT('',(74.9999966323377,82.9998113681233,206.));
#3460=CARTESIAN_POINT('Origin',(79.9999966323377,82.9998113681233,212.));
#3461=CARTESIAN_POINT('',(74.9999966323377,82.9998113681233,212.));
#3462=CARTESIAN_POINT('Origin',(74.9999966323377,79.999813186065,209.));
#3463=CARTESIAN_POINT('Origin',(79.9999966323377,82.9998113681233,212.));
#3464=CARTESIAN_POINT('',(84.9999966323377,82.9998113681233,206.));
#3465=CARTESIAN_POINT('',(79.9999966323377,82.9998113681233,206.));
#3466=CARTESIAN_POINT('',(84.9999966323377,82.9998113681233,212.));
#3467=CARTESIAN_POINT('Origin',(79.9999966323377,76.9998113681233,206.));
#3468=CARTESIAN_POINT('',(84.9999966323377,76.9998113681233,206.));
#3469=CARTESIAN_POINT('',(84.9999966323377,76.9998113681233,206.));
#3470=CARTESIAN_POINT('',(79.9999966323377,76.9998113681233,206.));
#3471=CARTESIAN_POINT('Origin',(79.9999966323377,82.9998113681233,206.));
#3472=CARTESIAN_POINT('',(84.9999966323377,82.9998113681233,206.));
#3473=CARTESIAN_POINT('Origin',(79.9999966323377,70.9998113681233,218.));
#3474=CARTESIAN_POINT('',(84.9999966323377,70.9998112787164,212.000189138516));
#3475=CARTESIAN_POINT('',(79.9999966323377,70.9998112787164,212.000189138516));
#3476=CARTESIAN_POINT('',(84.9999966323377,70.9998113681233,200.));
#3477=CARTESIAN_POINT('Origin',(79.9999966323377,88.9998113681234,200.));
#3478=CARTESIAN_POINT('',(84.9999966323377,88.9998113681234,200.));
#3479=CARTESIAN_POINT('',(84.9999966323377,88.9998113681234,218.));
#3480=CARTESIAN_POINT('',(79.9999966323377,88.9998113681234,200.));
#3481=CARTESIAN_POINT('Origin',(79.9999966323377,70.9998113681233,200.));
#3482=CARTESIAN_POINT('',(84.9999966323377,70.9998113681233,200.));
#3483=CARTESIAN_POINT('',(84.9999966323377,88.9998113681234,200.));
#3484=CARTESIAN_POINT('',(79.9999966323377,70.9998113681233,200.));
#3485=CARTESIAN_POINT('Origin',(79.9999966323377,70.9998113681233,206.000189049109));
#3486=CARTESIAN_POINT('',(84.9999966323377,70.9998112787164,206.000189049109));
#3487=CARTESIAN_POINT('',(84.9999966323377,70.9998113681233,200.));
#3488=CARTESIAN_POINT('',(79.9999966323377,70.9998112787164,206.000189049109));
#3489=CARTESIAN_POINT('Origin',(79.9999966323377,64.9998147357858,206.000189049109));
#3490=CARTESIAN_POINT('',(84.9999966323377,64.9998147357858,206.000189049109));
#3491=CARTESIAN_POINT('',(84.9999966323377,64.9998147357858,206.000189049109));
#3492=CARTESIAN_POINT('',(79.9999966323377,64.9998147357858,206.000189049109));
#3493=CARTESIAN_POINT('Origin',(79.9999966323377,64.9998147357858,212.000189138516));
#3494=CARTESIAN_POINT('',(84.9999966323377,64.9998147357858,212.000189138516));
#3495=CARTESIAN_POINT('',(84.9999966323377,64.9998147357858,212.000189138516));
#3496=CARTESIAN_POINT('',(79.9999966323377,64.9998147357858,212.000189138516));
#3497=CARTESIAN_POINT('Origin',(79.9999966323377,70.9998112787164,212.000189138516));
#3498=CARTESIAN_POINT('',(84.9999966323377,70.9998112787164,212.000189138516));
#3499=CARTESIAN_POINT('Origin',(84.9999966323377,79.999813186065,209.));
#3500=CARTESIAN_POINT('Origin',(79.9999966323377,64.9998147357858,188.000113179126));
#3501=CARTESIAN_POINT('',(73.9999966323377,64.9998147357858,188.000113179126));
#3502=CARTESIAN_POINT('',(79.9999966323377,64.9998147357858,188.000113179126));
#3503=CARTESIAN_POINT('',(73.9999966323377,64.9998147357858,194.000056589563));
#3504=CARTESIAN_POINT('',(73.9999966323377,64.9998147357858,188.000113179126));
#3505=CARTESIAN_POINT('',(79.9999966323377,64.9998147357858,194.000056589563));
#3506=CARTESIAN_POINT('Origin',(79.9999966323377,64.9998147357858,188.000113179126));
#3507=CARTESIAN_POINT('',(85.9999966323377,64.9998147357858,194.000056589563));
#3508=CARTESIAN_POINT('',(79.9999966323377,64.9998147357858,194.000056589563));
#3509=CARTESIAN_POINT('',(85.9999966323377,64.9998147357858,188.000113179126));
#3510=CARTESIAN_POINT('',(85.9999966323377,64.9998147357858,188.000113179126));
#3511=CARTESIAN_POINT('',(79.9999966323377,64.9998147357858,188.000113179126));
#3512=CARTESIAN_POINT('Origin',(79.9999966323377,64.9998147357858,194.000056589563));
#3513=CARTESIAN_POINT('',(73.9999966323377,46.9998147357857,194.000056589563));
#3514=CARTESIAN_POINT('',(73.9999966323377,64.9998147357858,194.000056589563));
#3515=CARTESIAN_POINT('',(79.9999966323377,46.9998147357857,194.000056589563));
#3516=CARTESIAN_POINT('Origin',(79.9999966323377,64.9998147357858,194.000056589563));
#3517=CARTESIAN_POINT('',(85.9999966323377,46.9998147357857,194.000056589563));
#3518=CARTESIAN_POINT('',(79.9999966323377,46.9998147357857,194.000056589563));
#3519=CARTESIAN_POINT('',(85.9999966323377,64.9998147357858,194.000056589563));
#3520=CARTESIAN_POINT('Origin',(79.9999966323377,46.9998147357857,194.000056589563));
#3521=CARTESIAN_POINT('',(79.9999966323377,46.9998147357857,194.000056589563));
#3522=CARTESIAN_POINT('',(73.9999966323377,46.9998147357857,200.));
#3523=CARTESIAN_POINT('',(73.9999966323377,46.9998147357857,200.));
#3524=CARTESIAN_POINT('',(79.9999966323377,46.9998147357857,200.));
#3525=CARTESIAN_POINT('Origin',(79.9999966323377,46.9998147357857,194.000056589563));
#3526=CARTESIAN_POINT('',(85.9999966323377,46.9998147357857,200.));
#3527=CARTESIAN_POINT('',(79.9999966323377,46.9998147357857,200.));
#3528=CARTESIAN_POINT('',(85.9999966323377,46.9998147357857,200.));
#3529=CARTESIAN_POINT('',(79.9999966323377,46.9998147357857,194.000056589563));
#3530=CARTESIAN_POINT('Origin',(79.9999966323377,46.9998147357857,200.));
#3531=CARTESIAN_POINT('',(73.9999966323377,40.9998147357858,200.));
#3532=CARTESIAN_POINT('',(73.9999966323377,40.9998147357858,200.));
#3533=CARTESIAN_POINT('',(79.9999966323377,40.9998147357858,200.));
#3534=CARTESIAN_POINT('Origin',(79.9999966323377,46.9998147357857,200.));
#3535=CARTESIAN_POINT('',(85.9999966323377,40.9998147357858,200.));
#3536=CARTESIAN_POINT('',(79.9999966323377,40.9998147357858,200.));
#3537=CARTESIAN_POINT('',(85.9999966323377,40.9998147357858,200.));
#3538=CARTESIAN_POINT('Origin',(79.9999966323377,40.9998147357858,200.));
#3539=CARTESIAN_POINT('',(79.9999966323377,40.9998147357858,200.));
#3540=CARTESIAN_POINT('',(73.9999966323377,40.9998147357858,218.));
#3541=CARTESIAN_POINT('',(73.9999966323377,40.9998147357858,218.));
#3542=CARTESIAN_POINT('',(79.9999966323377,40.9998147357858,218.));
#3543=CARTESIAN_POINT('Origin',(79.9999966323377,40.9998147357858,200.));
#3544=CARTESIAN_POINT('',(85.9999966323377,40.9998147357858,218.));
#3545=CARTESIAN_POINT('',(79.9999966323377,40.9998147357858,218.));
#3546=CARTESIAN_POINT('',(85.9999966323377,40.9998147357858,218.));
#3547=CARTESIAN_POINT('',(79.9999966323377,40.9998147357858,200.));
#3548=CARTESIAN_POINT('Origin',(79.9999966323377,40.9998147357858,218.));
#3549=CARTESIAN_POINT('',(79.9999966323377,40.9998147357858,218.));
#3550=CARTESIAN_POINT('',(73.9999966323377,46.9998147357857,218.));
#3551=CARTESIAN_POINT('',(73.9999966323377,46.9998147357857,218.));
#3552=CARTESIAN_POINT('',(79.9999966323377,46.9998147357857,218.));
#3553=CARTESIAN_POINT('Origin',(79.9999966323377,40.9998147357858,218.));
#3554=CARTESIAN_POINT('',(85.9999966323377,46.9998147357857,218.));
#3555=CARTESIAN_POINT('',(79.9999966323377,46.9998147357857,218.));
#3556=CARTESIAN_POINT('',(85.9999966323377,46.9998147357857,218.));
#3557=CARTESIAN_POINT('',(79.9999966323377,40.9998147357858,218.));
#3558=CARTESIAN_POINT('Origin',(79.9999966323377,46.9998147357857,218.));
#3559=CARTESIAN_POINT('',(73.9999966323377,46.9998147357857,224.));
#3560=CARTESIAN_POINT('',(73.9999966323377,46.9998147357857,224.));
#3561=CARTESIAN_POINT('',(79.9999966323377,46.9998147357857,224.));
#3562=CARTESIAN_POINT('Origin',(79.9999966323377,46.9998147357857,218.));
#3563=CARTESIAN_POINT('',(85.9999966323377,46.9998147357857,224.));
#3564=CARTESIAN_POINT('',(79.9999966323377,46.9998147357857,224.));
#3565=CARTESIAN_POINT('',(85.9999966323377,46.9998147357857,224.));
#3566=CARTESIAN_POINT('Origin',(79.9999966323377,46.9998147357857,224.));
#3567=CARTESIAN_POINT('',(79.9999966323377,46.9998147357857,224.));
#3568=CARTESIAN_POINT('',(73.9999966323377,64.9998147357858,224.));
#3569=CARTESIAN_POINT('',(73.9999966323377,64.9998147357858,224.));
#3570=CARTESIAN_POINT('',(79.9999966323377,64.9998147357858,224.));
#3571=CARTESIAN_POINT('Origin',(79.9999966323377,46.9998147357857,224.));
#3572=CARTESIAN_POINT('',(85.9999966323377,64.9998147357858,224.));
#3573=CARTESIAN_POINT('',(79.9999966323377,64.9998147357858,224.));
#3574=CARTESIAN_POINT('',(85.9999966323377,64.9998147357858,224.));
#3575=CARTESIAN_POINT('',(79.9999966323377,46.9998147357857,224.));
#3576=CARTESIAN_POINT('Origin',(79.9999966323377,64.9998147357858,224.));
#3577=CARTESIAN_POINT('',(73.9999966323377,64.9998147357858,230.));
#3578=CARTESIAN_POINT('',(73.9999966323377,64.9998147357858,230.));
#3579=CARTESIAN_POINT('',(79.9999966323377,64.9998147357858,230.));
#3580=CARTESIAN_POINT('Origin',(79.9999966323377,64.9998147357858,224.));
#3581=CARTESIAN_POINT('',(85.9999966323377,64.9998147357858,230.));
#3582=CARTESIAN_POINT('',(79.9999966323377,64.9998147357858,230.));
#3583=CARTESIAN_POINT('',(85.9999966323377,64.9998147357858,230.));
#3584=CARTESIAN_POINT('Origin',(73.9999966323377,43.9998147357858,221.));
#3585=CARTESIAN_POINT('',(73.9999966323377,40.9998147357858,224.));
#3586=CARTESIAN_POINT('',(73.9999966323377,40.9998147357858,224.));
#3587=CARTESIAN_POINT('',(73.9999966323377,40.9998147357858,218.));
#3588=CARTESIAN_POINT('Origin',(79.9999966323377,40.9998147357858,224.));
#3589=CARTESIAN_POINT('',(85.9999966323377,40.9998147357858,224.));
#3590=CARTESIAN_POINT('',(85.9999966323377,40.9998147357858,218.));
#3591=CARTESIAN_POINT('',(79.9999966323377,40.9998147357858,224.));
#3592=CARTESIAN_POINT('',(79.9999966323377,40.9998147357858,218.));
#3593=CARTESIAN_POINT('Origin',(79.9999966323377,46.9998147357857,224.));
#3594=CARTESIAN_POINT('',(85.9999966323377,40.9998147357858,224.));
#3595=CARTESIAN_POINT('',(79.9999966323377,46.9998147357857,224.));
#3596=CARTESIAN_POINT('Origin',(85.9999966323377,43.9998147357858,221.));
#3597=CARTESIAN_POINT('Origin',(73.9999966323377,37.9998147357858,209.));
#3598=CARTESIAN_POINT('',(73.9999966323377,34.9998147357858,218.));
#3599=CARTESIAN_POINT('',(73.9999966323377,34.9998147357858,218.));
#3600=CARTESIAN_POINT('',(73.9999966323377,34.9998147357858,200.));
#3601=CARTESIAN_POINT('',(73.9999966323377,40.9998147357858,200.));
#3602=CARTESIAN_POINT('',(73.9999966323377,34.9998147357858,200.));
#3603=CARTESIAN_POINT('Origin',(79.9999966323377,34.9998147357858,200.));
#3604=CARTESIAN_POINT('',(79.9999966323377,40.9998147357858,200.));
#3605=CARTESIAN_POINT('',(85.9999966323377,34.9998147357858,200.));
#3606=CARTESIAN_POINT('',(85.9999966323377,40.9998147357858,200.));
#3607=CARTESIAN_POINT('',(79.9999966323377,34.9998147357858,200.));
#3608=CARTESIAN_POINT('Origin',(79.9999966323377,34.9998147357858,218.));
#3609=CARTESIAN_POINT('',(85.9999966323377,34.9998147357858,218.));
#3610=CARTESIAN_POINT('',(85.9999966323377,34.9998147357858,200.));
#3611=CARTESIAN_POINT('',(79.9999966323377,34.9998147357858,218.));
#3612=CARTESIAN_POINT('Origin',(79.9999966323377,40.9998147357858,218.));
#3613=CARTESIAN_POINT('',(85.9999966323377,34.9998147357858,218.));
#3614=CARTESIAN_POINT('Origin',(85.9999966323377,37.9998147357858,209.));
#3615=CARTESIAN_POINT('Origin',(73.9999966323377,43.9998147357858,197.000028294782));
#3616=CARTESIAN_POINT('',(73.9999966323377,40.9998147357858,194.000056589563));
#3617=CARTESIAN_POINT('',(73.9999966323377,46.9998147357857,194.000056589563));
#3618=CARTESIAN_POINT('',(73.9999966323377,40.9998147357858,194.000056589563));
#3619=CARTESIAN_POINT('Origin',(79.9999966323377,40.9998147357858,194.000056589563));
#3620=CARTESIAN_POINT('',(85.9999966323377,40.9998147357858,194.000056589563));
#3621=CARTESIAN_POINT('',(85.9999966323377,46.9998147357857,194.000056589563));
#3622=CARTESIAN_POINT('',(79.9999966323377,40.9998147357858,194.000056589563));
#3623=CARTESIAN_POINT('',(79.9999966323377,46.9998147357857,194.000056589563));
#3624=CARTESIAN_POINT('Origin',(79.9999966323377,40.9998147357858,200.));
#3625=CARTESIAN_POINT('',(85.9999966323377,40.9998147357858,194.000056589563));
#3626=CARTESIAN_POINT('Origin',(85.9999966323377,43.9998147357858,197.000028294782));
#3627=CARTESIAN_POINT('Origin',(73.9999966323377,55.9998147357858,191.000084884345));
#3628=CARTESIAN_POINT('',(73.9999966323377,46.9998147357857,188.000113179126));
#3629=CARTESIAN_POINT('',(73.9999966323377,46.9998147357857,194.000056589563));
#3630=CARTESIAN_POINT('',(73.9999966323377,46.9998147357857,188.000113179126));
#3631=CARTESIAN_POINT('Origin',(79.9999966323377,46.9998147357857,188.000113179126));
#3632=CARTESIAN_POINT('',(79.9999966323377,64.9998147357858,188.000113179126));
#3633=CARTESIAN_POINT('',(85.9999966323377,46.9998147357857,188.000113179126));
#3634=CARTESIAN_POINT('',(85.9999966323377,46.9998147357857,188.000113179126));
#3635=CARTESIAN_POINT('',(79.9999966323377,46.9998147357857,188.000113179126));
#3636=CARTESIAN_POINT('Origin',(79.9999966323377,46.9998147357857,194.000056589563));
#3637=CARTESIAN_POINT('',(85.9999966323377,46.9998147357857,194.000056589563));
#3638=CARTESIAN_POINT('Origin',(85.9999966323377,55.9998147357858,191.000084884345));
#3639=CARTESIAN_POINT('Origin',(73.9999966323377,55.9998147357858,227.));
#3640=CARTESIAN_POINT('',(73.9999966323377,46.9998147357857,230.));
#3641=CARTESIAN_POINT('',(73.9999966323377,46.9998147357857,224.));
#3642=CARTESIAN_POINT('',(73.9999966323377,46.9998147357857,230.));
#3643=CARTESIAN_POINT('Origin',(79.9999966323377,46.9998147357857,230.));
#3644=CARTESIAN_POINT('',(85.9999966323377,46.9998147357857,230.));
#3645=CARTESIAN_POINT('',(85.9999966323377,46.9998147357857,224.));
#3646=CARTESIAN_POINT('',(79.9999966323377,46.9998147357857,230.));
#3647=CARTESIAN_POINT('Origin',(79.9999966323377,64.9998147357858,230.));
#3648=CARTESIAN_POINT('',(85.9999966323377,46.9998147357857,230.));
#3649=CARTESIAN_POINT('',(79.9999966323377,64.9998147357858,230.));
#3650=CARTESIAN_POINT('Origin',(85.9999966323377,55.9998147357858,227.));
#3651=CARTESIAN_POINT('Origin',(79.9999966323377,64.9998147357858,230.000113179126));
#3652=CARTESIAN_POINT('',(73.9999966323377,64.9998147357858,230.000113179126));
#3653=CARTESIAN_POINT('',(79.9999966323377,64.9998147357858,230.000113179126));
#3654=CARTESIAN_POINT('',(73.9999966323377,94.9998147357858,230.000113179126));
#3655=CARTESIAN_POINT('',(73.9999966323377,94.9998147357858,230.000113179126));
#3656=CARTESIAN_POINT('',(79.9999966323377,94.9998147357858,230.000113179126));
#3657=CARTESIAN_POINT('Origin',(79.9999966323377,64.9998147357858,230.000113179126));
#3658=CARTESIAN_POINT('',(85.9999966323377,94.9998147357858,230.000113179126));
#3659=CARTESIAN_POINT('',(79.9999966323377,94.9998147357858,230.000113179126));
#3660=CARTESIAN_POINT('',(85.9999966323377,64.9998147357858,230.000113179126));
#3661=CARTESIAN_POINT('',(85.9999966323377,94.9998147357858,230.000113179126));
#3662=CARTESIAN_POINT('',(79.9999966323377,64.9998147357858,230.000113179126));
#3663=CARTESIAN_POINT('Origin',(79.9999966323377,94.9998147357858,230.000113179126));
#3664=CARTESIAN_POINT('',(79.9999966323377,94.9998147357858,230.000113179126));
#3665=CARTESIAN_POINT('',(73.9999966323377,94.9998147357858,224.000056589563));
#3666=CARTESIAN_POINT('',(73.9999966323377,94.9998147357858,224.000056589563));
#3667=CARTESIAN_POINT('',(79.9999966323377,94.9998147357858,224.000056589563));
#3668=CARTESIAN_POINT('Origin',(79.9999966323377,94.9998147357858,230.000113179126));
#3669=CARTESIAN_POINT('',(85.9999966323377,94.9998147357858,224.000056589563));
#3670=CARTESIAN_POINT('',(79.9999966323377,94.9998147357858,224.000056589563));
#3671=CARTESIAN_POINT('',(85.9999966323377,94.9998147357858,224.000056589563));
#3672=CARTESIAN_POINT('',(79.9999966323377,94.9998147357858,230.000113179126));
#3673=CARTESIAN_POINT('Origin',(79.9999966323377,94.9998147357858,224.000056589563));
#3674=CARTESIAN_POINT('',(73.9999966323377,112.999814735786,224.000056589563));
#3675=CARTESIAN_POINT('',(73.9999966323377,112.999814735786,224.000056589563));
#3676=CARTESIAN_POINT('',(79.9999966323377,112.999814735786,224.000056589563));
#3677=CARTESIAN_POINT('Origin',(79.9999966323377,94.9998147357858,224.000056589563));
#3678=CARTESIAN_POINT('',(85.9999966323377,112.999814735786,224.000056589563));
#3679=CARTESIAN_POINT('',(79.9999966323377,112.999814735786,224.000056589563));
#3680=CARTESIAN_POINT('',(85.9999966323377,112.999814735786,224.000056589563));
#3681=CARTESIAN_POINT('Origin',(79.9999966323377,112.999814735786,224.000056589563));
#3682=CARTESIAN_POINT('',(79.9999966323377,112.999814735786,224.000056589563));
#3683=CARTESIAN_POINT('',(73.9999966323377,112.999814735786,218.));
#3684=CARTESIAN_POINT('',(73.9999966323377,112.999814735786,224.000056589563));
#3685=CARTESIAN_POINT('',(79.9999966323377,112.999814735786,218.));
#3686=CARTESIAN_POINT('Origin',(79.9999966323377,112.999814735786,224.000056589563));
#3687=CARTESIAN_POINT('',(85.9999966323377,112.999814735786,218.));
#3688=CARTESIAN_POINT('',(79.9999966323377,112.999814735786,218.));
#3689=CARTESIAN_POINT('',(85.9999966323377,112.999814735786,224.000056589563));
#3690=CARTESIAN_POINT('',(79.9999966323377,112.999814735786,224.000056589563));
#3691=CARTESIAN_POINT('Origin',(79.9999966323377,112.999814735786,218.));
#3692=CARTESIAN_POINT('',(73.9999966323377,118.999814735786,218.));
#3693=CARTESIAN_POINT('',(73.9999966323377,112.999814735786,218.));
#3694=CARTESIAN_POINT('',(79.9999966323377,118.999814735786,218.));
#3695=CARTESIAN_POINT('Origin',(79.9999966323377,112.999814735786,218.));
#3696=CARTESIAN_POINT('',(85.9999966323377,118.999814735786,218.));
#3697=CARTESIAN_POINT('',(79.9999966323377,118.999814735786,218.));
#3698=CARTESIAN_POINT('',(85.9999966323377,112.999814735786,218.));
#3699=CARTESIAN_POINT('Origin',(79.9999966323377,118.999814735786,218.));
#3700=CARTESIAN_POINT('',(79.9999966323377,118.999814735786,218.));
#3701=CARTESIAN_POINT('',(73.9999966323377,118.999814735786,200.));
#3702=CARTESIAN_POINT('',(73.9999966323377,118.999814735786,200.));
#3703=CARTESIAN_POINT('',(79.9999966323377,118.999814735786,200.));
#3704=CARTESIAN_POINT('Origin',(79.9999966323377,118.999814735786,218.));
#3705=CARTESIAN_POINT('',(85.9999966323377,118.999814735786,200.));
#3706=CARTESIAN_POINT('',(79.9999966323377,118.999814735786,200.));
#3707=CARTESIAN_POINT('',(85.9999966323377,118.999814735786,200.));
#3708=CARTESIAN_POINT('',(79.9999966323377,118.999814735786,218.));
#3709=CARTESIAN_POINT('Origin',(79.9999966323377,118.999814735786,200.));
#3710=CARTESIAN_POINT('',(79.9999966323377,118.999814735786,200.));
#3711=CARTESIAN_POINT('',(73.9999966323377,112.999814735786,200.));
#3712=CARTESIAN_POINT('',(73.9999966323377,118.999814735786,200.));
#3713=CARTESIAN_POINT('',(79.9999966323377,112.999814735786,200.));
#3714=CARTESIAN_POINT('Origin',(79.9999966323377,118.999814735786,200.));
#3715=CARTESIAN_POINT('',(85.9999966323377,112.999814735786,200.));
#3716=CARTESIAN_POINT('',(79.9999966323377,112.999814735786,200.));
#3717=CARTESIAN_POINT('',(85.9999966323377,118.999814735786,200.));
#3718=CARTESIAN_POINT('',(79.9999966323377,118.999814735786,200.));
#3719=CARTESIAN_POINT('Origin',(79.9999966323377,112.999814735786,200.));
#3720=CARTESIAN_POINT('',(73.9999966323377,112.999814735786,194.));
#3721=CARTESIAN_POINT('',(73.9999966323377,112.999814735786,200.));
#3722=CARTESIAN_POINT('',(79.9999966323377,112.999814735786,194.));
#3723=CARTESIAN_POINT('Origin',(79.9999966323377,112.999814735786,200.));
#3724=CARTESIAN_POINT('',(85.9999966323377,112.999814735786,194.));
#3725=CARTESIAN_POINT('',(79.9999966323377,112.999814735786,194.));
#3726=CARTESIAN_POINT('',(85.9999966323377,112.999814735786,200.));
#3727=CARTESIAN_POINT('Origin',(79.9999966323377,112.999814735786,194.));
#3728=CARTESIAN_POINT('',(79.9999966323377,112.999814735786,194.));
#3729=CARTESIAN_POINT('',(73.9999966323377,94.9998147357858,194.));
#3730=CARTESIAN_POINT('',(73.9999966323377,112.999814735786,194.));
#3731=CARTESIAN_POINT('',(79.9999966323377,94.9998147357858,194.));
#3732=CARTESIAN_POINT('Origin',(79.9999966323377,112.999814735786,194.));
#3733=CARTESIAN_POINT('',(85.9999966323377,94.9998147357858,194.));
#3734=CARTESIAN_POINT('',(79.9999966323377,94.9998147357858,194.));
#3735=CARTESIAN_POINT('',(85.9999966323377,112.999814735786,194.));
#3736=CARTESIAN_POINT('',(79.9999966323377,112.999814735786,194.));
#3737=CARTESIAN_POINT('Origin',(79.9999966323377,94.9998147357858,188.));
#3738=CARTESIAN_POINT('',(73.9999966323377,94.9998147357858,188.));
#3739=CARTESIAN_POINT('',(79.9999966323377,94.9998147357858,188.));
#3740=CARTESIAN_POINT('',(73.9999966323377,64.9998147357858,188.));
#3741=CARTESIAN_POINT('',(73.9999966323377,94.9998147357858,188.));
#3742=CARTESIAN_POINT('',(79.9999966323377,64.9998147357858,188.));
#3743=CARTESIAN_POINT('Origin',(79.9999966323377,94.9998147357858,194.));
#3744=CARTESIAN_POINT('',(73.9999966323377,94.9998147357858,194.));
#3745=CARTESIAN_POINT('',(79.9999966323377,94.9998147357858,188.));
#3746=CARTESIAN_POINT('Origin',(73.9999966323377,79.9998147357858,233.000056589563));
#3747=CARTESIAN_POINT('',(73.9999966323377,64.9998147357858,236.));
#3748=CARTESIAN_POINT('',(73.9999966323377,94.9998147357858,236.));
#3749=CARTESIAN_POINT('',(73.9999966323377,64.9998147357858,236.));
#3750=CARTESIAN_POINT('',(73.9999966323377,94.9998147357858,236.));
#3751=CARTESIAN_POINT('',(73.9999966323377,64.9998147357858,230.000113179126));
#3752=CARTESIAN_POINT('Origin',(79.9999966323377,94.9998147357858,230.000113179126));
#3753=CARTESIAN_POINT('',(85.9999966323377,94.9998147357858,236.));
#3754=CARTESIAN_POINT('',(79.9999966323377,94.9998147357858,236.));
#3755=CARTESIAN_POINT('',(85.9999966323377,94.9998147357858,236.));
#3756=CARTESIAN_POINT('',(79.9999966323377,94.9998147357858,230.000113179126));
#3757=CARTESIAN_POINT('Origin',(79.9999966323377,64.9998147357858,236.));
#3758=CARTESIAN_POINT('',(85.9999966323377,64.9998147357858,236.));
#3759=CARTESIAN_POINT('',(85.9999966323377,64.9998147357858,230.000113179126));
#3760=CARTESIAN_POINT('',(79.9999966323377,64.9998147357858,236.));
#3761=CARTESIAN_POINT('Origin',(79.9999966323377,94.9998147357858,236.));
#3762=CARTESIAN_POINT('',(85.9999966323377,64.9998147357858,236.));
#3763=CARTESIAN_POINT('Origin',(85.9999966323377,79.9998147357858,233.000056589563));
#3764=CARTESIAN_POINT('Origin',(73.9999966323377,103.999814735786,227.000084884345));
#3765=CARTESIAN_POINT('',(73.9999966323377,112.999814735786,230.000113179126));
#3766=CARTESIAN_POINT('',(73.9999966323377,94.9998147357858,230.000113179126));
#3767=CARTESIAN_POINT('',(73.9999966323377,112.999814735786,230.000113179126));
#3768=CARTESIAN_POINT('Origin',(79.9999966323377,112.999814735786,224.000056589563));
#3769=CARTESIAN_POINT('',(85.9999966323377,112.999814735786,230.000113179126));
#3770=CARTESIAN_POINT('',(79.9999966323377,112.999814735786,230.000113179126));
#3771=CARTESIAN_POINT('',(85.9999966323377,112.999814735786,230.000113179126));
#3772=CARTESIAN_POINT('',(79.9999966323377,112.999814735786,224.000056589563));
#3773=CARTESIAN_POINT('Origin',(79.9999966323377,112.999814735786,230.000113179126));
#3774=CARTESIAN_POINT('',(85.9999966323377,94.9998147357858,230.000113179126));
#3775=CARTESIAN_POINT('Origin',(85.9999966323377,103.999814735786,227.000084884345));
#3776=CARTESIAN_POINT('Origin',(73.9999966323377,115.999814735786,221.000028294782));
#3777=CARTESIAN_POINT('',(73.9999966323377,118.999814735786,224.000056589563));
#3778=CARTESIAN_POINT('',(73.9999966323377,118.999814735786,224.000056589563));
#3779=CARTESIAN_POINT('',(73.9999966323377,118.999814735786,218.));
#3780=CARTESIAN_POINT('Origin',(79.9999966323377,118.999814735786,224.000056589563));
#3781=CARTESIAN_POINT('',(85.9999966323377,118.999814735786,224.000056589563));
#3782=CARTESIAN_POINT('',(85.9999966323377,118.999814735786,224.000056589563));
#3783=CARTESIAN_POINT('',(79.9999966323377,118.999814735786,224.000056589563));
#3784=CARTESIAN_POINT('Origin',(79.9999966323377,118.999814735786,218.));
#3785=CARTESIAN_POINT('',(85.9999966323377,118.999814735786,218.));
#3786=CARTESIAN_POINT('',(79.9999966323377,118.999814735786,218.));
#3787=CARTESIAN_POINT('Origin',(85.9999966323377,115.999814735786,221.000028294782));
#3788=CARTESIAN_POINT('Origin',(73.9999966323377,121.999814735786,209.));
#3789=CARTESIAN_POINT('',(73.9999966323377,124.999814735786,218.));
#3790=CARTESIAN_POINT('',(73.9999966323377,118.999814735786,218.));
#3791=CARTESIAN_POINT('',(73.9999966323377,124.999814735786,200.));
#3792=CARTESIAN_POINT('',(73.9999966323377,124.999814735786,218.));
#3793=CARTESIAN_POINT('',(73.9999966323377,124.999814735786,200.));
#3794=CARTESIAN_POINT('Origin',(79.9999966323377,124.999814735786,200.));
#3795=CARTESIAN_POINT('',(85.9999966323377,124.999814735786,218.));
#3796=CARTESIAN_POINT('',(79.9999966323377,124.999814735786,218.));
#3797=CARTESIAN_POINT('',(85.9999966323377,124.999814735786,200.));
#3798=CARTESIAN_POINT('',(85.9999966323377,124.999814735786,218.));
#3799=CARTESIAN_POINT('',(79.9999966323377,124.999814735786,200.));
#3800=CARTESIAN_POINT('Origin',(79.9999966323377,118.999814735786,200.));
#3801=CARTESIAN_POINT('',(85.9999966323377,124.999814735786,200.));
#3802=CARTESIAN_POINT('',(79.9999966323377,118.999814735786,200.));
#3803=CARTESIAN_POINT('Origin',(79.9999966323377,124.999814735786,218.));
#3804=CARTESIAN_POINT('',(85.9999966323377,118.999814735786,218.));
#3805=CARTESIAN_POINT('Origin',(85.9999966323377,121.999814735786,209.));
#3806=CARTESIAN_POINT('Origin',(73.9999966323377,115.999814735786,197.));
#3807=CARTESIAN_POINT('',(73.9999966323377,118.999814735786,194.));
#3808=CARTESIAN_POINT('',(73.9999966323377,118.999814735786,194.));
#3809=CARTESIAN_POINT('',(73.9999966323377,112.999814735786,194.));
#3810=CARTESIAN_POINT('Origin',(79.9999966323377,118.999814735786,194.));
#3811=CARTESIAN_POINT('',(85.9999966323377,118.999814735786,194.));
#3812=CARTESIAN_POINT('',(85.9999966323377,118.999814735786,194.));
#3813=CARTESIAN_POINT('',(79.9999966323377,118.999814735786,194.));
#3814=CARTESIAN_POINT('Origin',(79.9999966323377,112.999814735786,194.));
#3815=CARTESIAN_POINT('',(85.9999966323377,112.999814735786,194.));
#3816=CARTESIAN_POINT('',(79.9999966323377,112.999814735786,194.));
#3817=CARTESIAN_POINT('Origin',(85.9999966323377,115.999814735786,197.));
#3818=CARTESIAN_POINT('Origin',(73.9999966323377,103.999814735786,191.));
#3819=CARTESIAN_POINT('',(73.9999966323377,112.999814735786,188.));
#3820=CARTESIAN_POINT('',(73.9999966323377,112.999814735786,188.));
#3821=CARTESIAN_POINT('',(73.9999966323377,94.9998147357858,188.));
#3822=CARTESIAN_POINT('Origin',(79.9999966323377,94.9998147357858,188.));
#3823=CARTESIAN_POINT('',(85.9999966323377,112.999814735786,188.));
#3824=CARTESIAN_POINT('',(79.9999966323377,112.999814735786,188.));
#3825=CARTESIAN_POINT('',(85.9999966323377,94.9998147357858,188.));
#3826=CARTESIAN_POINT('',(85.9999966323377,94.9998147357858,188.));
#3827=CARTESIAN_POINT('',(79.9999966323377,94.9998147357858,188.));
#3828=CARTESIAN_POINT('',(79.9999966323377,94.9998147357858,188.));
#3829=CARTESIAN_POINT('Origin',(79.9999966323377,94.9998147357858,194.));
#3830=CARTESIAN_POINT('',(85.9999966323377,94.9998147357858,194.));
#3831=CARTESIAN_POINT('Origin',(79.9999966323377,112.999814735786,188.));
#3832=CARTESIAN_POINT('',(85.9999966323377,112.999814735786,188.));
#3833=CARTESIAN_POINT('Origin',(85.9999966323377,103.999814735786,191.));
#3834=CARTESIAN_POINT('Origin',(73.9999966323377,79.9998147357858,185.));
#3835=CARTESIAN_POINT('',(73.9999966323377,94.9998147357858,182.));
#3836=CARTESIAN_POINT('',(73.9999966323377,94.9998147357858,182.));
#3837=CARTESIAN_POINT('',(73.9999966323377,64.9998147357858,182.));
#3838=CARTESIAN_POINT('',(73.9999966323377,64.9998147357858,182.));
#3839=CARTESIAN_POINT('',(73.9999966323377,64.9998147357858,188.));
#3840=CARTESIAN_POINT('Origin',(79.9999966323377,64.9998147357858,182.));
#3841=CARTESIAN_POINT('',(85.9999966323377,94.9998147357858,182.));
#3842=CARTESIAN_POINT('',(79.9999966323377,94.9998147357858,182.));
#3843=CARTESIAN_POINT('',(85.9999966323377,64.9998147357858,182.));
#3844=CARTESIAN_POINT('',(85.9999966323377,64.9998147357858,182.));
#3845=CARTESIAN_POINT('',(79.9999966323377,64.9998147357858,182.));
#3846=CARTESIAN_POINT('Origin',(79.9999966323377,64.9998147357858,188.));
#3847=CARTESIAN_POINT('',(85.9999966323377,64.9998147357858,188.));
#3848=CARTESIAN_POINT('',(85.9999966323377,64.9998147357858,188.));
#3849=CARTESIAN_POINT('',(79.9999966323377,64.9998147357858,188.));
#3850=CARTESIAN_POINT('Origin',(79.9999966323377,94.9998147357858,188.));
#3851=CARTESIAN_POINT('',(85.9999966323377,94.9998147357858,188.));
#3852=CARTESIAN_POINT('',(79.9999966323377,94.9998147357858,188.));
#3853=CARTESIAN_POINT('Origin',(79.9999966323377,94.9998147357858,182.));
#3854=CARTESIAN_POINT('',(85.9999966323377,94.9998147357858,182.));
#3855=CARTESIAN_POINT('Origin',(85.9999966323377,79.9998147357858,185.));
#3856=CARTESIAN_POINT('Origin',(79.2499966323377,64.9998147357858,224.));
#3857=CARTESIAN_POINT('',(79.2499966323377,64.9998147357858,224.));
#3858=CARTESIAN_POINT('',(79.2499966323377,94.9998147357858,224.));
#3859=CARTESIAN_POINT('',(79.2499966323377,64.9998147357858,224.));
#3860=CARTESIAN_POINT('',(79.2499966323377,64.9998147357858,194.));
#3861=CARTESIAN_POINT('',(79.2499966323377,64.9998147357858,224.));
#3862=CARTESIAN_POINT('',(79.2499966323377,94.9998147357858,194.));
#3863=CARTESIAN_POINT('',(79.2499966323377,64.9998147357858,194.));
#3864=CARTESIAN_POINT('',(79.2499966323377,94.9998147357858,224.));
#3865=CARTESIAN_POINT('Origin',(80.7499966323377,64.9998147357858,224.));
#3866=CARTESIAN_POINT('',(80.7499966323377,64.9998147357858,224.));
#3867=CARTESIAN_POINT('',(80.7499966323377,64.9998147357858,224.));
#3868=CARTESIAN_POINT('',(80.7499966323377,64.9998147357858,194.));
#3869=CARTESIAN_POINT('',(80.7499966323377,64.9998147357858,224.));
#3870=CARTESIAN_POINT('',(80.7499966323377,64.9998147357858,194.));
#3871=CARTESIAN_POINT('Origin',(80.7499966323377,94.9998147357858,224.));
#3872=CARTESIAN_POINT('',(80.7499966323377,94.9998147357858,224.));
#3873=CARTESIAN_POINT('',(80.7499966323377,94.9998147357858,224.));
#3874=CARTESIAN_POINT('',(80.7499966323377,94.9998147357858,194.));
#3875=CARTESIAN_POINT('',(80.7499966323377,94.9998147357858,224.));
#3876=CARTESIAN_POINT('',(80.7499966323377,94.9998147357858,194.));
#3877=CARTESIAN_POINT('Origin',(79.2499966323377,94.9998147357858,224.));
#3878=CARTESIAN_POINT('',(79.2499966323377,94.9998147357858,224.));
#3879=CARTESIAN_POINT('',(79.2499966323377,94.9998147357858,194.));
#3880=CARTESIAN_POINT('Origin',(79.9999966323377,79.9998147357858,224.));
#3881=CARTESIAN_POINT('Origin',(79.9999966323377,79.9998147357858,194.));
#3882=UNCERTAINTY_MEASURE_WITH_UNIT(LENGTH_MEASURE(0.01),#3886,
'DISTANCE_ACCURACY_VALUE',
'Maximum model space distance between geometric entities at asserted c
onnectivities');
#3883=UNCERTAINTY_MEASURE_WITH_UNIT(LENGTH_MEASURE(0.01),#3886,
'DISTANCE_ACCURACY_VALUE',
'Maximum model space distance between geometric entities at asserted c
onnectivities');
#3884=(
GEOMETRIC_REPRESENTATION_CONTEXT(3)
GLOBAL_UNCERTAINTY_ASSIGNED_CONTEXT((#3882))
GLOBAL_UNIT_ASSIGNED_CONTEXT((#3886,#3887,#3888))
REPRESENTATION_CONTEXT('','3D')
);
#3885=(
GEOMETRIC_REPRESENTATION_CONTEXT(3)
GLOBAL_UNCERTAINTY_ASSIGNED_CONTEXT((#3883))
GLOBAL_UNIT_ASSIGNED_CONTEXT((#3886,#3887,#3888))
REPRESENTATION_CONTEXT('','3D')
);
#3886=(
LENGTH_UNIT()
NAMED_UNIT(*)
SI_UNIT(.MILLI.,.METRE.)
);
#3887=(
NAMED_UNIT(*)
PLANE_ANGLE_UNIT()
SI_UNIT($,.RADIAN.)
);
#3888=(
NAMED_UNIT(*)
SI_UNIT($,.STERADIAN.)
SOLID_ANGLE_UNIT()
);
#3889=SHAPE_DEFINITION_REPRESENTATION(#3890,#3891);
#3890=PRODUCT_DEFINITION_SHAPE('',$,#3893);
#3891=SHAPE_REPRESENTATION('',(#2462),#3884);
#3892=PRODUCT_DEFINITION_CONTEXT('part definition',#3897,'design');
#3893=PRODUCT_DEFINITION('Jukebox','Jukebox v25',#3894,#3892);
#3894=PRODUCT_DEFINITION_FORMATION('',$,#3899);
#3895=PRODUCT_RELATED_PRODUCT_CATEGORY('Jukebox v25','Jukebox v25',(#3899));
#3896=APPLICATION_PROTOCOL_DEFINITION('international standard',
'automotive_design',2009,#3897);
#3897=APPLICATION_CONTEXT(
'Core Data for Automotive Mechanical Design Process');
#3898=PRODUCT_CONTEXT('part definition',#3897,'mechanical');
#3899=PRODUCT('Jukebox','Jukebox v25',$,(#3898));
#3900=PRESENTATION_STYLE_ASSIGNMENT((#3919));
#3901=PRESENTATION_STYLE_ASSIGNMENT((#3920));
#3902=PRESENTATION_STYLE_ASSIGNMENT((#3921));
#3903=PRESENTATION_STYLE_ASSIGNMENT((#3922));
#3904=PRESENTATION_STYLE_ASSIGNMENT((#3923));
#3905=PRESENTATION_STYLE_ASSIGNMENT((#3924));
#3906=PRESENTATION_STYLE_ASSIGNMENT((#3925));
#3907=PRESENTATION_STYLE_ASSIGNMENT((#3926));
#3908=PRESENTATION_STYLE_ASSIGNMENT((#3927));
#3909=PRESENTATION_STYLE_ASSIGNMENT((#3928));
#3910=PRESENTATION_STYLE_ASSIGNMENT((#3929));
#3911=PRESENTATION_STYLE_ASSIGNMENT((#3930));
#3912=PRESENTATION_STYLE_ASSIGNMENT((#3931));
#3913=PRESENTATION_STYLE_ASSIGNMENT((#3932));
#3914=PRESENTATION_STYLE_ASSIGNMENT((#3933));
#3915=PRESENTATION_STYLE_ASSIGNMENT((#3934));
#3916=PRESENTATION_STYLE_ASSIGNMENT((#3935));
#3917=PRESENTATION_STYLE_ASSIGNMENT((#3936));
#3918=PRESENTATION_STYLE_ASSIGNMENT((#3937));
#3919=SURFACE_STYLE_USAGE(.BOTH.,#3938);
#3920=SURFACE_STYLE_USAGE(.BOTH.,#3939);
#3921=SURFACE_STYLE_USAGE(.BOTH.,#3940);
#3922=SURFACE_STYLE_USAGE(.BOTH.,#3941);
#3923=SURFACE_STYLE_USAGE(.BOTH.,#3942);
#3924=SURFACE_STYLE_USAGE(.BOTH.,#3943);
#3925=SURFACE_STYLE_USAGE(.BOTH.,#3944);
#3926=SURFACE_STYLE_USAGE(.BOTH.,#3945);
#3927=SURFACE_STYLE_USAGE(.BOTH.,#3946);
#3928=SURFACE_STYLE_USAGE(.BOTH.,#3947);
#3929=SURFACE_STYLE_USAGE(.BOTH.,#3948);
#3930=SURFACE_STYLE_USAGE(.BOTH.,#3949);
#3931=SURFACE_STYLE_USAGE(.BOTH.,#3950);
#3932=SURFACE_STYLE_USAGE(.BOTH.,#3951);
#3933=SURFACE_STYLE_USAGE(.BOTH.,#3952);
#3934=SURFACE_STYLE_USAGE(.BOTH.,#3953);
#3935=SURFACE_STYLE_USAGE(.BOTH.,#3954);
#3936=SURFACE_STYLE_USAGE(.BOTH.,#3955);
#3937=SURFACE_STYLE_USAGE(.BOTH.,#3956);
#3938=SURFACE_SIDE_STYLE('',(#3957));
#3939=SURFACE_SIDE_STYLE('',(#3958));
#3940=SURFACE_SIDE_STYLE('',(#3959));
#3941=SURFACE_SIDE_STYLE('',(#3960));
#3942=SURFACE_SIDE_STYLE('',(#3961));
#3943=SURFACE_SIDE_STYLE('',(#3962));
#3944=SURFACE_SIDE_STYLE('',(#3963));
#3945=SURFACE_SIDE_STYLE('',(#3964));
#3946=SURFACE_SIDE_STYLE('',(#3965));
#3947=SURFACE_SIDE_STYLE('',(#3966));
#3948=SURFACE_SIDE_STYLE('',(#3967));
#3949=SURFACE_SIDE_STYLE('',(#3968));
#3950=SURFACE_SIDE_STYLE('',(#3969));
#3951=SURFACE_SIDE_STYLE('',(#3970));
#3952=SURFACE_SIDE_STYLE('',(#3971));
#3953=SURFACE_SIDE_STYLE('',(#3972));
#3954=SURFACE_SIDE_STYLE('',(#3973));
#3955=SURFACE_SIDE_STYLE('',(#3974));
#3956=SURFACE_SIDE_STYLE('',(#3975));
#3957=SURFACE_STYLE_FILL_AREA(#3976);
#3958=SURFACE_STYLE_FILL_AREA(#3977);
#3959=SURFACE_STYLE_FILL_AREA(#3978);
#3960=SURFACE_STYLE_FILL_AREA(#3979);
#3961=SURFACE_STYLE_FILL_AREA(#3980);
#3962=SURFACE_STYLE_FILL_AREA(#3981);
#3963=SURFACE_STYLE_FILL_AREA(#3982);
#3964=SURFACE_STYLE_FILL_AREA(#3983);
#3965=SURFACE_STYLE_FILL_AREA(#3984);
#3966=SURFACE_STYLE_FILL_AREA(#3985);
#3967=SURFACE_STYLE_FILL_AREA(#3986);
#3968=SURFACE_STYLE_FILL_AREA(#3987);
#3969=SURFACE_STYLE_FILL_AREA(#3988);
#3970=SURFACE_STYLE_FILL_AREA(#3989);
#3971=SURFACE_STYLE_FILL_AREA(#3990);
#3972=SURFACE_STYLE_FILL_AREA(#3991);
#3973=SURFACE_STYLE_FILL_AREA(#3992);
#3974=SURFACE_STYLE_FILL_AREA(#3993);
#3975=SURFACE_STYLE_FILL_AREA(#3994);
#3976=FILL_AREA_STYLE('Opaque(203,203,203)',(#3995));
#3977=FILL_AREA_STYLE('Opaque(25,25,25)',(#3996));
#3978=FILL_AREA_STYLE('Opaque(63,63,63)',(#3997));
#3979=FILL_AREA_STYLE('Opaque(237,237,237)',(#3998));
#3980=FILL_AREA_STYLE('Opaque(160,160,160)',(#3999));
#3981=FILL_AREA_STYLE('Opaque(89,149,218)',(#4000));
#3982=FILL_AREA_STYLE('Opaque(246,246,243)',(#4001));
#3983=FILL_AREA_STYLE('Opaque(237,206,195)',(#4002));
#3984=FILL_AREA_STYLE('Opaque(229,202,158)',(#4003));
#3985=FILL_AREA_STYLE('Opaque(245,245,246)',(#4004));
#3986=FILL_AREA_STYLE('Opaque(0,192,0)',(#4005));
#3987=FILL_AREA_STYLE('Opaque(64,64,64)',(#4006));
#3988=FILL_AREA_STYLE('Opaque(229,229,229)',(#4007));
#3989=FILL_AREA_STYLE('Opaque(137,89,86)',(#4008));
#3990=FILL_AREA_STYLE('Opaque(165,158,150)',(#4009));
#3991=FILL_AREA_STYLE('Opaque(192,192,192)',(#4010));
#3992=FILL_AREA_STYLE('Opaque(219,219,219)',(#4011));
#3993=FILL_AREA_STYLE('Opaque(202,209,238)',(#4012));
#3994=FILL_AREA_STYLE('Steel - Satin',(#4013));
#3995=FILL_AREA_STYLE_COLOUR('Opaque(203,203,203)',#4014);
#3996=FILL_AREA_STYLE_COLOUR('Opaque(25,25,25)',#4015);
#3997=FILL_AREA_STYLE_COLOUR('Opaque(63,63,63)',#4016);
#3998=FILL_AREA_STYLE_COLOUR('Opaque(237,237,237)',#4017);
#3999=FILL_AREA_STYLE_COLOUR('Opaque(160,160,160)',#4018);
#4000=FILL_AREA_STYLE_COLOUR('Opaque(89,149,218)',#4019);
#4001=FILL_AREA_STYLE_COLOUR('Opaque(246,246,243)',#4020);
#4002=FILL_AREA_STYLE_COLOUR('Opaque(237,206,195)',#4021);
#4003=FILL_AREA_STYLE_COLOUR('Opaque(229,202,158)',#4022);
#4004=FILL_AREA_STYLE_COLOUR('Opaque(245,245,246)',#4023);
#4005=FILL_AREA_STYLE_COLOUR('Opaque(0,192,0)',#4024);
#4006=FILL_AREA_STYLE_COLOUR('Opaque(64,64,64)',#4025);
#4007=FILL_AREA_STYLE_COLOUR('Opaque(229,229,229)',#4026);
#4008=FILL_AREA_STYLE_COLOUR('Opaque(137,89,86)',#4027);
#4009=FILL_AREA_STYLE_COLOUR('Opaque(165,158,150)',#4028);
#4010=FILL_AREA_STYLE_COLOUR('Opaque(192,192,192)',#4029);
#4011=FILL_AREA_STYLE_COLOUR('Opaque(219,219,219)',#4030);
#4012=FILL_AREA_STYLE_COLOUR('Opaque(202,209,238)',#4031);
#4013=FILL_AREA_STYLE_COLOUR('Steel - Satin',#4032);
#4014=COLOUR_RGB('Opaque(203,203,203)',0.796078431372549,0.796078431372549,
0.796078431372549);
#4015=COLOUR_RGB('Opaque(25,25,25)',0.0980392156862745,0.0980392156862745,
0.0980392156862745);
#4016=COLOUR_RGB('Opaque(63,63,63)',0.250980392156863,0.250980392156863,
0.250980392156863);
#4017=COLOUR_RGB('Opaque(237,237,237)',0.929411764705882,0.929411764705882,
0.929411764705882);
#4018=COLOUR_RGB('Opaque(160,160,160)',0.627450980392157,0.627450980392157,
0.627450980392157);
#4019=COLOUR_RGB('Opaque(89,149,218)',0.349019607843137,0.584313725490196,
0.854901960784314);
#4020=COLOUR_RGB('Opaque(246,246,243)',0.964705882352941,0.964705882352941,
0.952941176470588);
#4021=COLOUR_RGB('Opaque(237,206,195)',0.929411764705882,0.807843137254902,
0.764705882352941);
#4022=COLOUR_RGB('Opaque(229,202,158)',0.898039215686275,0.792156862745098,
0.619607843137255);
#4023=COLOUR_RGB('Opaque(245,245,246)',0.96078431372549,0.96078431372549,
0.964705882352941);
#4024=COLOUR_RGB('Opaque(0,192,0)',0.,0.752941176470588,0.);
#4025=COLOUR_RGB('Opaque(64,64,64)',0.250980392156863,0.250980392156863,
0.250980392156863);
#4026=COLOUR_RGB('Opaque(229,229,229)',0.898039215686275,0.898039215686275,
0.898039215686275);
#4027=COLOUR_RGB('Opaque(137,89,86)',0.537254901960784,0.349019607843137,
0.337254901960784);
#4028=COLOUR_RGB('Opaque(165,158,150)',0.647058823529412,0.619607843137255,
0.588235294117647);
#4029=COLOUR_RGB('Opaque(192,192,192)',0.752941176470588,0.752941176470588,
0.752941176470588);
#4030=COLOUR_RGB('Opaque(219,219,219)',0.858823529411765,0.858823529411765,
0.858823529411765);
#4031=COLOUR_RGB('Opaque(202,209,238)',0.792156862745098,0.819607843137255,
0.933333333333333);
#4032=COLOUR_RGB('Steel - Satin',0.627450980392157,0.627450980392157,0.627450980392157);
ENDSEC;
END-ISO-10303-21;
