ISO-10303-21;
HEADER;
/* Generated by software containing ST-Developer
 * from STEP Tools, Inc. (www.steptools.com) 
 */

FILE_DESCRIPTION(
/* description */ (''),
/* implementation_level */ '2;1');

FILE_NAME(
/* name */ 'Disk.step',
/* time_stamp */ '2025-07-31T17:28:24-05:00',
/* author */ (''),
/* organization */ (''),
/* preprocessor_version */ 'ST-DEVELOPER v20.1',
/* originating_system */ 'Autodesk Translation Framework v14.10.0.0',
/* authorisation */ '');

FILE_SCHEMA (('AUTOMOTIVE_DESIGN { 1 0 10303 214 3 1 1 }'));
ENDSEC;

DATA;
#10=MECHANICAL_DESIGN_GEOMETRIC_PRESENTATION_REPRESENTATION('',(#13),#3735);
#11=SHAPE_REPRESENTATION_RELATIONSHIP('SRR','None',#3741,#12);
#12=ADVANCED_BREP_SHAPE_REPRESENTATION('',(#14),#3734);
#13=STYLED_ITEM('',(#3768),#14);
#14=MANIFOLD_SOLID_BREP('Body23',#2367);
#15=FACE_BOUND('',#150,.T.);
#16=FACE_BOUND('',#152,.T.);
#17=FACE_BOUND('',#178,.T.);
#18=FACE_BOUND('',#190,.T.);
#19=FACE_OUTER_BOUND('',#149,.T.);
#20=FACE_OUTER_BOUND('',#151,.T.);
#21=FACE_OUTER_BOUND('',#153,.T.);
#22=FACE_OUTER_BOUND('',#154,.T.);
#23=FACE_OUTER_BOUND('',#155,.T.);
#24=FACE_OUTER_BOUND('',#156,.T.);
#25=FACE_OUTER_BOUND('',#157,.T.);
#26=FACE_OUTER_BOUND('',#158,.T.);
#27=FACE_OUTER_BOUND('',#159,.T.);
#28=FACE_OUTER_BOUND('',#160,.T.);
#29=FACE_OUTER_BOUND('',#161,.T.);
#30=FACE_OUTER_BOUND('',#162,.T.);
#31=FACE_OUTER_BOUND('',#163,.T.);
#32=FACE_OUTER_BOUND('',#164,.T.);
#33=FACE_OUTER_BOUND('',#165,.T.);
#34=FACE_OUTER_BOUND('',#166,.T.);
#35=FACE_OUTER_BOUND('',#167,.T.);
#36=FACE_OUTER_BOUND('',#168,.T.);
#37=FACE_OUTER_BOUND('',#169,.T.);
#38=FACE_OUTER_BOUND('',#170,.T.);
#39=FACE_OUTER_BOUND('',#171,.T.);
#40=FACE_OUTER_BOUND('',#172,.T.);
#41=FACE_OUTER_BOUND('',#173,.T.);
#42=FACE_OUTER_BOUND('',#174,.T.);
#43=FACE_OUTER_BOUND('',#175,.T.);
#44=FACE_OUTER_BOUND('',#176,.T.);
#45=FACE_OUTER_BOUND('',#177,.T.);
#46=FACE_OUTER_BOUND('',#179,.T.);
#47=FACE_OUTER_BOUND('',#180,.T.);
#48=FACE_OUTER_BOUND('',#181,.T.);
#49=FACE_OUTER_BOUND('',#182,.T.);
#50=FACE_OUTER_BOUND('',#183,.T.);
#51=FACE_OUTER_BOUND('',#184,.T.);
#52=FACE_OUTER_BOUND('',#185,.T.);
#53=FACE_OUTER_BOUND('',#186,.T.);
#54=FACE_OUTER_BOUND('',#187,.T.);
#55=FACE_OUTER_BOUND('',#188,.T.);
#56=FACE_OUTER_BOUND('',#189,.T.);
#57=FACE_OUTER_BOUND('',#191,.T.);
#58=FACE_OUTER_BOUND('',#192,.T.);
#59=FACE_OUTER_BOUND('',#193,.T.);
#60=FACE_OUTER_BOUND('',#194,.T.);
#61=FACE_OUTER_BOUND('',#195,.T.);
#62=FACE_OUTER_BOUND('',#196,.T.);
#63=FACE_OUTER_BOUND('',#197,.T.);
#64=FACE_OUTER_BOUND('',#198,.T.);
#65=FACE_OUTER_BOUND('',#199,.T.);
#66=FACE_OUTER_BOUND('',#200,.T.);
#67=FACE_OUTER_BOUND('',#201,.T.);
#68=FACE_OUTER_BOUND('',#202,.T.);
#69=FACE_OUTER_BOUND('',#203,.T.);
#70=FACE_OUTER_BOUND('',#204,.T.);
#71=FACE_OUTER_BOUND('',#205,.T.);
#72=FACE_OUTER_BOUND('',#206,.T.);
#73=FACE_OUTER_BOUND('',#207,.T.);
#74=FACE_OUTER_BOUND('',#208,.T.);
#75=FACE_OUTER_BOUND('',#209,.T.);
#76=FACE_OUTER_BOUND('',#210,.T.);
#77=FACE_OUTER_BOUND('',#211,.T.);
#78=FACE_OUTER_BOUND('',#212,.T.);
#79=FACE_OUTER_BOUND('',#213,.T.);
#80=FACE_OUTER_BOUND('',#214,.T.);
#81=FACE_OUTER_BOUND('',#215,.T.);
#82=FACE_OUTER_BOUND('',#216,.T.);
#83=FACE_OUTER_BOUND('',#217,.T.);
#84=FACE_OUTER_BOUND('',#218,.T.);
#85=FACE_OUTER_BOUND('',#219,.T.);
#86=FACE_OUTER_BOUND('',#220,.T.);
#87=FACE_OUTER_BOUND('',#221,.T.);
#88=FACE_OUTER_BOUND('',#222,.T.);
#89=FACE_OUTER_BOUND('',#223,.T.);
#90=FACE_OUTER_BOUND('',#224,.T.);
#91=FACE_OUTER_BOUND('',#225,.T.);
#92=FACE_OUTER_BOUND('',#226,.T.);
#93=FACE_OUTER_BOUND('',#227,.T.);
#94=FACE_OUTER_BOUND('',#228,.T.);
#95=FACE_OUTER_BOUND('',#229,.T.);
#96=FACE_OUTER_BOUND('',#230,.T.);
#97=FACE_OUTER_BOUND('',#231,.T.);
#98=FACE_OUTER_BOUND('',#232,.T.);
#99=FACE_OUTER_BOUND('',#233,.T.);
#100=FACE_OUTER_BOUND('',#234,.T.);
#101=FACE_OUTER_BOUND('',#235,.T.);
#102=FACE_OUTER_BOUND('',#236,.T.);
#103=FACE_OUTER_BOUND('',#237,.T.);
#104=FACE_OUTER_BOUND('',#238,.T.);
#105=FACE_OUTER_BOUND('',#239,.T.);
#106=FACE_OUTER_BOUND('',#240,.T.);
#107=FACE_OUTER_BOUND('',#241,.T.);
#108=FACE_OUTER_BOUND('',#242,.T.);
#109=FACE_OUTER_BOUND('',#243,.T.);
#110=FACE_OUTER_BOUND('',#244,.T.);
#111=FACE_OUTER_BOUND('',#245,.T.);
#112=FACE_OUTER_BOUND('',#246,.T.);
#113=FACE_OUTER_BOUND('',#247,.T.);
#114=FACE_OUTER_BOUND('',#248,.T.);
#115=FACE_OUTER_BOUND('',#249,.T.);
#116=FACE_OUTER_BOUND('',#250,.T.);
#117=FACE_OUTER_BOUND('',#251,.T.);
#118=FACE_OUTER_BOUND('',#252,.T.);
#119=FACE_OUTER_BOUND('',#253,.T.);
#120=FACE_OUTER_BOUND('',#254,.T.);
#121=FACE_OUTER_BOUND('',#255,.T.);
#122=FACE_OUTER_BOUND('',#256,.T.);
#123=FACE_OUTER_BOUND('',#257,.T.);
#124=FACE_OUTER_BOUND('',#258,.T.);
#125=FACE_OUTER_BOUND('',#259,.T.);
#126=FACE_OUTER_BOUND('',#260,.T.);
#127=FACE_OUTER_BOUND('',#261,.T.);
#128=FACE_OUTER_BOUND('',#262,.T.);
#129=FACE_OUTER_BOUND('',#263,.T.);
#130=FACE_OUTER_BOUND('',#264,.T.);
#131=FACE_OUTER_BOUND('',#265,.T.);
#132=FACE_OUTER_BOUND('',#266,.T.);
#133=FACE_OUTER_BOUND('',#267,.T.);
#134=FACE_OUTER_BOUND('',#268,.T.);
#135=FACE_OUTER_BOUND('',#269,.T.);
#136=FACE_OUTER_BOUND('',#270,.T.);
#137=FACE_OUTER_BOUND('',#271,.T.);
#138=FACE_OUTER_BOUND('',#272,.T.);
#139=FACE_OUTER_BOUND('',#273,.T.);
#140=FACE_OUTER_BOUND('',#274,.T.);
#141=FACE_OUTER_BOUND('',#275,.T.);
#142=FACE_OUTER_BOUND('',#276,.T.);
#143=FACE_OUTER_BOUND('',#277,.T.);
#144=FACE_OUTER_BOUND('',#278,.T.);
#145=FACE_OUTER_BOUND('',#279,.T.);
#146=FACE_OUTER_BOUND('',#280,.T.);
#147=FACE_OUTER_BOUND('',#281,.T.);
#148=FACE_OUTER_BOUND('',#282,.T.);
#149=EDGE_LOOP('',(#1451,#1452,#1453,#1454,#1455,#1456,#1457,#1458,#1459,
#1460,#1461,#1462,#1463,#1464,#1465,#1466,#1467,#1468,#1469,#1470,#1471,
#1472));
#150=EDGE_LOOP('',(#1473,#1474,#1475,#1476,#1477,#1478,#1479,#1480,#1481,
#1482,#1483,#1484));
#151=EDGE_LOOP('',(#1485,#1486,#1487,#1488,#1489,#1490,#1491,#1492,#1493,
#1494,#1495,#1496,#1497,#1498,#1499,#1500,#1501,#1502,#1503,#1504,#1505,
#1506));
#152=EDGE_LOOP('',(#1507,#1508,#1509,#1510,#1511,#1512,#1513,#1514,#1515,
#1516,#1517,#1518));
#153=EDGE_LOOP('',(#1519,#1520,#1521,#1522));
#154=EDGE_LOOP('',(#1523,#1524,#1525,#1526));
#155=EDGE_LOOP('',(#1527,#1528,#1529,#1530));
#156=EDGE_LOOP('',(#1531,#1532,#1533,#1534));
#157=EDGE_LOOP('',(#1535,#1536,#1537,#1538));
#158=EDGE_LOOP('',(#1539,#1540,#1541,#1542));
#159=EDGE_LOOP('',(#1543,#1544,#1545,#1546));
#160=EDGE_LOOP('',(#1547,#1548,#1549,#1550));
#161=EDGE_LOOP('',(#1551,#1552,#1553,#1554));
#162=EDGE_LOOP('',(#1555,#1556,#1557,#1558));
#163=EDGE_LOOP('',(#1559,#1560,#1561,#1562));
#164=EDGE_LOOP('',(#1563,#1564,#1565,#1566));
#165=EDGE_LOOP('',(#1567,#1568,#1569,#1570));
#166=EDGE_LOOP('',(#1571,#1572,#1573,#1574));
#167=EDGE_LOOP('',(#1575,#1576,#1577,#1578));
#168=EDGE_LOOP('',(#1579,#1580,#1581,#1582));
#169=EDGE_LOOP('',(#1583,#1584,#1585,#1586));
#170=EDGE_LOOP('',(#1587,#1588,#1589,#1590));
#171=EDGE_LOOP('',(#1591,#1592,#1593,#1594));
#172=EDGE_LOOP('',(#1595,#1596,#1597,#1598));
#173=EDGE_LOOP('',(#1599,#1600,#1601,#1602));
#174=EDGE_LOOP('',(#1603,#1604,#1605,#1606));
#175=EDGE_LOOP('',(#1607,#1608,#1609,#1610));
#176=EDGE_LOOP('',(#1611,#1612,#1613,#1614));
#177=EDGE_LOOP('',(#1615,#1616,#1617,#1618,#1619,#1620,#1621,#1622,#1623,
#1624,#1625,#1626));
#178=EDGE_LOOP('',(#1627,#1628,#1629,#1630));
#179=EDGE_LOOP('',(#1631,#1632,#1633,#1634));
#180=EDGE_LOOP('',(#1635,#1636,#1637,#1638));
#181=EDGE_LOOP('',(#1639,#1640,#1641,#1642));
#182=EDGE_LOOP('',(#1643,#1644,#1645,#1646));
#183=EDGE_LOOP('',(#1647,#1648,#1649,#1650));
#184=EDGE_LOOP('',(#1651,#1652,#1653,#1654));
#185=EDGE_LOOP('',(#1655,#1656,#1657,#1658));
#186=EDGE_LOOP('',(#1659,#1660,#1661,#1662));
#187=EDGE_LOOP('',(#1663,#1664,#1665,#1666));
#188=EDGE_LOOP('',(#1667,#1668,#1669,#1670));
#189=EDGE_LOOP('',(#1671,#1672,#1673,#1674,#1675,#1676,#1677,#1678,#1679,
#1680,#1681,#1682));
#190=EDGE_LOOP('',(#1683,#1684,#1685,#1686));
#191=EDGE_LOOP('',(#1687,#1688,#1689,#1690));
#192=EDGE_LOOP('',(#1691,#1692,#1693,#1694));
#193=EDGE_LOOP('',(#1695,#1696,#1697,#1698));
#194=EDGE_LOOP('',(#1699,#1700,#1701,#1702));
#195=EDGE_LOOP('',(#1703,#1704,#1705,#1706));
#196=EDGE_LOOP('',(#1707,#1708,#1709,#1710));
#197=EDGE_LOOP('',(#1711,#1712,#1713,#1714));
#198=EDGE_LOOP('',(#1715,#1716,#1717,#1718));
#199=EDGE_LOOP('',(#1719,#1720,#1721,#1722));
#200=EDGE_LOOP('',(#1723,#1724,#1725,#1726));
#201=EDGE_LOOP('',(#1727,#1728,#1729,#1730));
#202=EDGE_LOOP('',(#1731,#1732,#1733,#1734));
#203=EDGE_LOOP('',(#1735,#1736,#1737,#1738));
#204=EDGE_LOOP('',(#1739,#1740,#1741,#1742));
#205=EDGE_LOOP('',(#1743,#1744,#1745,#1746));
#206=EDGE_LOOP('',(#1747,#1748,#1749,#1750));
#207=EDGE_LOOP('',(#1751,#1752,#1753,#1754));
#208=EDGE_LOOP('',(#1755,#1756,#1757,#1758));
#209=EDGE_LOOP('',(#1759,#1760,#1761,#1762));
#210=EDGE_LOOP('',(#1763,#1764,#1765,#1766,#1767,#1768));
#211=EDGE_LOOP('',(#1769,#1770,#1771,#1772,#1773,#1774));
#212=EDGE_LOOP('',(#1775,#1776,#1777,#1778));
#213=EDGE_LOOP('',(#1779,#1780,#1781,#1782));
#214=EDGE_LOOP('',(#1783,#1784,#1785,#1786,#1787,#1788));
#215=EDGE_LOOP('',(#1789,#1790,#1791,#1792));
#216=EDGE_LOOP('',(#1793,#1794,#1795,#1796,#1797,#1798));
#217=EDGE_LOOP('',(#1799,#1800,#1801,#1802));
#218=EDGE_LOOP('',(#1803,#1804,#1805,#1806));
#219=EDGE_LOOP('',(#1807,#1808,#1809,#1810,#1811,#1812));
#220=EDGE_LOOP('',(#1813,#1814,#1815,#1816,#1817,#1818));
#221=EDGE_LOOP('',(#1819,#1820,#1821,#1822));
#222=EDGE_LOOP('',(#1823,#1824,#1825,#1826));
#223=EDGE_LOOP('',(#1827,#1828,#1829,#1830,#1831,#1832));
#224=EDGE_LOOP('',(#1833,#1834,#1835,#1836,#1837,#1838));
#225=EDGE_LOOP('',(#1839,#1840,#1841,#1842));
#226=EDGE_LOOP('',(#1843,#1844,#1845,#1846));
#227=EDGE_LOOP('',(#1847,#1848,#1849,#1850,#1851,#1852));
#228=EDGE_LOOP('',(#1853,#1854,#1855,#1856,#1857,#1858));
#229=EDGE_LOOP('',(#1859,#1860,#1861,#1862));
#230=EDGE_LOOP('',(#1863,#1864,#1865,#1866));
#231=EDGE_LOOP('',(#1867,#1868,#1869,#1870));
#232=EDGE_LOOP('',(#1871,#1872,#1873,#1874));
#233=EDGE_LOOP('',(#1875,#1876,#1877,#1878));
#234=EDGE_LOOP('',(#1879,#1880,#1881,#1882));
#235=EDGE_LOOP('',(#1883,#1884,#1885,#1886));
#236=EDGE_LOOP('',(#1887,#1888,#1889,#1890));
#237=EDGE_LOOP('',(#1891,#1892,#1893,#1894));
#238=EDGE_LOOP('',(#1895,#1896,#1897,#1898));
#239=EDGE_LOOP('',(#1899,#1900,#1901,#1902));
#240=EDGE_LOOP('',(#1903,#1904,#1905,#1906));
#241=EDGE_LOOP('',(#1907,#1908,#1909,#1910));
#242=EDGE_LOOP('',(#1911,#1912,#1913,#1914));
#243=EDGE_LOOP('',(#1915,#1916,#1917,#1918));
#244=EDGE_LOOP('',(#1919,#1920,#1921,#1922));
#245=EDGE_LOOP('',(#1923,#1924,#1925,#1926));
#246=EDGE_LOOP('',(#1927,#1928,#1929,#1930));
#247=EDGE_LOOP('',(#1931,#1932,#1933,#1934));
#248=EDGE_LOOP('',(#1935,#1936,#1937,#1938));
#249=EDGE_LOOP('',(#1939,#1940,#1941,#1942));
#250=EDGE_LOOP('',(#1943,#1944,#1945,#1946));
#251=EDGE_LOOP('',(#1947,#1948,#1949,#1950,#1951,#1952));
#252=EDGE_LOOP('',(#1953,#1954,#1955,#1956,#1957,#1958,#1959,#1960));
#253=EDGE_LOOP('',(#1961,#1962,#1963,#1964));
#254=EDGE_LOOP('',(#1965,#1966,#1967,#1968));
#255=EDGE_LOOP('',(#1969,#1970,#1971,#1972));
#256=EDGE_LOOP('',(#1973,#1974,#1975,#1976,#1977,#1978));
#257=EDGE_LOOP('',(#1979,#1980,#1981,#1982,#1983,#1984));
#258=EDGE_LOOP('',(#1985,#1986,#1987,#1988));
#259=EDGE_LOOP('',(#1989,#1990,#1991,#1992));
#260=EDGE_LOOP('',(#1993,#1994,#1995,#1996,#1997,#1998));
#261=EDGE_LOOP('',(#1999,#2000,#2001,#2002,#2003,#2004));
#262=EDGE_LOOP('',(#2005,#2006,#2007,#2008));
#263=EDGE_LOOP('',(#2009,#2010,#2011,#2012));
#264=EDGE_LOOP('',(#2013,#2014,#2015,#2016));
#265=EDGE_LOOP('',(#2017,#2018,#2019,#2020,#2021,#2022));
#266=EDGE_LOOP('',(#2023,#2024,#2025,#2026,#2027,#2028));
#267=EDGE_LOOP('',(#2029,#2030,#2031,#2032));
#268=EDGE_LOOP('',(#2033,#2034,#2035,#2036));
#269=EDGE_LOOP('',(#2037,#2038,#2039,#2040,#2041,#2042));
#270=EDGE_LOOP('',(#2043,#2044,#2045,#2046,#2047,#2048));
#271=EDGE_LOOP('',(#2049,#2050,#2051,#2052));
#272=EDGE_LOOP('',(#2053,#2054,#2055,#2056));
#273=EDGE_LOOP('',(#2057,#2058,#2059,#2060,#2061,#2062));
#274=EDGE_LOOP('',(#2063,#2064,#2065,#2066));
#275=EDGE_LOOP('',(#2067,#2068,#2069,#2070,#2071,#2072));
#276=EDGE_LOOP('',(#2073,#2074,#2075,#2076));
#277=EDGE_LOOP('',(#2077,#2078,#2079,#2080));
#278=EDGE_LOOP('',(#2081,#2082,#2083,#2084));
#279=EDGE_LOOP('',(#2085,#2086,#2087,#2088,#2089,#2090,#2091,#2092));
#280=EDGE_LOOP('',(#2093,#2094,#2095,#2096));
#281=EDGE_LOOP('',(#2097,#2098,#2099,#2100,#2101,#2102));
#282=EDGE_LOOP('',(#2103,#2104,#2105,#2106));
#283=LINE('',#3093,#611);
#284=LINE('',#3095,#612);
#285=LINE('',#3097,#613);
#286=LINE('',#3099,#614);
#287=LINE('',#3101,#615);
#288=LINE('',#3103,#616);
#289=LINE('',#3105,#617);
#290=LINE('',#3107,#618);
#291=LINE('',#3109,#619);
#292=LINE('',#3111,#620);
#293=LINE('',#3113,#621);
#294=LINE('',#3115,#622);
#295=LINE('',#3117,#623);
#296=LINE('',#3119,#624);
#297=LINE('',#3121,#625);
#298=LINE('',#3123,#626);
#299=LINE('',#3125,#627);
#300=LINE('',#3127,#628);
#301=LINE('',#3129,#629);
#302=LINE('',#3131,#630);
#303=LINE('',#3133,#631);
#304=LINE('',#3134,#632);
#305=LINE('',#3137,#633);
#306=LINE('',#3139,#634);
#307=LINE('',#3141,#635);
#308=LINE('',#3143,#636);
#309=LINE('',#3145,#637);
#310=LINE('',#3147,#638);
#311=LINE('',#3149,#639);
#312=LINE('',#3151,#640);
#313=LINE('',#3153,#641);
#314=LINE('',#3155,#642);
#315=LINE('',#3157,#643);
#316=LINE('',#3158,#644);
#317=LINE('',#3162,#645);
#318=LINE('',#3164,#646);
#319=LINE('',#3166,#647);
#320=LINE('',#3168,#648);
#321=LINE('',#3170,#649);
#322=LINE('',#3172,#650);
#323=LINE('',#3174,#651);
#324=LINE('',#3176,#652);
#325=LINE('',#3178,#653);
#326=LINE('',#3180,#654);
#327=LINE('',#3182,#655);
#328=LINE('',#3184,#656);
#329=LINE('',#3186,#657);
#330=LINE('',#3188,#658);
#331=LINE('',#3190,#659);
#332=LINE('',#3192,#660);
#333=LINE('',#3194,#661);
#334=LINE('',#3196,#662);
#335=LINE('',#3198,#663);
#336=LINE('',#3200,#664);
#337=LINE('',#3202,#665);
#338=LINE('',#3203,#666);
#339=LINE('',#3206,#667);
#340=LINE('',#3208,#668);
#341=LINE('',#3210,#669);
#342=LINE('',#3212,#670);
#343=LINE('',#3214,#671);
#344=LINE('',#3216,#672);
#345=LINE('',#3218,#673);
#346=LINE('',#3220,#674);
#347=LINE('',#3222,#675);
#348=LINE('',#3224,#676);
#349=LINE('',#3226,#677);
#350=LINE('',#3227,#678);
#351=LINE('',#3230,#679);
#352=LINE('',#3232,#680);
#353=LINE('',#3233,#681);
#354=LINE('',#3236,#682);
#355=LINE('',#3237,#683);
#356=LINE('',#3240,#684);
#357=LINE('',#3242,#685);
#358=LINE('',#3243,#686);
#359=LINE('',#3246,#687);
#360=LINE('',#3247,#688);
#361=LINE('',#3250,#689);
#362=LINE('',#3251,#690);
#363=LINE('',#3254,#691);
#364=LINE('',#3255,#692);
#365=LINE('',#3258,#693);
#366=LINE('',#3259,#694);
#367=LINE('',#3262,#695);
#368=LINE('',#3263,#696);
#369=LINE('',#3266,#697);
#370=LINE('',#3267,#698);
#371=LINE('',#3270,#699);
#372=LINE('',#3271,#700);
#373=LINE('',#3274,#701);
#374=LINE('',#3275,#702);
#375=LINE('',#3278,#703);
#376=LINE('',#3279,#704);
#377=LINE('',#3282,#705);
#378=LINE('',#3283,#706);
#379=LINE('',#3286,#707);
#380=LINE('',#3287,#708);
#381=LINE('',#3290,#709);
#382=LINE('',#3291,#710);
#383=LINE('',#3294,#711);
#384=LINE('',#3295,#712);
#385=LINE('',#3297,#713);
#386=LINE('',#3301,#714);
#387=LINE('',#3303,#715);
#388=LINE('',#3305,#716);
#389=LINE('',#3306,#717);
#390=LINE('',#3310,#718);
#391=LINE('',#3312,#719);
#392=LINE('',#3314,#720);
#393=LINE('',#3315,#721);
#394=LINE('',#3318,#722);
#395=LINE('',#3320,#723);
#396=LINE('',#3321,#724);
#397=LINE('',#3324,#725);
#398=LINE('',#3325,#726);
#399=LINE('',#3328,#727);
#400=LINE('',#3330,#728);
#401=LINE('',#3331,#729);
#402=LINE('',#3334,#730);
#403=LINE('',#3335,#731);
#404=LINE('',#3337,#732);
#405=LINE('',#3341,#733);
#406=LINE('',#3342,#734);
#407=LINE('',#3345,#735);
#408=LINE('',#3346,#736);
#409=LINE('',#3348,#737);
#410=LINE('',#3351,#738);
#411=LINE('',#3352,#739);
#412=LINE('',#3355,#740);
#413=LINE('',#3356,#741);
#414=LINE('',#3359,#742);
#415=LINE('',#3360,#743);
#416=LINE('',#3363,#744);
#417=LINE('',#3364,#745);
#418=LINE('',#3367,#746);
#419=LINE('',#3368,#747);
#420=LINE('',#3371,#748);
#421=LINE('',#3372,#749);
#422=LINE('',#3374,#750);
#423=LINE('',#3378,#751);
#424=LINE('',#3380,#752);
#425=LINE('',#3381,#753);
#426=LINE('',#3384,#754);
#427=LINE('',#3386,#755);
#428=LINE('',#3387,#756);
#429=LINE('',#3390,#757);
#430=LINE('',#3391,#758);
#431=LINE('',#3394,#759);
#432=LINE('',#3395,#760);
#433=LINE('',#3397,#761);
#434=LINE('',#3399,#762);
#435=LINE('',#3400,#763);
#436=LINE('',#3403,#764);
#437=LINE('',#3404,#765);
#438=LINE('',#3405,#766);
#439=LINE('',#3408,#767);
#440=LINE('',#3409,#768);
#441=LINE('',#3412,#769);
#442=LINE('',#3413,#770);
#443=LINE('',#3415,#771);
#444=LINE('',#3417,#772);
#445=LINE('',#3418,#773);
#446=LINE('',#3421,#774);
#447=LINE('',#3422,#775);
#448=LINE('',#3423,#776);
#449=LINE('',#3425,#777);
#450=LINE('',#3427,#778);
#451=LINE('',#3428,#779);
#452=LINE('',#3431,#780);
#453=LINE('',#3432,#781);
#454=LINE('',#3433,#782);
#455=LINE('',#3436,#783);
#456=LINE('',#3437,#784);
#457=LINE('',#3440,#785);
#458=LINE('',#3441,#786);
#459=LINE('',#3443,#787);
#460=LINE('',#3445,#788);
#461=LINE('',#3446,#789);
#462=LINE('',#3449,#790);
#463=LINE('',#3450,#791);
#464=LINE('',#3451,#792);
#465=LINE('',#3454,#793);
#466=LINE('',#3455,#794);
#467=LINE('',#3458,#795);
#468=LINE('',#3459,#796);
#469=LINE('',#3462,#797);
#470=LINE('',#3463,#798);
#471=LINE('',#3466,#799);
#472=LINE('',#3467,#800);
#473=LINE('',#3468,#801);
#474=LINE('',#3470,#802);
#475=LINE('',#3471,#803);
#476=LINE('',#3475,#804);
#477=LINE('',#3477,#805);
#478=LINE('',#3478,#806);
#479=LINE('',#3480,#807);
#480=LINE('',#3482,#808);
#481=LINE('',#3483,#809);
#482=LINE('',#3486,#810);
#483=LINE('',#3487,#811);
#484=LINE('',#3489,#812);
#485=LINE('',#3493,#813);
#486=LINE('',#3494,#814);
#487=LINE('',#3497,#815);
#488=LINE('',#3498,#816);
#489=LINE('',#3499,#817);
#490=LINE('',#3501,#818);
#491=LINE('',#3505,#819);
#492=LINE('',#3506,#820);
#493=LINE('',#3508,#821);
#494=LINE('',#3510,#822);
#495=LINE('',#3511,#823);
#496=LINE('',#3513,#824);
#497=LINE('',#3517,#825);
#498=LINE('',#3518,#826);
#499=LINE('',#3521,#827);
#500=LINE('',#3522,#828);
#501=LINE('',#3524,#829);
#502=LINE('',#3525,#830);
#503=LINE('',#3529,#831);
#504=LINE('',#3531,#832);
#505=LINE('',#3532,#833);
#506=LINE('',#3535,#834);
#507=LINE('',#3537,#835);
#508=LINE('',#3538,#836);
#509=LINE('',#3540,#837);
#510=LINE('',#3542,#838);
#511=LINE('',#3543,#839);
#512=LINE('',#3546,#840);
#513=LINE('',#3547,#841);
#514=LINE('',#3548,#842);
#515=LINE('',#3551,#843);
#516=LINE('',#3552,#844);
#517=LINE('',#3555,#845);
#518=LINE('',#3556,#846);
#519=LINE('',#3558,#847);
#520=LINE('',#3560,#848);
#521=LINE('',#3561,#849);
#522=LINE('',#3564,#850);
#523=LINE('',#3565,#851);
#524=LINE('',#3566,#852);
#525=LINE('',#3569,#853);
#526=LINE('',#3570,#854);
#527=LINE('',#3573,#855);
#528=LINE('',#3574,#856);
#529=LINE('',#3576,#857);
#530=LINE('',#3578,#858);
#531=LINE('',#3579,#859);
#532=LINE('',#3582,#860);
#533=LINE('',#3583,#861);
#534=LINE('',#3584,#862);
#535=LINE('',#3586,#863);
#536=LINE('',#3588,#864);
#537=LINE('',#3589,#865);
#538=LINE('',#3592,#866);
#539=LINE('',#3593,#867);
#540=LINE('',#3594,#868);
#541=LINE('',#3597,#869);
#542=LINE('',#3598,#870);
#543=LINE('',#3601,#871);
#544=LINE('',#3602,#872);
#545=LINE('',#3604,#873);
#546=LINE('',#3606,#874);
#547=LINE('',#3607,#875);
#548=LINE('',#3610,#876);
#549=LINE('',#3611,#877);
#550=LINE('',#3612,#878);
#551=LINE('',#3615,#879);
#552=LINE('',#3617,#880);
#553=LINE('',#3618,#881);
#554=LINE('',#3620,#882);
#555=LINE('',#3621,#883);
#556=LINE('',#3625,#884);
#557=LINE('',#3626,#885);
#558=LINE('',#3627,#886);
#559=LINE('',#3630,#887);
#560=LINE('',#3631,#888);
#561=LINE('',#3632,#889);
#562=LINE('',#3635,#890);
#563=LINE('',#3636,#891);
#564=LINE('',#3638,#892);
#565=LINE('',#3642,#893);
#566=LINE('',#3643,#894);
#567=LINE('',#3646,#895);
#568=LINE('',#3647,#896);
#569=LINE('',#3648,#897);
#570=LINE('',#3650,#898);
#571=LINE('',#3654,#899);
#572=LINE('',#3655,#900);
#573=LINE('',#3658,#901);
#574=LINE('',#3659,#902);
#575=LINE('',#3661,#903);
#576=LINE('',#3662,#904);
#577=LINE('',#3666,#905);
#578=LINE('',#3668,#906);
#579=LINE('',#3669,#907);
#580=LINE('',#3672,#908);
#581=LINE('',#3674,#909);
#582=LINE('',#3675,#910);
#583=LINE('',#3677,#911);
#584=LINE('',#3678,#912);
#585=LINE('',#3680,#913);
#586=LINE('',#3684,#914);
#587=LINE('',#3685,#915);
#588=LINE('',#3688,#916);
#589=LINE('',#3689,#917);
#590=LINE('',#3691,#918);
#591=LINE('',#3692,#919);
#592=LINE('',#3696,#920);
#593=LINE('',#3697,#921);
#594=LINE('',#3700,#922);
#595=LINE('',#3702,#923);
#596=LINE('',#3703,#924);
#597=LINE('',#3704,#925);
#598=LINE('',#3706,#926);
#599=LINE('',#3708,#927);
#600=LINE('',#3712,#928);
#601=LINE('',#3714,#929);
#602=LINE('',#3715,#930);
#603=LINE('',#3718,#931);
#604=LINE('',#3720,#932);
#605=LINE('',#3721,#933);
#606=LINE('',#3724,#934);
#607=LINE('',#3725,#935);
#608=LINE('',#3727,#936);
#609=LINE('',#3728,#937);
#610=LINE('',#3730,#938);
#611=VECTOR('',#2503,10.);
#612=VECTOR('',#2504,10.);
#613=VECTOR('',#2505,10.);
#614=VECTOR('',#2506,10.);
#615=VECTOR('',#2507,10.);
#616=VECTOR('',#2508,10.);
#617=VECTOR('',#2509,10.);
#618=VECTOR('',#2510,10.);
#619=VECTOR('',#2511,10.);
#620=VECTOR('',#2512,10.);
#621=VECTOR('',#2513,10.);
#622=VECTOR('',#2514,10.);
#623=VECTOR('',#2515,10.);
#624=VECTOR('',#2516,10.);
#625=VECTOR('',#2517,10.);
#626=VECTOR('',#2518,10.);
#627=VECTOR('',#2519,10.);
#628=VECTOR('',#2520,10.);
#629=VECTOR('',#2521,10.);
#630=VECTOR('',#2522,10.);
#631=VECTOR('',#2523,10.);
#632=VECTOR('',#2524,10.);
#633=VECTOR('',#2525,10.);
#634=VECTOR('',#2526,10.);
#635=VECTOR('',#2527,10.);
#636=VECTOR('',#2528,10.);
#637=VECTOR('',#2529,10.);
#638=VECTOR('',#2530,10.);
#639=VECTOR('',#2531,10.);
#640=VECTOR('',#2532,10.);
#641=VECTOR('',#2533,10.);
#642=VECTOR('',#2534,10.);
#643=VECTOR('',#2535,10.);
#644=VECTOR('',#2536,10.);
#645=VECTOR('',#2539,10.);
#646=VECTOR('',#2540,10.);
#647=VECTOR('',#2541,10.);
#648=VECTOR('',#2542,10.);
#649=VECTOR('',#2543,10.);
#650=VECTOR('',#2544,10.);
#651=VECTOR('',#2545,10.);
#652=VECTOR('',#2546,10.);
#653=VECTOR('',#2547,10.);
#654=VECTOR('',#2548,10.);
#655=VECTOR('',#2549,10.);
#656=VECTOR('',#2550,10.);
#657=VECTOR('',#2551,10.);
#658=VECTOR('',#2552,10.);
#659=VECTOR('',#2553,10.);
#660=VECTOR('',#2554,10.);
#661=VECTOR('',#2555,10.);
#662=VECTOR('',#2556,10.);
#663=VECTOR('',#2557,10.);
#664=VECTOR('',#2558,10.);
#665=VECTOR('',#2559,10.);
#666=VECTOR('',#2560,10.);
#667=VECTOR('',#2561,10.);
#668=VECTOR('',#2562,10.);
#669=VECTOR('',#2563,10.);
#670=VECTOR('',#2564,10.);
#671=VECTOR('',#2565,10.);
#672=VECTOR('',#2566,10.);
#673=VECTOR('',#2567,10.);
#674=VECTOR('',#2568,10.);
#675=VECTOR('',#2569,10.);
#676=VECTOR('',#2570,10.);
#677=VECTOR('',#2571,10.);
#678=VECTOR('',#2572,10.);
#679=VECTOR('',#2575,10.);
#680=VECTOR('',#2576,10.);
#681=VECTOR('',#2577,10.);
#682=VECTOR('',#2580,10.);
#683=VECTOR('',#2581,10.);
#684=VECTOR('',#2584,10.);
#685=VECTOR('',#2585,10.);
#686=VECTOR('',#2586,10.);
#687=VECTOR('',#2589,10.);
#688=VECTOR('',#2590,10.);
#689=VECTOR('',#2593,10.);
#690=VECTOR('',#2594,10.);
#691=VECTOR('',#2597,10.);
#692=VECTOR('',#2598,10.);
#693=VECTOR('',#2601,10.);
#694=VECTOR('',#2602,10.);
#695=VECTOR('',#2605,10.);
#696=VECTOR('',#2606,10.);
#697=VECTOR('',#2609,10.);
#698=VECTOR('',#2610,10.);
#699=VECTOR('',#2613,10.);
#700=VECTOR('',#2614,10.);
#701=VECTOR('',#2617,10.);
#702=VECTOR('',#2618,10.);
#703=VECTOR('',#2621,10.);
#704=VECTOR('',#2622,10.);
#705=VECTOR('',#2625,10.);
#706=VECTOR('',#2626,10.);
#707=VECTOR('',#2629,10.);
#708=VECTOR('',#2630,10.);
#709=VECTOR('',#2633,10.);
#710=VECTOR('',#2634,10.);
#711=VECTOR('',#2637,10.);
#712=VECTOR('',#2638,10.);
#713=VECTOR('',#2641,10.);
#714=VECTOR('',#2644,10.);
#715=VECTOR('',#2645,10.);
#716=VECTOR('',#2646,10.);
#717=VECTOR('',#2647,10.);
#718=VECTOR('',#2650,10.);
#719=VECTOR('',#2651,10.);
#720=VECTOR('',#2652,10.);
#721=VECTOR('',#2653,10.);
#722=VECTOR('',#2656,10.);
#723=VECTOR('',#2657,10.);
#724=VECTOR('',#2658,10.);
#725=VECTOR('',#2661,10.);
#726=VECTOR('',#2662,10.);
#727=VECTOR('',#2665,10.);
#728=VECTOR('',#2666,10.);
#729=VECTOR('',#2667,10.);
#730=VECTOR('',#2670,10.);
#731=VECTOR('',#2671,10.);
#732=VECTOR('',#2674,10.);
#733=VECTOR('',#2679,10.);
#734=VECTOR('',#2680,10.);
#735=VECTOR('',#2683,10.);
#736=VECTOR('',#2684,10.);
#737=VECTOR('',#2687,10.);
#738=VECTOR('',#2690,10.);
#739=VECTOR('',#2691,10.);
#740=VECTOR('',#2694,10.);
#741=VECTOR('',#2695,10.);
#742=VECTOR('',#2698,10.);
#743=VECTOR('',#2699,10.);
#744=VECTOR('',#2702,10.);
#745=VECTOR('',#2703,10.);
#746=VECTOR('',#2706,10.);
#747=VECTOR('',#2707,10.);
#748=VECTOR('',#2710,10.);
#749=VECTOR('',#2711,10.);
#750=VECTOR('',#2714,10.);
#751=VECTOR('',#2719,10.);
#752=VECTOR('',#2720,10.);
#753=VECTOR('',#2721,10.);
#754=VECTOR('',#2724,10.);
#755=VECTOR('',#2725,10.);
#756=VECTOR('',#2726,10.);
#757=VECTOR('',#2729,10.);
#758=VECTOR('',#2730,10.);
#759=VECTOR('',#2733,10.);
#760=VECTOR('',#2734,10.);
#761=VECTOR('',#2737,10.);
#762=VECTOR('',#2738,10.);
#763=VECTOR('',#2739,10.);
#764=VECTOR('',#2742,10.);
#765=VECTOR('',#2743,10.);
#766=VECTOR('',#2744,10.);
#767=VECTOR('',#2747,10.);
#768=VECTOR('',#2748,10.);
#769=VECTOR('',#2751,10.);
#770=VECTOR('',#2752,10.);
#771=VECTOR('',#2755,10.);
#772=VECTOR('',#2756,10.);
#773=VECTOR('',#2757,10.);
#774=VECTOR('',#2760,10.);
#775=VECTOR('',#2761,10.);
#776=VECTOR('',#2762,10.);
#777=VECTOR('',#2765,10.);
#778=VECTOR('',#2766,10.);
#779=VECTOR('',#2767,10.);
#780=VECTOR('',#2770,10.);
#781=VECTOR('',#2771,10.);
#782=VECTOR('',#2772,10.);
#783=VECTOR('',#2775,10.);
#784=VECTOR('',#2776,10.);
#785=VECTOR('',#2779,10.);
#786=VECTOR('',#2780,10.);
#787=VECTOR('',#2783,10.);
#788=VECTOR('',#2784,10.);
#789=VECTOR('',#2785,10.);
#790=VECTOR('',#2788,10.);
#791=VECTOR('',#2789,10.);
#792=VECTOR('',#2790,10.);
#793=VECTOR('',#2793,10.);
#794=VECTOR('',#2794,10.);
#795=VECTOR('',#2797,10.);
#796=VECTOR('',#2798,10.);
#797=VECTOR('',#2801,10.);
#798=VECTOR('',#2802,10.);
#799=VECTOR('',#2805,10.);
#800=VECTOR('',#2806,10.);
#801=VECTOR('',#2807,10.);
#802=VECTOR('',#2810,10.);
#803=VECTOR('',#2811,10.);
#804=VECTOR('',#2816,10.);
#805=VECTOR('',#2817,10.);
#806=VECTOR('',#2818,10.);
#807=VECTOR('',#2821,10.);
#808=VECTOR('',#2822,10.);
#809=VECTOR('',#2823,10.);
#810=VECTOR('',#2826,10.);
#811=VECTOR('',#2827,10.);
#812=VECTOR('',#2830,10.);
#813=VECTOR('',#2835,10.);
#814=VECTOR('',#2836,10.);
#815=VECTOR('',#2839,10.);
#816=VECTOR('',#2840,10.);
#817=VECTOR('',#2841,10.);
#818=VECTOR('',#2844,10.);
#819=VECTOR('',#2849,10.);
#820=VECTOR('',#2850,10.);
#821=VECTOR('',#2853,10.);
#822=VECTOR('',#2854,10.);
#823=VECTOR('',#2855,10.);
#824=VECTOR('',#2858,10.);
#825=VECTOR('',#2863,10.);
#826=VECTOR('',#2864,10.);
#827=VECTOR('',#2867,10.);
#828=VECTOR('',#2868,10.);
#829=VECTOR('',#2871,10.);
#830=VECTOR('',#2872,10.);
#831=VECTOR('',#2877,10.);
#832=VECTOR('',#2878,10.);
#833=VECTOR('',#2879,10.);
#834=VECTOR('',#2882,10.);
#835=VECTOR('',#2883,10.);
#836=VECTOR('',#2884,10.);
#837=VECTOR('',#2887,10.);
#838=VECTOR('',#2888,10.);
#839=VECTOR('',#2889,10.);
#840=VECTOR('',#2892,10.);
#841=VECTOR('',#2893,10.);
#842=VECTOR('',#2894,10.);
#843=VECTOR('',#2897,10.);
#844=VECTOR('',#2898,10.);
#845=VECTOR('',#2901,10.);
#846=VECTOR('',#2902,10.);
#847=VECTOR('',#2905,10.);
#848=VECTOR('',#2906,10.);
#849=VECTOR('',#2907,10.);
#850=VECTOR('',#2910,10.);
#851=VECTOR('',#2911,10.);
#852=VECTOR('',#2912,10.);
#853=VECTOR('',#2915,10.);
#854=VECTOR('',#2916,10.);
#855=VECTOR('',#2919,10.);
#856=VECTOR('',#2920,10.);
#857=VECTOR('',#2923,10.);
#858=VECTOR('',#2924,10.);
#859=VECTOR('',#2925,10.);
#860=VECTOR('',#2928,10.);
#861=VECTOR('',#2929,10.);
#862=VECTOR('',#2930,10.);
#863=VECTOR('',#2933,10.);
#864=VECTOR('',#2934,10.);
#865=VECTOR('',#2935,10.);
#866=VECTOR('',#2938,10.);
#867=VECTOR('',#2939,10.);
#868=VECTOR('',#2940,10.);
#869=VECTOR('',#2943,10.);
#870=VECTOR('',#2944,10.);
#871=VECTOR('',#2947,10.);
#872=VECTOR('',#2948,10.);
#873=VECTOR('',#2951,10.);
#874=VECTOR('',#2952,10.);
#875=VECTOR('',#2953,10.);
#876=VECTOR('',#2956,10.);
#877=VECTOR('',#2957,10.);
#878=VECTOR('',#2958,10.);
#879=VECTOR('',#2961,10.);
#880=VECTOR('',#2962,10.);
#881=VECTOR('',#2963,10.);
#882=VECTOR('',#2966,10.);
#883=VECTOR('',#2967,10.);
#884=VECTOR('',#2970,10.);
#885=VECTOR('',#2971,10.);
#886=VECTOR('',#2972,10.);
#887=VECTOR('',#2975,10.);
#888=VECTOR('',#2976,10.);
#889=VECTOR('',#2977,10.);
#890=VECTOR('',#2980,10.);
#891=VECTOR('',#2981,10.);
#892=VECTOR('',#2984,10.);
#893=VECTOR('',#2989,10.);
#894=VECTOR('',#2990,10.);
#895=VECTOR('',#2993,10.);
#896=VECTOR('',#2994,10.);
#897=VECTOR('',#2995,10.);
#898=VECTOR('',#2998,10.);
#899=VECTOR('',#3003,10.);
#900=VECTOR('',#3004,10.);
#901=VECTOR('',#3007,10.);
#902=VECTOR('',#3008,10.);
#903=VECTOR('',#3011,10.);
#904=VECTOR('',#3012,10.);
#905=VECTOR('',#3017,10.);
#906=VECTOR('',#3018,10.);
#907=VECTOR('',#3019,10.);
#908=VECTOR('',#3022,10.);
#909=VECTOR('',#3023,10.);
#910=VECTOR('',#3024,10.);
#911=VECTOR('',#3027,10.);
#912=VECTOR('',#3028,10.);
#913=VECTOR('',#3031,10.);
#914=VECTOR('',#3036,10.);
#915=VECTOR('',#3037,10.);
#916=VECTOR('',#3040,10.);
#917=VECTOR('',#3041,10.);
#918=VECTOR('',#3044,10.);
#919=VECTOR('',#3045,10.);
#920=VECTOR('',#3050,10.);
#921=VECTOR('',#3051,10.);
#922=VECTOR('',#3054,10.);
#923=VECTOR('',#3055,10.);
#924=VECTOR('',#3056,10.);
#925=VECTOR('',#3057,10.);
#926=VECTOR('',#3060,10.);
#927=VECTOR('',#3063,10.);
#928=VECTOR('',#3068,10.);
#929=VECTOR('',#3069,10.);
#930=VECTOR('',#3070,10.);
#931=VECTOR('',#3073,10.);
#932=VECTOR('',#3074,10.);
#933=VECTOR('',#3075,10.);
#934=VECTOR('',#3078,10.);
#935=VECTOR('',#3079,10.);
#936=VECTOR('',#3082,10.);
#937=VECTOR('',#3083,10.);
#938=VECTOR('',#3086,10.);
#939=VERTEX_POINT('',#3091);
#940=VERTEX_POINT('',#3092);
#941=VERTEX_POINT('',#3094);
#942=VERTEX_POINT('',#3096);
#943=VERTEX_POINT('',#3098);
#944=VERTEX_POINT('',#3100);
#945=VERTEX_POINT('',#3102);
#946=VERTEX_POINT('',#3104);
#947=VERTEX_POINT('',#3106);
#948=VERTEX_POINT('',#3108);
#949=VERTEX_POINT('',#3110);
#950=VERTEX_POINT('',#3112);
#951=VERTEX_POINT('',#3114);
#952=VERTEX_POINT('',#3116);
#953=VERTEX_POINT('',#3118);
#954=VERTEX_POINT('',#3120);
#955=VERTEX_POINT('',#3122);
#956=VERTEX_POINT('',#3124);
#957=VERTEX_POINT('',#3126);
#958=VERTEX_POINT('',#3128);
#959=VERTEX_POINT('',#3130);
#960=VERTEX_POINT('',#3132);
#961=VERTEX_POINT('',#3135);
#962=VERTEX_POINT('',#3136);
#963=VERTEX_POINT('',#3138);
#964=VERTEX_POINT('',#3140);
#965=VERTEX_POINT('',#3142);
#966=VERTEX_POINT('',#3144);
#967=VERTEX_POINT('',#3146);
#968=VERTEX_POINT('',#3148);
#969=VERTEX_POINT('',#3150);
#970=VERTEX_POINT('',#3152);
#971=VERTEX_POINT('',#3154);
#972=VERTEX_POINT('',#3156);
#973=VERTEX_POINT('',#3160);
#974=VERTEX_POINT('',#3161);
#975=VERTEX_POINT('',#3163);
#976=VERTEX_POINT('',#3165);
#977=VERTEX_POINT('',#3167);
#978=VERTEX_POINT('',#3169);
#979=VERTEX_POINT('',#3171);
#980=VERTEX_POINT('',#3173);
#981=VERTEX_POINT('',#3175);
#982=VERTEX_POINT('',#3177);
#983=VERTEX_POINT('',#3179);
#984=VERTEX_POINT('',#3181);
#985=VERTEX_POINT('',#3183);
#986=VERTEX_POINT('',#3185);
#987=VERTEX_POINT('',#3187);
#988=VERTEX_POINT('',#3189);
#989=VERTEX_POINT('',#3191);
#990=VERTEX_POINT('',#3193);
#991=VERTEX_POINT('',#3195);
#992=VERTEX_POINT('',#3197);
#993=VERTEX_POINT('',#3199);
#994=VERTEX_POINT('',#3201);
#995=VERTEX_POINT('',#3204);
#996=VERTEX_POINT('',#3205);
#997=VERTEX_POINT('',#3207);
#998=VERTEX_POINT('',#3209);
#999=VERTEX_POINT('',#3211);
#1000=VERTEX_POINT('',#3213);
#1001=VERTEX_POINT('',#3215);
#1002=VERTEX_POINT('',#3217);
#1003=VERTEX_POINT('',#3219);
#1004=VERTEX_POINT('',#3221);
#1005=VERTEX_POINT('',#3223);
#1006=VERTEX_POINT('',#3225);
#1007=VERTEX_POINT('',#3229);
#1008=VERTEX_POINT('',#3231);
#1009=VERTEX_POINT('',#3235);
#1010=VERTEX_POINT('',#3239);
#1011=VERTEX_POINT('',#3241);
#1012=VERTEX_POINT('',#3245);
#1013=VERTEX_POINT('',#3249);
#1014=VERTEX_POINT('',#3253);
#1015=VERTEX_POINT('',#3257);
#1016=VERTEX_POINT('',#3261);
#1017=VERTEX_POINT('',#3265);
#1018=VERTEX_POINT('',#3269);
#1019=VERTEX_POINT('',#3273);
#1020=VERTEX_POINT('',#3277);
#1021=VERTEX_POINT('',#3281);
#1022=VERTEX_POINT('',#3285);
#1023=VERTEX_POINT('',#3289);
#1024=VERTEX_POINT('',#3293);
#1025=VERTEX_POINT('',#3299);
#1026=VERTEX_POINT('',#3300);
#1027=VERTEX_POINT('',#3302);
#1028=VERTEX_POINT('',#3304);
#1029=VERTEX_POINT('',#3308);
#1030=VERTEX_POINT('',#3309);
#1031=VERTEX_POINT('',#3311);
#1032=VERTEX_POINT('',#3313);
#1033=VERTEX_POINT('',#3317);
#1034=VERTEX_POINT('',#3319);
#1035=VERTEX_POINT('',#3323);
#1036=VERTEX_POINT('',#3327);
#1037=VERTEX_POINT('',#3329);
#1038=VERTEX_POINT('',#3333);
#1039=VERTEX_POINT('',#3340);
#1040=VERTEX_POINT('',#3344);
#1041=VERTEX_POINT('',#3350);
#1042=VERTEX_POINT('',#3354);
#1043=VERTEX_POINT('',#3358);
#1044=VERTEX_POINT('',#3362);
#1045=VERTEX_POINT('',#3366);
#1046=VERTEX_POINT('',#3370);
#1047=VERTEX_POINT('',#3377);
#1048=VERTEX_POINT('',#3379);
#1049=VERTEX_POINT('',#3383);
#1050=VERTEX_POINT('',#3385);
#1051=VERTEX_POINT('',#3389);
#1052=VERTEX_POINT('',#3393);
#1053=VERTEX_POINT('',#3398);
#1054=VERTEX_POINT('',#3402);
#1055=VERTEX_POINT('',#3407);
#1056=VERTEX_POINT('',#3411);
#1057=VERTEX_POINT('',#3416);
#1058=VERTEX_POINT('',#3420);
#1059=VERTEX_POINT('',#3426);
#1060=VERTEX_POINT('',#3430);
#1061=VERTEX_POINT('',#3435);
#1062=VERTEX_POINT('',#3439);
#1063=VERTEX_POINT('',#3444);
#1064=VERTEX_POINT('',#3448);
#1065=VERTEX_POINT('',#3453);
#1066=VERTEX_POINT('',#3457);
#1067=VERTEX_POINT('',#3461);
#1068=VERTEX_POINT('',#3465);
#1069=VERTEX_POINT('',#3474);
#1070=VERTEX_POINT('',#3476);
#1071=VERTEX_POINT('',#3481);
#1072=VERTEX_POINT('',#3485);
#1073=VERTEX_POINT('',#3492);
#1074=VERTEX_POINT('',#3496);
#1075=VERTEX_POINT('',#3504);
#1076=VERTEX_POINT('',#3509);
#1077=VERTEX_POINT('',#3516);
#1078=VERTEX_POINT('',#3520);
#1079=VERTEX_POINT('',#3528);
#1080=VERTEX_POINT('',#3530);
#1081=VERTEX_POINT('',#3534);
#1082=VERTEX_POINT('',#3536);
#1083=VERTEX_POINT('',#3541);
#1084=VERTEX_POINT('',#3545);
#1085=VERTEX_POINT('',#3550);
#1086=VERTEX_POINT('',#3554);
#1087=VERTEX_POINT('',#3559);
#1088=VERTEX_POINT('',#3563);
#1089=VERTEX_POINT('',#3568);
#1090=VERTEX_POINT('',#3572);
#1091=VERTEX_POINT('',#3577);
#1092=VERTEX_POINT('',#3581);
#1093=VERTEX_POINT('',#3587);
#1094=VERTEX_POINT('',#3591);
#1095=VERTEX_POINT('',#3596);
#1096=VERTEX_POINT('',#3600);
#1097=VERTEX_POINT('',#3605);
#1098=VERTEX_POINT('',#3609);
#1099=VERTEX_POINT('',#3614);
#1100=VERTEX_POINT('',#3616);
#1101=VERTEX_POINT('',#3623);
#1102=VERTEX_POINT('',#3624);
#1103=VERTEX_POINT('',#3629);
#1104=VERTEX_POINT('',#3634);
#1105=VERTEX_POINT('',#3641);
#1106=VERTEX_POINT('',#3645);
#1107=VERTEX_POINT('',#3653);
#1108=VERTEX_POINT('',#3657);
#1109=VERTEX_POINT('',#3665);
#1110=VERTEX_POINT('',#3667);
#1111=VERTEX_POINT('',#3671);
#1112=VERTEX_POINT('',#3673);
#1113=VERTEX_POINT('',#3683);
#1114=VERTEX_POINT('',#3687);
#1115=VERTEX_POINT('',#3695);
#1116=VERTEX_POINT('',#3699);
#1117=VERTEX_POINT('',#3701);
#1118=VERTEX_POINT('',#3711);
#1119=VERTEX_POINT('',#3713);
#1120=VERTEX_POINT('',#3717);
#1121=VERTEX_POINT('',#3719);
#1122=VERTEX_POINT('',#3723);
#1123=EDGE_CURVE('',#939,#940,#283,.T.);
#1124=EDGE_CURVE('',#941,#939,#284,.T.);
#1125=EDGE_CURVE('',#942,#941,#285,.T.);
#1126=EDGE_CURVE('',#943,#942,#286,.T.);
#1127=EDGE_CURVE('',#944,#943,#287,.T.);
#1128=EDGE_CURVE('',#944,#945,#288,.T.);
#1129=EDGE_CURVE('',#946,#945,#289,.T.);
#1130=EDGE_CURVE('',#947,#946,#290,.T.);
#1131=EDGE_CURVE('',#948,#947,#291,.T.);
#1132=EDGE_CURVE('',#949,#948,#292,.T.);
#1133=EDGE_CURVE('',#950,#949,#293,.T.);
#1134=EDGE_CURVE('',#951,#950,#294,.T.);
#1135=EDGE_CURVE('',#952,#951,#295,.T.);
#1136=EDGE_CURVE('',#953,#952,#296,.T.);
#1137=EDGE_CURVE('',#954,#953,#297,.T.);
#1138=EDGE_CURVE('',#954,#955,#298,.T.);
#1139=EDGE_CURVE('',#956,#955,#299,.T.);
#1140=EDGE_CURVE('',#957,#956,#300,.T.);
#1141=EDGE_CURVE('',#958,#957,#301,.T.);
#1142=EDGE_CURVE('',#959,#958,#302,.T.);
#1143=EDGE_CURVE('',#960,#959,#303,.T.);
#1144=EDGE_CURVE('',#940,#960,#304,.T.);
#1145=EDGE_CURVE('',#961,#962,#305,.T.);
#1146=EDGE_CURVE('',#963,#961,#306,.T.);
#1147=EDGE_CURVE('',#964,#963,#307,.T.);
#1148=EDGE_CURVE('',#965,#964,#308,.T.);
#1149=EDGE_CURVE('',#966,#965,#309,.T.);
#1150=EDGE_CURVE('',#967,#966,#310,.T.);
#1151=EDGE_CURVE('',#968,#967,#311,.T.);
#1152=EDGE_CURVE('',#969,#968,#312,.T.);
#1153=EDGE_CURVE('',#970,#969,#313,.T.);
#1154=EDGE_CURVE('',#971,#970,#314,.T.);
#1155=EDGE_CURVE('',#972,#971,#315,.T.);
#1156=EDGE_CURVE('',#962,#972,#316,.T.);
#1157=EDGE_CURVE('',#973,#974,#317,.T.);
#1158=EDGE_CURVE('',#975,#973,#318,.T.);
#1159=EDGE_CURVE('',#976,#975,#319,.T.);
#1160=EDGE_CURVE('',#977,#976,#320,.T.);
#1161=EDGE_CURVE('',#978,#977,#321,.T.);
#1162=EDGE_CURVE('',#979,#978,#322,.T.);
#1163=EDGE_CURVE('',#980,#979,#323,.T.);
#1164=EDGE_CURVE('',#980,#981,#324,.T.);
#1165=EDGE_CURVE('',#982,#981,#325,.T.);
#1166=EDGE_CURVE('',#983,#982,#326,.T.);
#1167=EDGE_CURVE('',#984,#983,#327,.T.);
#1168=EDGE_CURVE('',#985,#984,#328,.T.);
#1169=EDGE_CURVE('',#986,#985,#329,.T.);
#1170=EDGE_CURVE('',#987,#986,#330,.T.);
#1171=EDGE_CURVE('',#988,#987,#331,.T.);
#1172=EDGE_CURVE('',#989,#988,#332,.T.);
#1173=EDGE_CURVE('',#990,#989,#333,.T.);
#1174=EDGE_CURVE('',#990,#991,#334,.T.);
#1175=EDGE_CURVE('',#992,#991,#335,.T.);
#1176=EDGE_CURVE('',#993,#992,#336,.T.);
#1177=EDGE_CURVE('',#994,#993,#337,.T.);
#1178=EDGE_CURVE('',#974,#994,#338,.T.);
#1179=EDGE_CURVE('',#995,#996,#339,.T.);
#1180=EDGE_CURVE('',#997,#995,#340,.T.);
#1181=EDGE_CURVE('',#998,#997,#341,.T.);
#1182=EDGE_CURVE('',#999,#998,#342,.T.);
#1183=EDGE_CURVE('',#1000,#999,#343,.T.);
#1184=EDGE_CURVE('',#1001,#1000,#344,.T.);
#1185=EDGE_CURVE('',#1002,#1001,#345,.T.);
#1186=EDGE_CURVE('',#1003,#1002,#346,.T.);
#1187=EDGE_CURVE('',#1004,#1003,#347,.T.);
#1188=EDGE_CURVE('',#1005,#1004,#348,.T.);
#1189=EDGE_CURVE('',#1006,#1005,#349,.T.);
#1190=EDGE_CURVE('',#996,#1006,#350,.T.);
#1191=EDGE_CURVE('',#1007,#966,#351,.T.);
#1192=EDGE_CURVE('',#1008,#1007,#352,.T.);
#1193=EDGE_CURVE('',#1008,#967,#353,.T.);
#1194=EDGE_CURVE('',#1009,#1008,#354,.T.);
#1195=EDGE_CURVE('',#1009,#968,#355,.T.);
#1196=EDGE_CURVE('',#1001,#1010,#356,.T.);
#1197=EDGE_CURVE('',#1011,#1010,#357,.T.);
#1198=EDGE_CURVE('',#1002,#1011,#358,.T.);
#1199=EDGE_CURVE('',#1012,#965,#359,.T.);
#1200=EDGE_CURVE('',#1007,#1012,#360,.T.);
#1201=EDGE_CURVE('',#1013,#1009,#361,.T.);
#1202=EDGE_CURVE('',#1013,#969,#362,.T.);
#1203=EDGE_CURVE('',#1000,#1014,#363,.T.);
#1204=EDGE_CURVE('',#1010,#1014,#364,.T.);
#1205=EDGE_CURVE('',#1015,#964,#365,.T.);
#1206=EDGE_CURVE('',#1012,#1015,#366,.T.);
#1207=EDGE_CURVE('',#1016,#1013,#367,.T.);
#1208=EDGE_CURVE('',#1016,#970,#368,.T.);
#1209=EDGE_CURVE('',#999,#1017,#369,.T.);
#1210=EDGE_CURVE('',#1014,#1017,#370,.T.);
#1211=EDGE_CURVE('',#1018,#963,#371,.T.);
#1212=EDGE_CURVE('',#1015,#1018,#372,.T.);
#1213=EDGE_CURVE('',#1019,#1016,#373,.T.);
#1214=EDGE_CURVE('',#1019,#971,#374,.T.);
#1215=EDGE_CURVE('',#998,#1020,#375,.T.);
#1216=EDGE_CURVE('',#1017,#1020,#376,.T.);
#1217=EDGE_CURVE('',#1021,#961,#377,.T.);
#1218=EDGE_CURVE('',#1018,#1021,#378,.T.);
#1219=EDGE_CURVE('',#1022,#1019,#379,.T.);
#1220=EDGE_CURVE('',#1022,#972,#380,.T.);
#1221=EDGE_CURVE('',#997,#1023,#381,.T.);
#1222=EDGE_CURVE('',#1020,#1023,#382,.T.);
#1223=EDGE_CURVE('',#962,#1024,#383,.T.);
#1224=EDGE_CURVE('',#1021,#1024,#384,.T.);
#1225=EDGE_CURVE('',#1024,#1022,#385,.T.);
#1226=EDGE_CURVE('',#1025,#1026,#386,.T.);
#1227=EDGE_CURVE('',#1027,#1025,#387,.T.);
#1228=EDGE_CURVE('',#1028,#1027,#388,.T.);
#1229=EDGE_CURVE('',#1026,#1028,#389,.T.);
#1230=EDGE_CURVE('',#1029,#1030,#390,.T.);
#1231=EDGE_CURVE('',#1031,#1029,#391,.T.);
#1232=EDGE_CURVE('',#1032,#1031,#392,.T.);
#1233=EDGE_CURVE('',#1030,#1032,#393,.T.);
#1234=EDGE_CURVE('',#1033,#1025,#394,.T.);
#1235=EDGE_CURVE('',#1034,#1033,#395,.T.);
#1236=EDGE_CURVE('',#1034,#1027,#396,.T.);
#1237=EDGE_CURVE('',#1035,#1034,#397,.T.);
#1238=EDGE_CURVE('',#1035,#1028,#398,.T.);
#1239=EDGE_CURVE('',#1031,#1036,#399,.T.);
#1240=EDGE_CURVE('',#1037,#1036,#400,.T.);
#1241=EDGE_CURVE('',#1032,#1037,#401,.T.);
#1242=EDGE_CURVE('',#1026,#1038,#402,.T.);
#1243=EDGE_CURVE('',#1033,#1038,#403,.T.);
#1244=EDGE_CURVE('',#1038,#1035,#404,.T.);
#1245=EDGE_CURVE('',#1039,#1029,#405,.T.);
#1246=EDGE_CURVE('',#1036,#1039,#406,.T.);
#1247=EDGE_CURVE('',#1040,#1037,#407,.T.);
#1248=EDGE_CURVE('',#1030,#1040,#408,.T.);
#1249=EDGE_CURVE('',#1039,#1040,#409,.T.);
#1250=EDGE_CURVE('',#1041,#995,#410,.T.);
#1251=EDGE_CURVE('',#1023,#1041,#411,.T.);
#1252=EDGE_CURVE('',#1042,#1011,#412,.T.);
#1253=EDGE_CURVE('',#1003,#1042,#413,.T.);
#1254=EDGE_CURVE('',#1043,#1042,#414,.T.);
#1255=EDGE_CURVE('',#1004,#1043,#415,.T.);
#1256=EDGE_CURVE('',#1044,#1043,#416,.T.);
#1257=EDGE_CURVE('',#1005,#1044,#417,.T.);
#1258=EDGE_CURVE('',#1045,#1044,#418,.T.);
#1259=EDGE_CURVE('',#1006,#1045,#419,.T.);
#1260=EDGE_CURVE('',#1046,#1045,#420,.T.);
#1261=EDGE_CURVE('',#996,#1046,#421,.T.);
#1262=EDGE_CURVE('',#1041,#1046,#422,.T.);
#1263=EDGE_CURVE('',#1047,#945,#423,.T.);
#1264=EDGE_CURVE('',#1048,#1047,#424,.T.);
#1265=EDGE_CURVE('',#1048,#946,#425,.T.);
#1266=EDGE_CURVE('',#989,#1049,#426,.T.);
#1267=EDGE_CURVE('',#1050,#1049,#427,.T.);
#1268=EDGE_CURVE('',#990,#1050,#428,.T.);
#1269=EDGE_CURVE('',#1051,#1048,#429,.T.);
#1270=EDGE_CURVE('',#947,#1051,#430,.T.);
#1271=EDGE_CURVE('',#1052,#988,#431,.T.);
#1272=EDGE_CURVE('',#1049,#1052,#432,.T.);
#1273=EDGE_CURVE('',#947,#1051,#433,.T.);
#1274=EDGE_CURVE('',#1053,#1051,#434,.T.);
#1275=EDGE_CURVE('',#948,#1053,#435,.T.);
#1276=EDGE_CURVE('',#1054,#987,#436,.T.);
#1277=EDGE_CURVE('',#1052,#1054,#437,.T.);
#1278=EDGE_CURVE('',#1052,#988,#438,.T.);
#1279=EDGE_CURVE('',#1055,#1053,#439,.T.);
#1280=EDGE_CURVE('',#1055,#949,#440,.T.);
#1281=EDGE_CURVE('',#986,#1056,#441,.T.);
#1282=EDGE_CURVE('',#1054,#1056,#442,.T.);
#1283=EDGE_CURVE('',#1055,#949,#443,.T.);
#1284=EDGE_CURVE('',#1057,#1055,#444,.T.);
#1285=EDGE_CURVE('',#950,#1057,#445,.T.);
#1286=EDGE_CURVE('',#1058,#985,#446,.T.);
#1287=EDGE_CURVE('',#1056,#1058,#447,.T.);
#1288=EDGE_CURVE('',#986,#1056,#448,.T.);
#1289=EDGE_CURVE('',#950,#1057,#449,.T.);
#1290=EDGE_CURVE('',#1059,#1057,#450,.T.);
#1291=EDGE_CURVE('',#1059,#951,#451,.T.);
#1292=EDGE_CURVE('',#984,#1060,#452,.T.);
#1293=EDGE_CURVE('',#1058,#1060,#453,.T.);
#1294=EDGE_CURVE('',#1058,#985,#454,.T.);
#1295=EDGE_CURVE('',#1061,#1059,#455,.T.);
#1296=EDGE_CURVE('',#952,#1061,#456,.T.);
#1297=EDGE_CURVE('',#1062,#983,#457,.T.);
#1298=EDGE_CURVE('',#1060,#1062,#458,.T.);
#1299=EDGE_CURVE('',#952,#1061,#459,.T.);
#1300=EDGE_CURVE('',#1063,#1061,#460,.T.);
#1301=EDGE_CURVE('',#1063,#953,#461,.T.);
#1302=EDGE_CURVE('',#982,#1064,#462,.T.);
#1303=EDGE_CURVE('',#1062,#1064,#463,.T.);
#1304=EDGE_CURVE('',#1062,#983,#464,.T.);
#1305=EDGE_CURVE('',#1065,#1063,#465,.T.);
#1306=EDGE_CURVE('',#1065,#954,#466,.T.);
#1307=EDGE_CURVE('',#981,#1066,#467,.T.);
#1308=EDGE_CURVE('',#1064,#1066,#468,.T.);
#1309=EDGE_CURVE('',#1067,#1061,#469,.T.);
#1310=EDGE_CURVE('',#1057,#1067,#470,.T.);
#1311=EDGE_CURVE('',#1068,#1058,#471,.T.);
#1312=EDGE_CURVE('',#1067,#1068,#472,.T.);
#1313=EDGE_CURVE('',#985,#950,#473,.T.);
#1314=EDGE_CURVE('',#1062,#1068,#474,.T.);
#1315=EDGE_CURVE('',#983,#952,#475,.T.);
#1316=EDGE_CURVE('',#1069,#1057,#476,.T.);
#1317=EDGE_CURVE('',#1055,#1070,#477,.T.);
#1318=EDGE_CURVE('',#1070,#1069,#478,.T.);
#1319=EDGE_CURVE('',#949,#986,#479,.T.);
#1320=EDGE_CURVE('',#1071,#1056,#480,.T.);
#1321=EDGE_CURVE('',#1070,#1071,#481,.T.);
#1322=EDGE_CURVE('',#1072,#1071,#482,.T.);
#1323=EDGE_CURVE('',#1069,#1072,#483,.T.);
#1324=EDGE_CURVE('',#1058,#1072,#484,.T.);
#1325=EDGE_CURVE('',#1051,#1073,#485,.T.);
#1326=EDGE_CURVE('',#1073,#1055,#486,.T.);
#1327=EDGE_CURVE('',#1074,#1052,#487,.T.);
#1328=EDGE_CURVE('',#1073,#1074,#488,.T.);
#1329=EDGE_CURVE('',#988,#947,#489,.T.);
#1330=EDGE_CURVE('',#1056,#1074,#490,.T.);
#1331=EDGE_CURVE('',#1075,#1051,#491,.T.);
#1332=EDGE_CURVE('',#1047,#1075,#492,.T.);
#1333=EDGE_CURVE('',#945,#990,#493,.T.);
#1334=EDGE_CURVE('',#1076,#1050,#494,.T.);
#1335=EDGE_CURVE('',#1075,#1076,#495,.T.);
#1336=EDGE_CURVE('',#1052,#1076,#496,.T.);
#1337=EDGE_CURVE('',#1061,#1077,#497,.T.);
#1338=EDGE_CURVE('',#1077,#1065,#498,.T.);
#1339=EDGE_CURVE('',#1078,#1062,#499,.T.);
#1340=EDGE_CURVE('',#1077,#1078,#500,.T.);
#1341=EDGE_CURVE('',#1066,#1078,#501,.T.);
#1342=EDGE_CURVE('',#954,#981,#502,.T.);
#1343=EDGE_CURVE('',#1079,#955,#503,.T.);
#1344=EDGE_CURVE('',#1080,#1079,#504,.T.);
#1345=EDGE_CURVE('',#1080,#956,#505,.T.);
#1346=EDGE_CURVE('',#979,#1081,#506,.T.);
#1347=EDGE_CURVE('',#1082,#1081,#507,.T.);
#1348=EDGE_CURVE('',#980,#1082,#508,.T.);
#1349=EDGE_CURVE('',#1080,#956,#509,.T.);
#1350=EDGE_CURVE('',#1083,#1080,#510,.T.);
#1351=EDGE_CURVE('',#1083,#957,#511,.T.);
#1352=EDGE_CURVE('',#978,#1084,#512,.T.);
#1353=EDGE_CURVE('',#1081,#1084,#513,.T.);
#1354=EDGE_CURVE('',#979,#1081,#514,.T.);
#1355=EDGE_CURVE('',#1085,#1083,#515,.T.);
#1356=EDGE_CURVE('',#958,#1085,#516,.T.);
#1357=EDGE_CURVE('',#1086,#977,#517,.T.);
#1358=EDGE_CURVE('',#1084,#1086,#518,.T.);
#1359=EDGE_CURVE('',#958,#1085,#519,.T.);
#1360=EDGE_CURVE('',#1087,#1085,#520,.T.);
#1361=EDGE_CURVE('',#1087,#959,#521,.T.);
#1362=EDGE_CURVE('',#976,#1088,#522,.T.);
#1363=EDGE_CURVE('',#1086,#1088,#523,.T.);
#1364=EDGE_CURVE('',#1086,#977,#524,.T.);
#1365=EDGE_CURVE('',#1089,#1087,#525,.T.);
#1366=EDGE_CURVE('',#1089,#960,#526,.T.);
#1367=EDGE_CURVE('',#975,#1090,#527,.T.);
#1368=EDGE_CURVE('',#1088,#1090,#528,.T.);
#1369=EDGE_CURVE('',#1089,#960,#529,.T.);
#1370=EDGE_CURVE('',#1091,#1089,#530,.T.);
#1371=EDGE_CURVE('',#1091,#940,#531,.T.);
#1372=EDGE_CURVE('',#973,#1092,#532,.T.);
#1373=EDGE_CURVE('',#1090,#1092,#533,.T.);
#1374=EDGE_CURVE('',#975,#1090,#534,.T.);
#1375=EDGE_CURVE('',#1091,#940,#535,.T.);
#1376=EDGE_CURVE('',#1093,#1091,#536,.T.);
#1377=EDGE_CURVE('',#939,#1093,#537,.T.);
#1378=EDGE_CURVE('',#1094,#974,#538,.T.);
#1379=EDGE_CURVE('',#1092,#1094,#539,.T.);
#1380=EDGE_CURVE('',#973,#1092,#540,.T.);
#1381=EDGE_CURVE('',#1095,#1093,#541,.T.);
#1382=EDGE_CURVE('',#1095,#941,#542,.T.);
#1383=EDGE_CURVE('',#994,#1096,#543,.T.);
#1384=EDGE_CURVE('',#1094,#1096,#544,.T.);
#1385=EDGE_CURVE('',#1095,#941,#545,.T.);
#1386=EDGE_CURVE('',#1097,#1095,#546,.T.);
#1387=EDGE_CURVE('',#1097,#942,#547,.T.);
#1388=EDGE_CURVE('',#993,#1098,#548,.T.);
#1389=EDGE_CURVE('',#1096,#1098,#549,.T.);
#1390=EDGE_CURVE('',#994,#1096,#550,.T.);
#1391=EDGE_CURVE('',#1099,#943,#551,.T.);
#1392=EDGE_CURVE('',#1100,#1099,#552,.T.);
#1393=EDGE_CURVE('',#1100,#944,#553,.T.);
#1394=EDGE_CURVE('',#1099,#1097,#554,.T.);
#1395=EDGE_CURVE('',#1099,#943,#555,.T.);
#1396=EDGE_CURVE('',#1101,#1102,#556,.T.);
#1397=EDGE_CURVE('',#1102,#1080,#557,.T.);
#1398=EDGE_CURVE('',#1079,#1101,#558,.T.);
#1399=EDGE_CURVE('',#1103,#1102,#559,.T.);
#1400=EDGE_CURVE('',#1081,#1103,#560,.T.);
#1401=EDGE_CURVE('',#956,#979,#561,.T.);
#1402=EDGE_CURVE('',#1104,#1082,#562,.T.);
#1403=EDGE_CURVE('',#1101,#1104,#563,.T.);
#1404=EDGE_CURVE('',#1103,#1104,#564,.T.);
#1405=EDGE_CURVE('',#1080,#1105,#565,.T.);
#1406=EDGE_CURVE('',#1105,#1085,#566,.T.);
#1407=EDGE_CURVE('',#1106,#1105,#567,.T.);
#1408=EDGE_CURVE('',#1086,#1106,#568,.T.);
#1409=EDGE_CURVE('',#977,#958,#569,.T.);
#1410=EDGE_CURVE('',#1106,#1081,#570,.T.);
#1411=EDGE_CURVE('',#1085,#1107,#571,.T.);
#1412=EDGE_CURVE('',#1107,#1089,#572,.T.);
#1413=EDGE_CURVE('',#1108,#1086,#573,.T.);
#1414=EDGE_CURVE('',#1107,#1108,#574,.T.);
#1415=EDGE_CURVE('',#1090,#1108,#575,.T.);
#1416=EDGE_CURVE('',#960,#975,#576,.T.);
#1417=EDGE_CURVE('',#1089,#1109,#577,.T.);
#1418=EDGE_CURVE('',#1109,#1110,#578,.T.);
#1419=EDGE_CURVE('',#1110,#1091,#579,.T.);
#1420=EDGE_CURVE('',#1111,#1109,#580,.T.);
#1421=EDGE_CURVE('',#1112,#1111,#581,.T.);
#1422=EDGE_CURVE('',#1110,#1112,#582,.T.);
#1423=EDGE_CURVE('',#1092,#1112,#583,.T.);
#1424=EDGE_CURVE('',#940,#973,#584,.T.);
#1425=EDGE_CURVE('',#1111,#1090,#585,.T.);
#1426=EDGE_CURVE('',#1091,#1113,#586,.T.);
#1427=EDGE_CURVE('',#1113,#1095,#587,.T.);
#1428=EDGE_CURVE('',#1114,#1092,#588,.T.);
#1429=EDGE_CURVE('',#1113,#1114,#589,.T.);
#1430=EDGE_CURVE('',#1096,#1114,#590,.T.);
#1431=EDGE_CURVE('',#941,#994,#591,.T.);
#1432=EDGE_CURVE('',#1095,#1115,#592,.T.);
#1433=EDGE_CURVE('',#1115,#1099,#593,.T.);
#1434=EDGE_CURVE('',#1116,#1115,#594,.T.);
#1435=EDGE_CURVE('',#1117,#1116,#595,.T.);
#1436=EDGE_CURVE('',#992,#1117,#596,.T.);
#1437=EDGE_CURVE('',#943,#992,#597,.T.);
#1438=EDGE_CURVE('',#1098,#1117,#598,.T.);
#1439=EDGE_CURVE('',#1116,#1096,#599,.T.);
#1440=EDGE_CURVE('',#1099,#1118,#600,.T.);
#1441=EDGE_CURVE('',#1118,#1119,#601,.T.);
#1442=EDGE_CURVE('',#1119,#1100,#602,.T.);
#1443=EDGE_CURVE('',#1120,#1118,#603,.T.);
#1444=EDGE_CURVE('',#1121,#1120,#604,.T.);
#1445=EDGE_CURVE('',#1119,#1121,#605,.T.);
#1446=EDGE_CURVE('',#1122,#1121,#606,.T.);
#1447=EDGE_CURVE('',#991,#1122,#607,.T.);
#1448=EDGE_CURVE('',#1117,#1122,#608,.T.);
#1449=EDGE_CURVE('',#992,#1117,#609,.T.);
#1450=EDGE_CURVE('',#1120,#1117,#610,.T.);
#1451=ORIENTED_EDGE('',*,*,#1123,.F.);
#1452=ORIENTED_EDGE('',*,*,#1124,.F.);
#1453=ORIENTED_EDGE('',*,*,#1125,.F.);
#1454=ORIENTED_EDGE('',*,*,#1126,.F.);
#1455=ORIENTED_EDGE('',*,*,#1127,.F.);
#1456=ORIENTED_EDGE('',*,*,#1128,.T.);
#1457=ORIENTED_EDGE('',*,*,#1129,.F.);
#1458=ORIENTED_EDGE('',*,*,#1130,.F.);
#1459=ORIENTED_EDGE('',*,*,#1131,.F.);
#1460=ORIENTED_EDGE('',*,*,#1132,.F.);
#1461=ORIENTED_EDGE('',*,*,#1133,.F.);
#1462=ORIENTED_EDGE('',*,*,#1134,.F.);
#1463=ORIENTED_EDGE('',*,*,#1135,.F.);
#1464=ORIENTED_EDGE('',*,*,#1136,.F.);
#1465=ORIENTED_EDGE('',*,*,#1137,.F.);
#1466=ORIENTED_EDGE('',*,*,#1138,.T.);
#1467=ORIENTED_EDGE('',*,*,#1139,.F.);
#1468=ORIENTED_EDGE('',*,*,#1140,.F.);
#1469=ORIENTED_EDGE('',*,*,#1141,.F.);
#1470=ORIENTED_EDGE('',*,*,#1142,.F.);
#1471=ORIENTED_EDGE('',*,*,#1143,.F.);
#1472=ORIENTED_EDGE('',*,*,#1144,.F.);
#1473=ORIENTED_EDGE('',*,*,#1145,.F.);
#1474=ORIENTED_EDGE('',*,*,#1146,.F.);
#1475=ORIENTED_EDGE('',*,*,#1147,.F.);
#1476=ORIENTED_EDGE('',*,*,#1148,.F.);
#1477=ORIENTED_EDGE('',*,*,#1149,.F.);
#1478=ORIENTED_EDGE('',*,*,#1150,.F.);
#1479=ORIENTED_EDGE('',*,*,#1151,.F.);
#1480=ORIENTED_EDGE('',*,*,#1152,.F.);
#1481=ORIENTED_EDGE('',*,*,#1153,.F.);
#1482=ORIENTED_EDGE('',*,*,#1154,.F.);
#1483=ORIENTED_EDGE('',*,*,#1155,.F.);
#1484=ORIENTED_EDGE('',*,*,#1156,.F.);
#1485=ORIENTED_EDGE('',*,*,#1157,.F.);
#1486=ORIENTED_EDGE('',*,*,#1158,.F.);
#1487=ORIENTED_EDGE('',*,*,#1159,.F.);
#1488=ORIENTED_EDGE('',*,*,#1160,.F.);
#1489=ORIENTED_EDGE('',*,*,#1161,.F.);
#1490=ORIENTED_EDGE('',*,*,#1162,.F.);
#1491=ORIENTED_EDGE('',*,*,#1163,.F.);
#1492=ORIENTED_EDGE('',*,*,#1164,.T.);
#1493=ORIENTED_EDGE('',*,*,#1165,.F.);
#1494=ORIENTED_EDGE('',*,*,#1166,.F.);
#1495=ORIENTED_EDGE('',*,*,#1167,.F.);
#1496=ORIENTED_EDGE('',*,*,#1168,.F.);
#1497=ORIENTED_EDGE('',*,*,#1169,.F.);
#1498=ORIENTED_EDGE('',*,*,#1170,.F.);
#1499=ORIENTED_EDGE('',*,*,#1171,.F.);
#1500=ORIENTED_EDGE('',*,*,#1172,.F.);
#1501=ORIENTED_EDGE('',*,*,#1173,.F.);
#1502=ORIENTED_EDGE('',*,*,#1174,.T.);
#1503=ORIENTED_EDGE('',*,*,#1175,.F.);
#1504=ORIENTED_EDGE('',*,*,#1176,.F.);
#1505=ORIENTED_EDGE('',*,*,#1177,.F.);
#1506=ORIENTED_EDGE('',*,*,#1178,.F.);
#1507=ORIENTED_EDGE('',*,*,#1179,.F.);
#1508=ORIENTED_EDGE('',*,*,#1180,.F.);
#1509=ORIENTED_EDGE('',*,*,#1181,.F.);
#1510=ORIENTED_EDGE('',*,*,#1182,.F.);
#1511=ORIENTED_EDGE('',*,*,#1183,.F.);
#1512=ORIENTED_EDGE('',*,*,#1184,.F.);
#1513=ORIENTED_EDGE('',*,*,#1185,.F.);
#1514=ORIENTED_EDGE('',*,*,#1186,.F.);
#1515=ORIENTED_EDGE('',*,*,#1187,.F.);
#1516=ORIENTED_EDGE('',*,*,#1188,.F.);
#1517=ORIENTED_EDGE('',*,*,#1189,.F.);
#1518=ORIENTED_EDGE('',*,*,#1190,.F.);
#1519=ORIENTED_EDGE('',*,*,#1150,.T.);
#1520=ORIENTED_EDGE('',*,*,#1191,.F.);
#1521=ORIENTED_EDGE('',*,*,#1192,.F.);
#1522=ORIENTED_EDGE('',*,*,#1193,.T.);
#1523=ORIENTED_EDGE('',*,*,#1151,.T.);
#1524=ORIENTED_EDGE('',*,*,#1193,.F.);
#1525=ORIENTED_EDGE('',*,*,#1194,.F.);
#1526=ORIENTED_EDGE('',*,*,#1195,.T.);
#1527=ORIENTED_EDGE('',*,*,#1185,.T.);
#1528=ORIENTED_EDGE('',*,*,#1196,.T.);
#1529=ORIENTED_EDGE('',*,*,#1197,.F.);
#1530=ORIENTED_EDGE('',*,*,#1198,.F.);
#1531=ORIENTED_EDGE('',*,*,#1149,.T.);
#1532=ORIENTED_EDGE('',*,*,#1199,.F.);
#1533=ORIENTED_EDGE('',*,*,#1200,.F.);
#1534=ORIENTED_EDGE('',*,*,#1191,.T.);
#1535=ORIENTED_EDGE('',*,*,#1152,.T.);
#1536=ORIENTED_EDGE('',*,*,#1195,.F.);
#1537=ORIENTED_EDGE('',*,*,#1201,.F.);
#1538=ORIENTED_EDGE('',*,*,#1202,.T.);
#1539=ORIENTED_EDGE('',*,*,#1184,.T.);
#1540=ORIENTED_EDGE('',*,*,#1203,.T.);
#1541=ORIENTED_EDGE('',*,*,#1204,.F.);
#1542=ORIENTED_EDGE('',*,*,#1196,.F.);
#1543=ORIENTED_EDGE('',*,*,#1148,.T.);
#1544=ORIENTED_EDGE('',*,*,#1205,.F.);
#1545=ORIENTED_EDGE('',*,*,#1206,.F.);
#1546=ORIENTED_EDGE('',*,*,#1199,.T.);
#1547=ORIENTED_EDGE('',*,*,#1153,.T.);
#1548=ORIENTED_EDGE('',*,*,#1202,.F.);
#1549=ORIENTED_EDGE('',*,*,#1207,.F.);
#1550=ORIENTED_EDGE('',*,*,#1208,.T.);
#1551=ORIENTED_EDGE('',*,*,#1183,.T.);
#1552=ORIENTED_EDGE('',*,*,#1209,.T.);
#1553=ORIENTED_EDGE('',*,*,#1210,.F.);
#1554=ORIENTED_EDGE('',*,*,#1203,.F.);
#1555=ORIENTED_EDGE('',*,*,#1147,.T.);
#1556=ORIENTED_EDGE('',*,*,#1211,.F.);
#1557=ORIENTED_EDGE('',*,*,#1212,.F.);
#1558=ORIENTED_EDGE('',*,*,#1205,.T.);
#1559=ORIENTED_EDGE('',*,*,#1154,.T.);
#1560=ORIENTED_EDGE('',*,*,#1208,.F.);
#1561=ORIENTED_EDGE('',*,*,#1213,.F.);
#1562=ORIENTED_EDGE('',*,*,#1214,.T.);
#1563=ORIENTED_EDGE('',*,*,#1182,.T.);
#1564=ORIENTED_EDGE('',*,*,#1215,.T.);
#1565=ORIENTED_EDGE('',*,*,#1216,.F.);
#1566=ORIENTED_EDGE('',*,*,#1209,.F.);
#1567=ORIENTED_EDGE('',*,*,#1146,.T.);
#1568=ORIENTED_EDGE('',*,*,#1217,.F.);
#1569=ORIENTED_EDGE('',*,*,#1218,.F.);
#1570=ORIENTED_EDGE('',*,*,#1211,.T.);
#1571=ORIENTED_EDGE('',*,*,#1155,.T.);
#1572=ORIENTED_EDGE('',*,*,#1214,.F.);
#1573=ORIENTED_EDGE('',*,*,#1219,.F.);
#1574=ORIENTED_EDGE('',*,*,#1220,.T.);
#1575=ORIENTED_EDGE('',*,*,#1181,.T.);
#1576=ORIENTED_EDGE('',*,*,#1221,.T.);
#1577=ORIENTED_EDGE('',*,*,#1222,.F.);
#1578=ORIENTED_EDGE('',*,*,#1215,.F.);
#1579=ORIENTED_EDGE('',*,*,#1145,.T.);
#1580=ORIENTED_EDGE('',*,*,#1223,.T.);
#1581=ORIENTED_EDGE('',*,*,#1224,.F.);
#1582=ORIENTED_EDGE('',*,*,#1217,.T.);
#1583=ORIENTED_EDGE('',*,*,#1156,.T.);
#1584=ORIENTED_EDGE('',*,*,#1220,.F.);
#1585=ORIENTED_EDGE('',*,*,#1225,.F.);
#1586=ORIENTED_EDGE('',*,*,#1223,.F.);
#1587=ORIENTED_EDGE('',*,*,#1226,.F.);
#1588=ORIENTED_EDGE('',*,*,#1227,.F.);
#1589=ORIENTED_EDGE('',*,*,#1228,.F.);
#1590=ORIENTED_EDGE('',*,*,#1229,.F.);
#1591=ORIENTED_EDGE('',*,*,#1230,.F.);
#1592=ORIENTED_EDGE('',*,*,#1231,.F.);
#1593=ORIENTED_EDGE('',*,*,#1232,.F.);
#1594=ORIENTED_EDGE('',*,*,#1233,.F.);
#1595=ORIENTED_EDGE('',*,*,#1227,.T.);
#1596=ORIENTED_EDGE('',*,*,#1234,.F.);
#1597=ORIENTED_EDGE('',*,*,#1235,.F.);
#1598=ORIENTED_EDGE('',*,*,#1236,.T.);
#1599=ORIENTED_EDGE('',*,*,#1228,.T.);
#1600=ORIENTED_EDGE('',*,*,#1236,.F.);
#1601=ORIENTED_EDGE('',*,*,#1237,.F.);
#1602=ORIENTED_EDGE('',*,*,#1238,.T.);
#1603=ORIENTED_EDGE('',*,*,#1232,.T.);
#1604=ORIENTED_EDGE('',*,*,#1239,.T.);
#1605=ORIENTED_EDGE('',*,*,#1240,.F.);
#1606=ORIENTED_EDGE('',*,*,#1241,.F.);
#1607=ORIENTED_EDGE('',*,*,#1226,.T.);
#1608=ORIENTED_EDGE('',*,*,#1242,.T.);
#1609=ORIENTED_EDGE('',*,*,#1243,.F.);
#1610=ORIENTED_EDGE('',*,*,#1234,.T.);
#1611=ORIENTED_EDGE('',*,*,#1229,.T.);
#1612=ORIENTED_EDGE('',*,*,#1238,.F.);
#1613=ORIENTED_EDGE('',*,*,#1244,.F.);
#1614=ORIENTED_EDGE('',*,*,#1242,.F.);
#1615=ORIENTED_EDGE('',*,*,#1224,.T.);
#1616=ORIENTED_EDGE('',*,*,#1225,.T.);
#1617=ORIENTED_EDGE('',*,*,#1219,.T.);
#1618=ORIENTED_EDGE('',*,*,#1213,.T.);
#1619=ORIENTED_EDGE('',*,*,#1207,.T.);
#1620=ORIENTED_EDGE('',*,*,#1201,.T.);
#1621=ORIENTED_EDGE('',*,*,#1194,.T.);
#1622=ORIENTED_EDGE('',*,*,#1192,.T.);
#1623=ORIENTED_EDGE('',*,*,#1200,.T.);
#1624=ORIENTED_EDGE('',*,*,#1206,.T.);
#1625=ORIENTED_EDGE('',*,*,#1212,.T.);
#1626=ORIENTED_EDGE('',*,*,#1218,.T.);
#1627=ORIENTED_EDGE('',*,*,#1243,.T.);
#1628=ORIENTED_EDGE('',*,*,#1244,.T.);
#1629=ORIENTED_EDGE('',*,*,#1237,.T.);
#1630=ORIENTED_EDGE('',*,*,#1235,.T.);
#1631=ORIENTED_EDGE('',*,*,#1231,.T.);
#1632=ORIENTED_EDGE('',*,*,#1245,.F.);
#1633=ORIENTED_EDGE('',*,*,#1246,.F.);
#1634=ORIENTED_EDGE('',*,*,#1239,.F.);
#1635=ORIENTED_EDGE('',*,*,#1233,.T.);
#1636=ORIENTED_EDGE('',*,*,#1241,.T.);
#1637=ORIENTED_EDGE('',*,*,#1247,.F.);
#1638=ORIENTED_EDGE('',*,*,#1248,.F.);
#1639=ORIENTED_EDGE('',*,*,#1230,.T.);
#1640=ORIENTED_EDGE('',*,*,#1248,.T.);
#1641=ORIENTED_EDGE('',*,*,#1249,.F.);
#1642=ORIENTED_EDGE('',*,*,#1245,.T.);
#1643=ORIENTED_EDGE('',*,*,#1180,.T.);
#1644=ORIENTED_EDGE('',*,*,#1250,.F.);
#1645=ORIENTED_EDGE('',*,*,#1251,.F.);
#1646=ORIENTED_EDGE('',*,*,#1221,.F.);
#1647=ORIENTED_EDGE('',*,*,#1186,.T.);
#1648=ORIENTED_EDGE('',*,*,#1198,.T.);
#1649=ORIENTED_EDGE('',*,*,#1252,.F.);
#1650=ORIENTED_EDGE('',*,*,#1253,.F.);
#1651=ORIENTED_EDGE('',*,*,#1187,.T.);
#1652=ORIENTED_EDGE('',*,*,#1253,.T.);
#1653=ORIENTED_EDGE('',*,*,#1254,.F.);
#1654=ORIENTED_EDGE('',*,*,#1255,.F.);
#1655=ORIENTED_EDGE('',*,*,#1188,.T.);
#1656=ORIENTED_EDGE('',*,*,#1255,.T.);
#1657=ORIENTED_EDGE('',*,*,#1256,.F.);
#1658=ORIENTED_EDGE('',*,*,#1257,.F.);
#1659=ORIENTED_EDGE('',*,*,#1189,.T.);
#1660=ORIENTED_EDGE('',*,*,#1257,.T.);
#1661=ORIENTED_EDGE('',*,*,#1258,.F.);
#1662=ORIENTED_EDGE('',*,*,#1259,.F.);
#1663=ORIENTED_EDGE('',*,*,#1190,.T.);
#1664=ORIENTED_EDGE('',*,*,#1259,.T.);
#1665=ORIENTED_EDGE('',*,*,#1260,.F.);
#1666=ORIENTED_EDGE('',*,*,#1261,.F.);
#1667=ORIENTED_EDGE('',*,*,#1179,.T.);
#1668=ORIENTED_EDGE('',*,*,#1261,.T.);
#1669=ORIENTED_EDGE('',*,*,#1262,.F.);
#1670=ORIENTED_EDGE('',*,*,#1250,.T.);
#1671=ORIENTED_EDGE('',*,*,#1262,.T.);
#1672=ORIENTED_EDGE('',*,*,#1260,.T.);
#1673=ORIENTED_EDGE('',*,*,#1258,.T.);
#1674=ORIENTED_EDGE('',*,*,#1256,.T.);
#1675=ORIENTED_EDGE('',*,*,#1254,.T.);
#1676=ORIENTED_EDGE('',*,*,#1252,.T.);
#1677=ORIENTED_EDGE('',*,*,#1197,.T.);
#1678=ORIENTED_EDGE('',*,*,#1204,.T.);
#1679=ORIENTED_EDGE('',*,*,#1210,.T.);
#1680=ORIENTED_EDGE('',*,*,#1216,.T.);
#1681=ORIENTED_EDGE('',*,*,#1222,.T.);
#1682=ORIENTED_EDGE('',*,*,#1251,.T.);
#1683=ORIENTED_EDGE('',*,*,#1249,.T.);
#1684=ORIENTED_EDGE('',*,*,#1247,.T.);
#1685=ORIENTED_EDGE('',*,*,#1240,.T.);
#1686=ORIENTED_EDGE('',*,*,#1246,.T.);
#1687=ORIENTED_EDGE('',*,*,#1129,.T.);
#1688=ORIENTED_EDGE('',*,*,#1263,.F.);
#1689=ORIENTED_EDGE('',*,*,#1264,.F.);
#1690=ORIENTED_EDGE('',*,*,#1265,.T.);
#1691=ORIENTED_EDGE('',*,*,#1173,.T.);
#1692=ORIENTED_EDGE('',*,*,#1266,.T.);
#1693=ORIENTED_EDGE('',*,*,#1267,.F.);
#1694=ORIENTED_EDGE('',*,*,#1268,.F.);
#1695=ORIENTED_EDGE('',*,*,#1130,.T.);
#1696=ORIENTED_EDGE('',*,*,#1265,.F.);
#1697=ORIENTED_EDGE('',*,*,#1269,.F.);
#1698=ORIENTED_EDGE('',*,*,#1270,.F.);
#1699=ORIENTED_EDGE('',*,*,#1172,.T.);
#1700=ORIENTED_EDGE('',*,*,#1271,.F.);
#1701=ORIENTED_EDGE('',*,*,#1272,.F.);
#1702=ORIENTED_EDGE('',*,*,#1266,.F.);
#1703=ORIENTED_EDGE('',*,*,#1131,.T.);
#1704=ORIENTED_EDGE('',*,*,#1273,.T.);
#1705=ORIENTED_EDGE('',*,*,#1274,.F.);
#1706=ORIENTED_EDGE('',*,*,#1275,.F.);
#1707=ORIENTED_EDGE('',*,*,#1171,.T.);
#1708=ORIENTED_EDGE('',*,*,#1276,.F.);
#1709=ORIENTED_EDGE('',*,*,#1277,.F.);
#1710=ORIENTED_EDGE('',*,*,#1278,.T.);
#1711=ORIENTED_EDGE('',*,*,#1132,.T.);
#1712=ORIENTED_EDGE('',*,*,#1275,.T.);
#1713=ORIENTED_EDGE('',*,*,#1279,.F.);
#1714=ORIENTED_EDGE('',*,*,#1280,.T.);
#1715=ORIENTED_EDGE('',*,*,#1170,.T.);
#1716=ORIENTED_EDGE('',*,*,#1281,.T.);
#1717=ORIENTED_EDGE('',*,*,#1282,.F.);
#1718=ORIENTED_EDGE('',*,*,#1276,.T.);
#1719=ORIENTED_EDGE('',*,*,#1133,.T.);
#1720=ORIENTED_EDGE('',*,*,#1283,.F.);
#1721=ORIENTED_EDGE('',*,*,#1284,.F.);
#1722=ORIENTED_EDGE('',*,*,#1285,.F.);
#1723=ORIENTED_EDGE('',*,*,#1169,.T.);
#1724=ORIENTED_EDGE('',*,*,#1286,.F.);
#1725=ORIENTED_EDGE('',*,*,#1287,.F.);
#1726=ORIENTED_EDGE('',*,*,#1288,.F.);
#1727=ORIENTED_EDGE('',*,*,#1134,.T.);
#1728=ORIENTED_EDGE('',*,*,#1289,.T.);
#1729=ORIENTED_EDGE('',*,*,#1290,.F.);
#1730=ORIENTED_EDGE('',*,*,#1291,.T.);
#1731=ORIENTED_EDGE('',*,*,#1168,.T.);
#1732=ORIENTED_EDGE('',*,*,#1292,.T.);
#1733=ORIENTED_EDGE('',*,*,#1293,.F.);
#1734=ORIENTED_EDGE('',*,*,#1294,.T.);
#1735=ORIENTED_EDGE('',*,*,#1135,.T.);
#1736=ORIENTED_EDGE('',*,*,#1291,.F.);
#1737=ORIENTED_EDGE('',*,*,#1295,.F.);
#1738=ORIENTED_EDGE('',*,*,#1296,.F.);
#1739=ORIENTED_EDGE('',*,*,#1167,.T.);
#1740=ORIENTED_EDGE('',*,*,#1297,.F.);
#1741=ORIENTED_EDGE('',*,*,#1298,.F.);
#1742=ORIENTED_EDGE('',*,*,#1292,.F.);
#1743=ORIENTED_EDGE('',*,*,#1136,.T.);
#1744=ORIENTED_EDGE('',*,*,#1299,.T.);
#1745=ORIENTED_EDGE('',*,*,#1300,.F.);
#1746=ORIENTED_EDGE('',*,*,#1301,.T.);
#1747=ORIENTED_EDGE('',*,*,#1166,.T.);
#1748=ORIENTED_EDGE('',*,*,#1302,.T.);
#1749=ORIENTED_EDGE('',*,*,#1303,.F.);
#1750=ORIENTED_EDGE('',*,*,#1304,.T.);
#1751=ORIENTED_EDGE('',*,*,#1137,.T.);
#1752=ORIENTED_EDGE('',*,*,#1301,.F.);
#1753=ORIENTED_EDGE('',*,*,#1305,.F.);
#1754=ORIENTED_EDGE('',*,*,#1306,.T.);
#1755=ORIENTED_EDGE('',*,*,#1165,.T.);
#1756=ORIENTED_EDGE('',*,*,#1307,.T.);
#1757=ORIENTED_EDGE('',*,*,#1308,.F.);
#1758=ORIENTED_EDGE('',*,*,#1302,.F.);
#1759=ORIENTED_EDGE('',*,*,#1309,.T.);
#1760=ORIENTED_EDGE('',*,*,#1295,.T.);
#1761=ORIENTED_EDGE('',*,*,#1290,.T.);
#1762=ORIENTED_EDGE('',*,*,#1310,.T.);
#1763=ORIENTED_EDGE('',*,*,#1294,.F.);
#1764=ORIENTED_EDGE('',*,*,#1311,.F.);
#1765=ORIENTED_EDGE('',*,*,#1312,.F.);
#1766=ORIENTED_EDGE('',*,*,#1310,.F.);
#1767=ORIENTED_EDGE('',*,*,#1289,.F.);
#1768=ORIENTED_EDGE('',*,*,#1313,.F.);
#1769=ORIENTED_EDGE('',*,*,#1312,.T.);
#1770=ORIENTED_EDGE('',*,*,#1314,.F.);
#1771=ORIENTED_EDGE('',*,*,#1297,.T.);
#1772=ORIENTED_EDGE('',*,*,#1315,.T.);
#1773=ORIENTED_EDGE('',*,*,#1296,.T.);
#1774=ORIENTED_EDGE('',*,*,#1309,.F.);
#1775=ORIENTED_EDGE('',*,*,#1314,.T.);
#1776=ORIENTED_EDGE('',*,*,#1311,.T.);
#1777=ORIENTED_EDGE('',*,*,#1293,.T.);
#1778=ORIENTED_EDGE('',*,*,#1298,.T.);
#1779=ORIENTED_EDGE('',*,*,#1316,.T.);
#1780=ORIENTED_EDGE('',*,*,#1284,.T.);
#1781=ORIENTED_EDGE('',*,*,#1317,.T.);
#1782=ORIENTED_EDGE('',*,*,#1318,.T.);
#1783=ORIENTED_EDGE('',*,*,#1283,.T.);
#1784=ORIENTED_EDGE('',*,*,#1319,.T.);
#1785=ORIENTED_EDGE('',*,*,#1288,.T.);
#1786=ORIENTED_EDGE('',*,*,#1320,.F.);
#1787=ORIENTED_EDGE('',*,*,#1321,.F.);
#1788=ORIENTED_EDGE('',*,*,#1317,.F.);
#1789=ORIENTED_EDGE('',*,*,#1321,.T.);
#1790=ORIENTED_EDGE('',*,*,#1322,.F.);
#1791=ORIENTED_EDGE('',*,*,#1323,.F.);
#1792=ORIENTED_EDGE('',*,*,#1318,.F.);
#1793=ORIENTED_EDGE('',*,*,#1323,.T.);
#1794=ORIENTED_EDGE('',*,*,#1324,.F.);
#1795=ORIENTED_EDGE('',*,*,#1286,.T.);
#1796=ORIENTED_EDGE('',*,*,#1313,.T.);
#1797=ORIENTED_EDGE('',*,*,#1285,.T.);
#1798=ORIENTED_EDGE('',*,*,#1316,.F.);
#1799=ORIENTED_EDGE('',*,*,#1324,.T.);
#1800=ORIENTED_EDGE('',*,*,#1322,.T.);
#1801=ORIENTED_EDGE('',*,*,#1320,.T.);
#1802=ORIENTED_EDGE('',*,*,#1287,.T.);
#1803=ORIENTED_EDGE('',*,*,#1279,.T.);
#1804=ORIENTED_EDGE('',*,*,#1274,.T.);
#1805=ORIENTED_EDGE('',*,*,#1325,.T.);
#1806=ORIENTED_EDGE('',*,*,#1326,.T.);
#1807=ORIENTED_EDGE('',*,*,#1278,.F.);
#1808=ORIENTED_EDGE('',*,*,#1327,.F.);
#1809=ORIENTED_EDGE('',*,*,#1328,.F.);
#1810=ORIENTED_EDGE('',*,*,#1325,.F.);
#1811=ORIENTED_EDGE('',*,*,#1273,.F.);
#1812=ORIENTED_EDGE('',*,*,#1329,.F.);
#1813=ORIENTED_EDGE('',*,*,#1328,.T.);
#1814=ORIENTED_EDGE('',*,*,#1330,.F.);
#1815=ORIENTED_EDGE('',*,*,#1281,.F.);
#1816=ORIENTED_EDGE('',*,*,#1319,.F.);
#1817=ORIENTED_EDGE('',*,*,#1280,.F.);
#1818=ORIENTED_EDGE('',*,*,#1326,.F.);
#1819=ORIENTED_EDGE('',*,*,#1282,.T.);
#1820=ORIENTED_EDGE('',*,*,#1330,.T.);
#1821=ORIENTED_EDGE('',*,*,#1327,.T.);
#1822=ORIENTED_EDGE('',*,*,#1277,.T.);
#1823=ORIENTED_EDGE('',*,*,#1331,.T.);
#1824=ORIENTED_EDGE('',*,*,#1269,.T.);
#1825=ORIENTED_EDGE('',*,*,#1264,.T.);
#1826=ORIENTED_EDGE('',*,*,#1332,.T.);
#1827=ORIENTED_EDGE('',*,*,#1263,.T.);
#1828=ORIENTED_EDGE('',*,*,#1333,.T.);
#1829=ORIENTED_EDGE('',*,*,#1268,.T.);
#1830=ORIENTED_EDGE('',*,*,#1334,.F.);
#1831=ORIENTED_EDGE('',*,*,#1335,.F.);
#1832=ORIENTED_EDGE('',*,*,#1332,.F.);
#1833=ORIENTED_EDGE('',*,*,#1335,.T.);
#1834=ORIENTED_EDGE('',*,*,#1336,.F.);
#1835=ORIENTED_EDGE('',*,*,#1271,.T.);
#1836=ORIENTED_EDGE('',*,*,#1329,.T.);
#1837=ORIENTED_EDGE('',*,*,#1270,.T.);
#1838=ORIENTED_EDGE('',*,*,#1331,.F.);
#1839=ORIENTED_EDGE('',*,*,#1336,.T.);
#1840=ORIENTED_EDGE('',*,*,#1334,.T.);
#1841=ORIENTED_EDGE('',*,*,#1267,.T.);
#1842=ORIENTED_EDGE('',*,*,#1272,.T.);
#1843=ORIENTED_EDGE('',*,*,#1300,.T.);
#1844=ORIENTED_EDGE('',*,*,#1337,.T.);
#1845=ORIENTED_EDGE('',*,*,#1338,.T.);
#1846=ORIENTED_EDGE('',*,*,#1305,.T.);
#1847=ORIENTED_EDGE('',*,*,#1304,.F.);
#1848=ORIENTED_EDGE('',*,*,#1339,.F.);
#1849=ORIENTED_EDGE('',*,*,#1340,.F.);
#1850=ORIENTED_EDGE('',*,*,#1337,.F.);
#1851=ORIENTED_EDGE('',*,*,#1299,.F.);
#1852=ORIENTED_EDGE('',*,*,#1315,.F.);
#1853=ORIENTED_EDGE('',*,*,#1340,.T.);
#1854=ORIENTED_EDGE('',*,*,#1341,.F.);
#1855=ORIENTED_EDGE('',*,*,#1307,.F.);
#1856=ORIENTED_EDGE('',*,*,#1342,.F.);
#1857=ORIENTED_EDGE('',*,*,#1306,.F.);
#1858=ORIENTED_EDGE('',*,*,#1338,.F.);
#1859=ORIENTED_EDGE('',*,*,#1303,.T.);
#1860=ORIENTED_EDGE('',*,*,#1308,.T.);
#1861=ORIENTED_EDGE('',*,*,#1341,.T.);
#1862=ORIENTED_EDGE('',*,*,#1339,.T.);
#1863=ORIENTED_EDGE('',*,*,#1139,.T.);
#1864=ORIENTED_EDGE('',*,*,#1343,.F.);
#1865=ORIENTED_EDGE('',*,*,#1344,.F.);
#1866=ORIENTED_EDGE('',*,*,#1345,.T.);
#1867=ORIENTED_EDGE('',*,*,#1163,.T.);
#1868=ORIENTED_EDGE('',*,*,#1346,.T.);
#1869=ORIENTED_EDGE('',*,*,#1347,.F.);
#1870=ORIENTED_EDGE('',*,*,#1348,.F.);
#1871=ORIENTED_EDGE('',*,*,#1140,.T.);
#1872=ORIENTED_EDGE('',*,*,#1349,.F.);
#1873=ORIENTED_EDGE('',*,*,#1350,.F.);
#1874=ORIENTED_EDGE('',*,*,#1351,.T.);
#1875=ORIENTED_EDGE('',*,*,#1162,.T.);
#1876=ORIENTED_EDGE('',*,*,#1352,.T.);
#1877=ORIENTED_EDGE('',*,*,#1353,.F.);
#1878=ORIENTED_EDGE('',*,*,#1354,.F.);
#1879=ORIENTED_EDGE('',*,*,#1141,.T.);
#1880=ORIENTED_EDGE('',*,*,#1351,.F.);
#1881=ORIENTED_EDGE('',*,*,#1355,.F.);
#1882=ORIENTED_EDGE('',*,*,#1356,.F.);
#1883=ORIENTED_EDGE('',*,*,#1161,.T.);
#1884=ORIENTED_EDGE('',*,*,#1357,.F.);
#1885=ORIENTED_EDGE('',*,*,#1358,.F.);
#1886=ORIENTED_EDGE('',*,*,#1352,.F.);
#1887=ORIENTED_EDGE('',*,*,#1142,.T.);
#1888=ORIENTED_EDGE('',*,*,#1359,.T.);
#1889=ORIENTED_EDGE('',*,*,#1360,.F.);
#1890=ORIENTED_EDGE('',*,*,#1361,.T.);
#1891=ORIENTED_EDGE('',*,*,#1160,.T.);
#1892=ORIENTED_EDGE('',*,*,#1362,.T.);
#1893=ORIENTED_EDGE('',*,*,#1363,.F.);
#1894=ORIENTED_EDGE('',*,*,#1364,.T.);
#1895=ORIENTED_EDGE('',*,*,#1143,.T.);
#1896=ORIENTED_EDGE('',*,*,#1361,.F.);
#1897=ORIENTED_EDGE('',*,*,#1365,.F.);
#1898=ORIENTED_EDGE('',*,*,#1366,.T.);
#1899=ORIENTED_EDGE('',*,*,#1159,.T.);
#1900=ORIENTED_EDGE('',*,*,#1367,.T.);
#1901=ORIENTED_EDGE('',*,*,#1368,.F.);
#1902=ORIENTED_EDGE('',*,*,#1362,.F.);
#1903=ORIENTED_EDGE('',*,*,#1144,.T.);
#1904=ORIENTED_EDGE('',*,*,#1369,.F.);
#1905=ORIENTED_EDGE('',*,*,#1370,.F.);
#1906=ORIENTED_EDGE('',*,*,#1371,.T.);
#1907=ORIENTED_EDGE('',*,*,#1158,.T.);
#1908=ORIENTED_EDGE('',*,*,#1372,.T.);
#1909=ORIENTED_EDGE('',*,*,#1373,.F.);
#1910=ORIENTED_EDGE('',*,*,#1374,.F.);
#1911=ORIENTED_EDGE('',*,*,#1123,.T.);
#1912=ORIENTED_EDGE('',*,*,#1375,.F.);
#1913=ORIENTED_EDGE('',*,*,#1376,.F.);
#1914=ORIENTED_EDGE('',*,*,#1377,.F.);
#1915=ORIENTED_EDGE('',*,*,#1157,.T.);
#1916=ORIENTED_EDGE('',*,*,#1378,.F.);
#1917=ORIENTED_EDGE('',*,*,#1379,.F.);
#1918=ORIENTED_EDGE('',*,*,#1380,.F.);
#1919=ORIENTED_EDGE('',*,*,#1124,.T.);
#1920=ORIENTED_EDGE('',*,*,#1377,.T.);
#1921=ORIENTED_EDGE('',*,*,#1381,.F.);
#1922=ORIENTED_EDGE('',*,*,#1382,.T.);
#1923=ORIENTED_EDGE('',*,*,#1178,.T.);
#1924=ORIENTED_EDGE('',*,*,#1383,.T.);
#1925=ORIENTED_EDGE('',*,*,#1384,.F.);
#1926=ORIENTED_EDGE('',*,*,#1378,.T.);
#1927=ORIENTED_EDGE('',*,*,#1125,.T.);
#1928=ORIENTED_EDGE('',*,*,#1385,.F.);
#1929=ORIENTED_EDGE('',*,*,#1386,.F.);
#1930=ORIENTED_EDGE('',*,*,#1387,.T.);
#1931=ORIENTED_EDGE('',*,*,#1177,.T.);
#1932=ORIENTED_EDGE('',*,*,#1388,.T.);
#1933=ORIENTED_EDGE('',*,*,#1389,.F.);
#1934=ORIENTED_EDGE('',*,*,#1390,.F.);
#1935=ORIENTED_EDGE('',*,*,#1127,.T.);
#1936=ORIENTED_EDGE('',*,*,#1391,.F.);
#1937=ORIENTED_EDGE('',*,*,#1392,.F.);
#1938=ORIENTED_EDGE('',*,*,#1393,.T.);
#1939=ORIENTED_EDGE('',*,*,#1126,.T.);
#1940=ORIENTED_EDGE('',*,*,#1387,.F.);
#1941=ORIENTED_EDGE('',*,*,#1394,.F.);
#1942=ORIENTED_EDGE('',*,*,#1395,.T.);
#1943=ORIENTED_EDGE('',*,*,#1396,.T.);
#1944=ORIENTED_EDGE('',*,*,#1397,.T.);
#1945=ORIENTED_EDGE('',*,*,#1344,.T.);
#1946=ORIENTED_EDGE('',*,*,#1398,.T.);
#1947=ORIENTED_EDGE('',*,*,#1399,.F.);
#1948=ORIENTED_EDGE('',*,*,#1400,.F.);
#1949=ORIENTED_EDGE('',*,*,#1346,.F.);
#1950=ORIENTED_EDGE('',*,*,#1401,.F.);
#1951=ORIENTED_EDGE('',*,*,#1345,.F.);
#1952=ORIENTED_EDGE('',*,*,#1397,.F.);
#1953=ORIENTED_EDGE('',*,*,#1343,.T.);
#1954=ORIENTED_EDGE('',*,*,#1138,.F.);
#1955=ORIENTED_EDGE('',*,*,#1342,.T.);
#1956=ORIENTED_EDGE('',*,*,#1164,.F.);
#1957=ORIENTED_EDGE('',*,*,#1348,.T.);
#1958=ORIENTED_EDGE('',*,*,#1402,.F.);
#1959=ORIENTED_EDGE('',*,*,#1403,.F.);
#1960=ORIENTED_EDGE('',*,*,#1398,.F.);
#1961=ORIENTED_EDGE('',*,*,#1403,.T.);
#1962=ORIENTED_EDGE('',*,*,#1404,.F.);
#1963=ORIENTED_EDGE('',*,*,#1399,.T.);
#1964=ORIENTED_EDGE('',*,*,#1396,.F.);
#1965=ORIENTED_EDGE('',*,*,#1404,.T.);
#1966=ORIENTED_EDGE('',*,*,#1402,.T.);
#1967=ORIENTED_EDGE('',*,*,#1347,.T.);
#1968=ORIENTED_EDGE('',*,*,#1400,.T.);
#1969=ORIENTED_EDGE('',*,*,#1405,.T.);
#1970=ORIENTED_EDGE('',*,*,#1406,.T.);
#1971=ORIENTED_EDGE('',*,*,#1355,.T.);
#1972=ORIENTED_EDGE('',*,*,#1350,.T.);
#1973=ORIENTED_EDGE('',*,*,#1407,.F.);
#1974=ORIENTED_EDGE('',*,*,#1408,.F.);
#1975=ORIENTED_EDGE('',*,*,#1357,.T.);
#1976=ORIENTED_EDGE('',*,*,#1409,.T.);
#1977=ORIENTED_EDGE('',*,*,#1356,.T.);
#1978=ORIENTED_EDGE('',*,*,#1406,.F.);
#1979=ORIENTED_EDGE('',*,*,#1349,.T.);
#1980=ORIENTED_EDGE('',*,*,#1401,.T.);
#1981=ORIENTED_EDGE('',*,*,#1354,.T.);
#1982=ORIENTED_EDGE('',*,*,#1410,.F.);
#1983=ORIENTED_EDGE('',*,*,#1407,.T.);
#1984=ORIENTED_EDGE('',*,*,#1405,.F.);
#1985=ORIENTED_EDGE('',*,*,#1410,.T.);
#1986=ORIENTED_EDGE('',*,*,#1353,.T.);
#1987=ORIENTED_EDGE('',*,*,#1358,.T.);
#1988=ORIENTED_EDGE('',*,*,#1408,.T.);
#1989=ORIENTED_EDGE('',*,*,#1360,.T.);
#1990=ORIENTED_EDGE('',*,*,#1411,.T.);
#1991=ORIENTED_EDGE('',*,*,#1412,.T.);
#1992=ORIENTED_EDGE('',*,*,#1365,.T.);
#1993=ORIENTED_EDGE('',*,*,#1364,.F.);
#1994=ORIENTED_EDGE('',*,*,#1413,.F.);
#1995=ORIENTED_EDGE('',*,*,#1414,.F.);
#1996=ORIENTED_EDGE('',*,*,#1411,.F.);
#1997=ORIENTED_EDGE('',*,*,#1359,.F.);
#1998=ORIENTED_EDGE('',*,*,#1409,.F.);
#1999=ORIENTED_EDGE('',*,*,#1414,.T.);
#2000=ORIENTED_EDGE('',*,*,#1415,.F.);
#2001=ORIENTED_EDGE('',*,*,#1367,.F.);
#2002=ORIENTED_EDGE('',*,*,#1416,.F.);
#2003=ORIENTED_EDGE('',*,*,#1366,.F.);
#2004=ORIENTED_EDGE('',*,*,#1412,.F.);
#2005=ORIENTED_EDGE('',*,*,#1363,.T.);
#2006=ORIENTED_EDGE('',*,*,#1368,.T.);
#2007=ORIENTED_EDGE('',*,*,#1415,.T.);
#2008=ORIENTED_EDGE('',*,*,#1413,.T.);
#2009=ORIENTED_EDGE('',*,*,#1417,.T.);
#2010=ORIENTED_EDGE('',*,*,#1418,.T.);
#2011=ORIENTED_EDGE('',*,*,#1419,.T.);
#2012=ORIENTED_EDGE('',*,*,#1370,.T.);
#2013=ORIENTED_EDGE('',*,*,#1420,.F.);
#2014=ORIENTED_EDGE('',*,*,#1421,.F.);
#2015=ORIENTED_EDGE('',*,*,#1422,.F.);
#2016=ORIENTED_EDGE('',*,*,#1418,.F.);
#2017=ORIENTED_EDGE('',*,*,#1422,.T.);
#2018=ORIENTED_EDGE('',*,*,#1423,.F.);
#2019=ORIENTED_EDGE('',*,*,#1372,.F.);
#2020=ORIENTED_EDGE('',*,*,#1424,.F.);
#2021=ORIENTED_EDGE('',*,*,#1371,.F.);
#2022=ORIENTED_EDGE('',*,*,#1419,.F.);
#2023=ORIENTED_EDGE('',*,*,#1369,.T.);
#2024=ORIENTED_EDGE('',*,*,#1416,.T.);
#2025=ORIENTED_EDGE('',*,*,#1374,.T.);
#2026=ORIENTED_EDGE('',*,*,#1425,.F.);
#2027=ORIENTED_EDGE('',*,*,#1420,.T.);
#2028=ORIENTED_EDGE('',*,*,#1417,.F.);
#2029=ORIENTED_EDGE('',*,*,#1425,.T.);
#2030=ORIENTED_EDGE('',*,*,#1373,.T.);
#2031=ORIENTED_EDGE('',*,*,#1423,.T.);
#2032=ORIENTED_EDGE('',*,*,#1421,.T.);
#2033=ORIENTED_EDGE('',*,*,#1381,.T.);
#2034=ORIENTED_EDGE('',*,*,#1376,.T.);
#2035=ORIENTED_EDGE('',*,*,#1426,.T.);
#2036=ORIENTED_EDGE('',*,*,#1427,.T.);
#2037=ORIENTED_EDGE('',*,*,#1375,.T.);
#2038=ORIENTED_EDGE('',*,*,#1424,.T.);
#2039=ORIENTED_EDGE('',*,*,#1380,.T.);
#2040=ORIENTED_EDGE('',*,*,#1428,.F.);
#2041=ORIENTED_EDGE('',*,*,#1429,.F.);
#2042=ORIENTED_EDGE('',*,*,#1426,.F.);
#2043=ORIENTED_EDGE('',*,*,#1429,.T.);
#2044=ORIENTED_EDGE('',*,*,#1430,.F.);
#2045=ORIENTED_EDGE('',*,*,#1383,.F.);
#2046=ORIENTED_EDGE('',*,*,#1431,.F.);
#2047=ORIENTED_EDGE('',*,*,#1382,.F.);
#2048=ORIENTED_EDGE('',*,*,#1427,.F.);
#2049=ORIENTED_EDGE('',*,*,#1384,.T.);
#2050=ORIENTED_EDGE('',*,*,#1430,.T.);
#2051=ORIENTED_EDGE('',*,*,#1428,.T.);
#2052=ORIENTED_EDGE('',*,*,#1379,.T.);
#2053=ORIENTED_EDGE('',*,*,#1432,.T.);
#2054=ORIENTED_EDGE('',*,*,#1433,.T.);
#2055=ORIENTED_EDGE('',*,*,#1394,.T.);
#2056=ORIENTED_EDGE('',*,*,#1386,.T.);
#2057=ORIENTED_EDGE('',*,*,#1434,.F.);
#2058=ORIENTED_EDGE('',*,*,#1435,.F.);
#2059=ORIENTED_EDGE('',*,*,#1436,.F.);
#2060=ORIENTED_EDGE('',*,*,#1437,.F.);
#2061=ORIENTED_EDGE('',*,*,#1395,.F.);
#2062=ORIENTED_EDGE('',*,*,#1433,.F.);
#2063=ORIENTED_EDGE('',*,*,#1176,.T.);
#2064=ORIENTED_EDGE('',*,*,#1436,.T.);
#2065=ORIENTED_EDGE('',*,*,#1438,.F.);
#2066=ORIENTED_EDGE('',*,*,#1388,.F.);
#2067=ORIENTED_EDGE('',*,*,#1385,.T.);
#2068=ORIENTED_EDGE('',*,*,#1431,.T.);
#2069=ORIENTED_EDGE('',*,*,#1390,.T.);
#2070=ORIENTED_EDGE('',*,*,#1439,.F.);
#2071=ORIENTED_EDGE('',*,*,#1434,.T.);
#2072=ORIENTED_EDGE('',*,*,#1432,.F.);
#2073=ORIENTED_EDGE('',*,*,#1439,.T.);
#2074=ORIENTED_EDGE('',*,*,#1389,.T.);
#2075=ORIENTED_EDGE('',*,*,#1438,.T.);
#2076=ORIENTED_EDGE('',*,*,#1435,.T.);
#2077=ORIENTED_EDGE('',*,*,#1440,.T.);
#2078=ORIENTED_EDGE('',*,*,#1441,.T.);
#2079=ORIENTED_EDGE('',*,*,#1442,.T.);
#2080=ORIENTED_EDGE('',*,*,#1392,.T.);
#2081=ORIENTED_EDGE('',*,*,#1443,.F.);
#2082=ORIENTED_EDGE('',*,*,#1444,.F.);
#2083=ORIENTED_EDGE('',*,*,#1445,.F.);
#2084=ORIENTED_EDGE('',*,*,#1441,.F.);
#2085=ORIENTED_EDGE('',*,*,#1445,.T.);
#2086=ORIENTED_EDGE('',*,*,#1446,.F.);
#2087=ORIENTED_EDGE('',*,*,#1447,.F.);
#2088=ORIENTED_EDGE('',*,*,#1174,.F.);
#2089=ORIENTED_EDGE('',*,*,#1333,.F.);
#2090=ORIENTED_EDGE('',*,*,#1128,.F.);
#2091=ORIENTED_EDGE('',*,*,#1393,.F.);
#2092=ORIENTED_EDGE('',*,*,#1442,.F.);
#2093=ORIENTED_EDGE('',*,*,#1175,.T.);
#2094=ORIENTED_EDGE('',*,*,#1447,.T.);
#2095=ORIENTED_EDGE('',*,*,#1448,.F.);
#2096=ORIENTED_EDGE('',*,*,#1449,.F.);
#2097=ORIENTED_EDGE('',*,*,#1391,.T.);
#2098=ORIENTED_EDGE('',*,*,#1437,.T.);
#2099=ORIENTED_EDGE('',*,*,#1449,.T.);
#2100=ORIENTED_EDGE('',*,*,#1450,.F.);
#2101=ORIENTED_EDGE('',*,*,#1443,.T.);
#2102=ORIENTED_EDGE('',*,*,#1440,.F.);
#2103=ORIENTED_EDGE('',*,*,#1450,.T.);
#2104=ORIENTED_EDGE('',*,*,#1448,.T.);
#2105=ORIENTED_EDGE('',*,*,#1446,.T.);
#2106=ORIENTED_EDGE('',*,*,#1444,.T.);
#2107=PLANE('',#2369);
#2108=PLANE('',#2370);
#2109=PLANE('',#2371);
#2110=PLANE('',#2372);
#2111=PLANE('',#2373);
#2112=PLANE('',#2374);
#2113=PLANE('',#2375);
#2114=PLANE('',#2376);
#2115=PLANE('',#2377);
#2116=PLANE('',#2378);
#2117=PLANE('',#2379);
#2118=PLANE('',#2380);
#2119=PLANE('',#2381);
#2120=PLANE('',#2382);
#2121=PLANE('',#2383);
#2122=PLANE('',#2384);
#2123=PLANE('',#2385);
#2124=PLANE('',#2386);
#2125=PLANE('',#2387);
#2126=PLANE('',#2388);
#2127=PLANE('',#2389);
#2128=PLANE('',#2390);
#2129=PLANE('',#2391);
#2130=PLANE('',#2392);
#2131=PLANE('',#2393);
#2132=PLANE('',#2394);
#2133=PLANE('',#2395);
#2134=PLANE('',#2396);
#2135=PLANE('',#2397);
#2136=PLANE('',#2398);
#2137=PLANE('',#2399);
#2138=PLANE('',#2400);
#2139=PLANE('',#2401);
#2140=PLANE('',#2402);
#2141=PLANE('',#2403);
#2142=PLANE('',#2404);
#2143=PLANE('',#2405);
#2144=PLANE('',#2406);
#2145=PLANE('',#2407);
#2146=PLANE('',#2408);
#2147=PLANE('',#2409);
#2148=PLANE('',#2410);
#2149=PLANE('',#2411);
#2150=PLANE('',#2412);
#2151=PLANE('',#2413);
#2152=PLANE('',#2414);
#2153=PLANE('',#2415);
#2154=PLANE('',#2416);
#2155=PLANE('',#2417);
#2156=PLANE('',#2418);
#2157=PLANE('',#2419);
#2158=PLANE('',#2420);
#2159=PLANE('',#2421);
#2160=PLANE('',#2422);
#2161=PLANE('',#2423);
#2162=PLANE('',#2424);
#2163=PLANE('',#2425);
#2164=PLANE('',#2426);
#2165=PLANE('',#2427);
#2166=PLANE('',#2428);
#2167=PLANE('',#2429);
#2168=PLANE('',#2430);
#2169=PLANE('',#2431);
#2170=PLANE('',#2432);
#2171=PLANE('',#2433);
#2172=PLANE('',#2434);
#2173=PLANE('',#2435);
#2174=PLANE('',#2436);
#2175=PLANE('',#2437);
#2176=PLANE('',#2438);
#2177=PLANE('',#2439);
#2178=PLANE('',#2440);
#2179=PLANE('',#2441);
#2180=PLANE('',#2442);
#2181=PLANE('',#2443);
#2182=PLANE('',#2444);
#2183=PLANE('',#2445);
#2184=PLANE('',#2446);
#2185=PLANE('',#2447);
#2186=PLANE('',#2448);
#2187=PLANE('',#2449);
#2188=PLANE('',#2450);
#2189=PLANE('',#2451);
#2190=PLANE('',#2452);
#2191=PLANE('',#2453);
#2192=PLANE('',#2454);
#2193=PLANE('',#2455);
#2194=PLANE('',#2456);
#2195=PLANE('',#2457);
#2196=PLANE('',#2458);
#2197=PLANE('',#2459);
#2198=PLANE('',#2460);
#2199=PLANE('',#2461);
#2200=PLANE('',#2462);
#2201=PLANE('',#2463);
#2202=PLANE('',#2464);
#2203=PLANE('',#2465);
#2204=PLANE('',#2466);
#2205=PLANE('',#2467);
#2206=PLANE('',#2468);
#2207=PLANE('',#2469);
#2208=PLANE('',#2470);
#2209=PLANE('',#2471);
#2210=PLANE('',#2472);
#2211=PLANE('',#2473);
#2212=PLANE('',#2474);
#2213=PLANE('',#2475);
#2214=PLANE('',#2476);
#2215=PLANE('',#2477);
#2216=PLANE('',#2478);
#2217=PLANE('',#2479);
#2218=PLANE('',#2480);
#2219=PLANE('',#2481);
#2220=PLANE('',#2482);
#2221=PLANE('',#2483);
#2222=PLANE('',#2484);
#2223=PLANE('',#2485);
#2224=PLANE('',#2486);
#2225=PLANE('',#2487);
#2226=PLANE('',#2488);
#2227=PLANE('',#2489);
#2228=PLANE('',#2490);
#2229=PLANE('',#2491);
#2230=PLANE('',#2492);
#2231=PLANE('',#2493);
#2232=PLANE('',#2494);
#2233=PLANE('',#2495);
#2234=PLANE('',#2496);
#2235=PLANE('',#2497);
#2236=PLANE('',#2498);
#2237=ADVANCED_FACE('',(#19,#15),#2107,.T.);
#2238=ADVANCED_FACE('',(#20,#16),#2108,.T.);
#2239=ADVANCED_FACE('',(#21),#2109,.T.);
#2240=ADVANCED_FACE('',(#22),#2110,.T.);
#2241=ADVANCED_FACE('',(#23),#2111,.T.);
#2242=ADVANCED_FACE('',(#24),#2112,.T.);
#2243=ADVANCED_FACE('',(#25),#2113,.T.);
#2244=ADVANCED_FACE('',(#26),#2114,.T.);
#2245=ADVANCED_FACE('',(#27),#2115,.T.);
#2246=ADVANCED_FACE('',(#28),#2116,.T.);
#2247=ADVANCED_FACE('',(#29),#2117,.T.);
#2248=ADVANCED_FACE('',(#30),#2118,.T.);
#2249=ADVANCED_FACE('',(#31),#2119,.T.);
#2250=ADVANCED_FACE('',(#32),#2120,.T.);
#2251=ADVANCED_FACE('',(#33),#2121,.T.);
#2252=ADVANCED_FACE('',(#34),#2122,.T.);
#2253=ADVANCED_FACE('',(#35),#2123,.T.);
#2254=ADVANCED_FACE('',(#36),#2124,.T.);
#2255=ADVANCED_FACE('',(#37),#2125,.T.);
#2256=ADVANCED_FACE('',(#38),#2126,.T.);
#2257=ADVANCED_FACE('',(#39),#2127,.T.);
#2258=ADVANCED_FACE('',(#40),#2128,.T.);
#2259=ADVANCED_FACE('',(#41),#2129,.T.);
#2260=ADVANCED_FACE('',(#42),#2130,.T.);
#2261=ADVANCED_FACE('',(#43),#2131,.T.);
#2262=ADVANCED_FACE('',(#44),#2132,.T.);
#2263=ADVANCED_FACE('',(#45,#17),#2133,.T.);
#2264=ADVANCED_FACE('',(#46),#2134,.T.);
#2265=ADVANCED_FACE('',(#47),#2135,.T.);
#2266=ADVANCED_FACE('',(#48),#2136,.T.);
#2267=ADVANCED_FACE('',(#49),#2137,.T.);
#2268=ADVANCED_FACE('',(#50),#2138,.T.);
#2269=ADVANCED_FACE('',(#51),#2139,.T.);
#2270=ADVANCED_FACE('',(#52),#2140,.T.);
#2271=ADVANCED_FACE('',(#53),#2141,.T.);
#2272=ADVANCED_FACE('',(#54),#2142,.T.);
#2273=ADVANCED_FACE('',(#55),#2143,.T.);
#2274=ADVANCED_FACE('',(#56,#18),#2144,.T.);
#2275=ADVANCED_FACE('',(#57),#2145,.T.);
#2276=ADVANCED_FACE('',(#58),#2146,.T.);
#2277=ADVANCED_FACE('',(#59),#2147,.T.);
#2278=ADVANCED_FACE('',(#60),#2148,.T.);
#2279=ADVANCED_FACE('',(#61),#2149,.T.);
#2280=ADVANCED_FACE('',(#62),#2150,.T.);
#2281=ADVANCED_FACE('',(#63),#2151,.T.);
#2282=ADVANCED_FACE('',(#64),#2152,.T.);
#2283=ADVANCED_FACE('',(#65),#2153,.T.);
#2284=ADVANCED_FACE('',(#66),#2154,.T.);
#2285=ADVANCED_FACE('',(#67),#2155,.T.);
#2286=ADVANCED_FACE('',(#68),#2156,.T.);
#2287=ADVANCED_FACE('',(#69),#2157,.T.);
#2288=ADVANCED_FACE('',(#70),#2158,.T.);
#2289=ADVANCED_FACE('',(#71),#2159,.T.);
#2290=ADVANCED_FACE('',(#72),#2160,.T.);
#2291=ADVANCED_FACE('',(#73),#2161,.T.);
#2292=ADVANCED_FACE('',(#74),#2162,.T.);
#2293=ADVANCED_FACE('',(#75),#2163,.T.);
#2294=ADVANCED_FACE('',(#76),#2164,.T.);
#2295=ADVANCED_FACE('',(#77),#2165,.T.);
#2296=ADVANCED_FACE('',(#78),#2166,.T.);
#2297=ADVANCED_FACE('',(#79),#2167,.T.);
#2298=ADVANCED_FACE('',(#80),#2168,.T.);
#2299=ADVANCED_FACE('',(#81),#2169,.T.);
#2300=ADVANCED_FACE('',(#82),#2170,.T.);
#2301=ADVANCED_FACE('',(#83),#2171,.T.);
#2302=ADVANCED_FACE('',(#84),#2172,.T.);
#2303=ADVANCED_FACE('',(#85),#2173,.T.);
#2304=ADVANCED_FACE('',(#86),#2174,.T.);
#2305=ADVANCED_FACE('',(#87),#2175,.T.);
#2306=ADVANCED_FACE('',(#88),#2176,.T.);
#2307=ADVANCED_FACE('',(#89),#2177,.T.);
#2308=ADVANCED_FACE('',(#90),#2178,.T.);
#2309=ADVANCED_FACE('',(#91),#2179,.T.);
#2310=ADVANCED_FACE('',(#92),#2180,.T.);
#2311=ADVANCED_FACE('',(#93),#2181,.T.);
#2312=ADVANCED_FACE('',(#94),#2182,.T.);
#2313=ADVANCED_FACE('',(#95),#2183,.T.);
#2314=ADVANCED_FACE('',(#96),#2184,.T.);
#2315=ADVANCED_FACE('',(#97),#2185,.T.);
#2316=ADVANCED_FACE('',(#98),#2186,.T.);
#2317=ADVANCED_FACE('',(#99),#2187,.T.);
#2318=ADVANCED_FACE('',(#100),#2188,.T.);
#2319=ADVANCED_FACE('',(#101),#2189,.T.);
#2320=ADVANCED_FACE('',(#102),#2190,.T.);
#2321=ADVANCED_FACE('',(#103),#2191,.T.);
#2322=ADVANCED_FACE('',(#104),#2192,.T.);
#2323=ADVANCED_FACE('',(#105),#2193,.T.);
#2324=ADVANCED_FACE('',(#106),#2194,.T.);
#2325=ADVANCED_FACE('',(#107),#2195,.T.);
#2326=ADVANCED_FACE('',(#108),#2196,.T.);
#2327=ADVANCED_FACE('',(#109),#2197,.T.);
#2328=ADVANCED_FACE('',(#110),#2198,.T.);
#2329=ADVANCED_FACE('',(#111),#2199,.T.);
#2330=ADVANCED_FACE('',(#112),#2200,.T.);
#2331=ADVANCED_FACE('',(#113),#2201,.T.);
#2332=ADVANCED_FACE('',(#114),#2202,.T.);
#2333=ADVANCED_FACE('',(#115),#2203,.T.);
#2334=ADVANCED_FACE('',(#116),#2204,.T.);
#2335=ADVANCED_FACE('',(#117),#2205,.T.);
#2336=ADVANCED_FACE('',(#118),#2206,.T.);
#2337=ADVANCED_FACE('',(#119),#2207,.T.);
#2338=ADVANCED_FACE('',(#120),#2208,.T.);
#2339=ADVANCED_FACE('',(#121),#2209,.T.);
#2340=ADVANCED_FACE('',(#122),#2210,.T.);
#2341=ADVANCED_FACE('',(#123),#2211,.T.);
#2342=ADVANCED_FACE('',(#124),#2212,.T.);
#2343=ADVANCED_FACE('',(#125),#2213,.T.);
#2344=ADVANCED_FACE('',(#126),#2214,.T.);
#2345=ADVANCED_FACE('',(#127),#2215,.T.);
#2346=ADVANCED_FACE('',(#128),#2216,.T.);
#2347=ADVANCED_FACE('',(#129),#2217,.T.);
#2348=ADVANCED_FACE('',(#130),#2218,.T.);
#2349=ADVANCED_FACE('',(#131),#2219,.T.);
#2350=ADVANCED_FACE('',(#132),#2220,.T.);
#2351=ADVANCED_FACE('',(#133),#2221,.T.);
#2352=ADVANCED_FACE('',(#134),#2222,.T.);
#2353=ADVANCED_FACE('',(#135),#2223,.T.);
#2354=ADVANCED_FACE('',(#136),#2224,.T.);
#2355=ADVANCED_FACE('',(#137),#2225,.T.);
#2356=ADVANCED_FACE('',(#138),#2226,.T.);
#2357=ADVANCED_FACE('',(#139),#2227,.T.);
#2358=ADVANCED_FACE('',(#140),#2228,.T.);
#2359=ADVANCED_FACE('',(#141),#2229,.T.);
#2360=ADVANCED_FACE('',(#142),#2230,.T.);
#2361=ADVANCED_FACE('',(#143),#2231,.T.);
#2362=ADVANCED_FACE('',(#144),#2232,.T.);
#2363=ADVANCED_FACE('',(#145),#2233,.T.);
#2364=ADVANCED_FACE('',(#146),#2234,.T.);
#2365=ADVANCED_FACE('',(#147),#2235,.T.);
#2366=ADVANCED_FACE('',(#148),#2236,.T.);
#2367=CLOSED_SHELL('',(#2237,#2238,#2239,#2240,#2241,#2242,#2243,#2244,
#2245,#2246,#2247,#2248,#2249,#2250,#2251,#2252,#2253,#2254,#2255,#2256,
#2257,#2258,#2259,#2260,#2261,#2262,#2263,#2264,#2265,#2266,#2267,#2268,
#2269,#2270,#2271,#2272,#2273,#2274,#2275,#2276,#2277,#2278,#2279,#2280,
#2281,#2282,#2283,#2284,#2285,#2286,#2287,#2288,#2289,#2290,#2291,#2292,
#2293,#2294,#2295,#2296,#2297,#2298,#2299,#2300,#2301,#2302,#2303,#2304,
#2305,#2306,#2307,#2308,#2309,#2310,#2311,#2312,#2313,#2314,#2315,#2316,
#2317,#2318,#2319,#2320,#2321,#2322,#2323,#2324,#2325,#2326,#2327,#2328,
#2329,#2330,#2331,#2332,#2333,#2334,#2335,#2336,#2337,#2338,#2339,#2340,
#2341,#2342,#2343,#2344,#2345,#2346,#2347,#2348,#2349,#2350,#2351,#2352,
#2353,#2354,#2355,#2356,#2357,#2358,#2359,#2360,#2361,#2362,#2363,#2364,
#2365,#2366));
#2368=AXIS2_PLACEMENT_3D('',#3089,#2499,#2500);
#2369=AXIS2_PLACEMENT_3D('',#3090,#2501,#2502);
#2370=AXIS2_PLACEMENT_3D('',#3159,#2537,#2538);
#2371=AXIS2_PLACEMENT_3D('',#3228,#2573,#2574);
#2372=AXIS2_PLACEMENT_3D('',#3234,#2578,#2579);
#2373=AXIS2_PLACEMENT_3D('',#3238,#2582,#2583);
#2374=AXIS2_PLACEMENT_3D('',#3244,#2587,#2588);
#2375=AXIS2_PLACEMENT_3D('',#3248,#2591,#2592);
#2376=AXIS2_PLACEMENT_3D('',#3252,#2595,#2596);
#2377=AXIS2_PLACEMENT_3D('',#3256,#2599,#2600);
#2378=AXIS2_PLACEMENT_3D('',#3260,#2603,#2604);
#2379=AXIS2_PLACEMENT_3D('',#3264,#2607,#2608);
#2380=AXIS2_PLACEMENT_3D('',#3268,#2611,#2612);
#2381=AXIS2_PLACEMENT_3D('',#3272,#2615,#2616);
#2382=AXIS2_PLACEMENT_3D('',#3276,#2619,#2620);
#2383=AXIS2_PLACEMENT_3D('',#3280,#2623,#2624);
#2384=AXIS2_PLACEMENT_3D('',#3284,#2627,#2628);
#2385=AXIS2_PLACEMENT_3D('',#3288,#2631,#2632);
#2386=AXIS2_PLACEMENT_3D('',#3292,#2635,#2636);
#2387=AXIS2_PLACEMENT_3D('',#3296,#2639,#2640);
#2388=AXIS2_PLACEMENT_3D('',#3298,#2642,#2643);
#2389=AXIS2_PLACEMENT_3D('',#3307,#2648,#2649);
#2390=AXIS2_PLACEMENT_3D('',#3316,#2654,#2655);
#2391=AXIS2_PLACEMENT_3D('',#3322,#2659,#2660);
#2392=AXIS2_PLACEMENT_3D('',#3326,#2663,#2664);
#2393=AXIS2_PLACEMENT_3D('',#3332,#2668,#2669);
#2394=AXIS2_PLACEMENT_3D('',#3336,#2672,#2673);
#2395=AXIS2_PLACEMENT_3D('',#3338,#2675,#2676);
#2396=AXIS2_PLACEMENT_3D('',#3339,#2677,#2678);
#2397=AXIS2_PLACEMENT_3D('',#3343,#2681,#2682);
#2398=AXIS2_PLACEMENT_3D('',#3347,#2685,#2686);
#2399=AXIS2_PLACEMENT_3D('',#3349,#2688,#2689);
#2400=AXIS2_PLACEMENT_3D('',#3353,#2692,#2693);
#2401=AXIS2_PLACEMENT_3D('',#3357,#2696,#2697);
#2402=AXIS2_PLACEMENT_3D('',#3361,#2700,#2701);
#2403=AXIS2_PLACEMENT_3D('',#3365,#2704,#2705);
#2404=AXIS2_PLACEMENT_3D('',#3369,#2708,#2709);
#2405=AXIS2_PLACEMENT_3D('',#3373,#2712,#2713);
#2406=AXIS2_PLACEMENT_3D('',#3375,#2715,#2716);
#2407=AXIS2_PLACEMENT_3D('',#3376,#2717,#2718);
#2408=AXIS2_PLACEMENT_3D('',#3382,#2722,#2723);
#2409=AXIS2_PLACEMENT_3D('',#3388,#2727,#2728);
#2410=AXIS2_PLACEMENT_3D('',#3392,#2731,#2732);
#2411=AXIS2_PLACEMENT_3D('',#3396,#2735,#2736);
#2412=AXIS2_PLACEMENT_3D('',#3401,#2740,#2741);
#2413=AXIS2_PLACEMENT_3D('',#3406,#2745,#2746);
#2414=AXIS2_PLACEMENT_3D('',#3410,#2749,#2750);
#2415=AXIS2_PLACEMENT_3D('',#3414,#2753,#2754);
#2416=AXIS2_PLACEMENT_3D('',#3419,#2758,#2759);
#2417=AXIS2_PLACEMENT_3D('',#3424,#2763,#2764);
#2418=AXIS2_PLACEMENT_3D('',#3429,#2768,#2769);
#2419=AXIS2_PLACEMENT_3D('',#3434,#2773,#2774);
#2420=AXIS2_PLACEMENT_3D('',#3438,#2777,#2778);
#2421=AXIS2_PLACEMENT_3D('',#3442,#2781,#2782);
#2422=AXIS2_PLACEMENT_3D('',#3447,#2786,#2787);
#2423=AXIS2_PLACEMENT_3D('',#3452,#2791,#2792);
#2424=AXIS2_PLACEMENT_3D('',#3456,#2795,#2796);
#2425=AXIS2_PLACEMENT_3D('',#3460,#2799,#2800);
#2426=AXIS2_PLACEMENT_3D('',#3464,#2803,#2804);
#2427=AXIS2_PLACEMENT_3D('',#3469,#2808,#2809);
#2428=AXIS2_PLACEMENT_3D('',#3472,#2812,#2813);
#2429=AXIS2_PLACEMENT_3D('',#3473,#2814,#2815);
#2430=AXIS2_PLACEMENT_3D('',#3479,#2819,#2820);
#2431=AXIS2_PLACEMENT_3D('',#3484,#2824,#2825);
#2432=AXIS2_PLACEMENT_3D('',#3488,#2828,#2829);
#2433=AXIS2_PLACEMENT_3D('',#3490,#2831,#2832);
#2434=AXIS2_PLACEMENT_3D('',#3491,#2833,#2834);
#2435=AXIS2_PLACEMENT_3D('',#3495,#2837,#2838);
#2436=AXIS2_PLACEMENT_3D('',#3500,#2842,#2843);
#2437=AXIS2_PLACEMENT_3D('',#3502,#2845,#2846);
#2438=AXIS2_PLACEMENT_3D('',#3503,#2847,#2848);
#2439=AXIS2_PLACEMENT_3D('',#3507,#2851,#2852);
#2440=AXIS2_PLACEMENT_3D('',#3512,#2856,#2857);
#2441=AXIS2_PLACEMENT_3D('',#3514,#2859,#2860);
#2442=AXIS2_PLACEMENT_3D('',#3515,#2861,#2862);
#2443=AXIS2_PLACEMENT_3D('',#3519,#2865,#2866);
#2444=AXIS2_PLACEMENT_3D('',#3523,#2869,#2870);
#2445=AXIS2_PLACEMENT_3D('',#3526,#2873,#2874);
#2446=AXIS2_PLACEMENT_3D('',#3527,#2875,#2876);
#2447=AXIS2_PLACEMENT_3D('',#3533,#2880,#2881);
#2448=AXIS2_PLACEMENT_3D('',#3539,#2885,#2886);
#2449=AXIS2_PLACEMENT_3D('',#3544,#2890,#2891);
#2450=AXIS2_PLACEMENT_3D('',#3549,#2895,#2896);
#2451=AXIS2_PLACEMENT_3D('',#3553,#2899,#2900);
#2452=AXIS2_PLACEMENT_3D('',#3557,#2903,#2904);
#2453=AXIS2_PLACEMENT_3D('',#3562,#2908,#2909);
#2454=AXIS2_PLACEMENT_3D('',#3567,#2913,#2914);
#2455=AXIS2_PLACEMENT_3D('',#3571,#2917,#2918);
#2456=AXIS2_PLACEMENT_3D('',#3575,#2921,#2922);
#2457=AXIS2_PLACEMENT_3D('',#3580,#2926,#2927);
#2458=AXIS2_PLACEMENT_3D('',#3585,#2931,#2932);
#2459=AXIS2_PLACEMENT_3D('',#3590,#2936,#2937);
#2460=AXIS2_PLACEMENT_3D('',#3595,#2941,#2942);
#2461=AXIS2_PLACEMENT_3D('',#3599,#2945,#2946);
#2462=AXIS2_PLACEMENT_3D('',#3603,#2949,#2950);
#2463=AXIS2_PLACEMENT_3D('',#3608,#2954,#2955);
#2464=AXIS2_PLACEMENT_3D('',#3613,#2959,#2960);
#2465=AXIS2_PLACEMENT_3D('',#3619,#2964,#2965);
#2466=AXIS2_PLACEMENT_3D('',#3622,#2968,#2969);
#2467=AXIS2_PLACEMENT_3D('',#3628,#2973,#2974);
#2468=AXIS2_PLACEMENT_3D('',#3633,#2978,#2979);
#2469=AXIS2_PLACEMENT_3D('',#3637,#2982,#2983);
#2470=AXIS2_PLACEMENT_3D('',#3639,#2985,#2986);
#2471=AXIS2_PLACEMENT_3D('',#3640,#2987,#2988);
#2472=AXIS2_PLACEMENT_3D('',#3644,#2991,#2992);
#2473=AXIS2_PLACEMENT_3D('',#3649,#2996,#2997);
#2474=AXIS2_PLACEMENT_3D('',#3651,#2999,#3000);
#2475=AXIS2_PLACEMENT_3D('',#3652,#3001,#3002);
#2476=AXIS2_PLACEMENT_3D('',#3656,#3005,#3006);
#2477=AXIS2_PLACEMENT_3D('',#3660,#3009,#3010);
#2478=AXIS2_PLACEMENT_3D('',#3663,#3013,#3014);
#2479=AXIS2_PLACEMENT_3D('',#3664,#3015,#3016);
#2480=AXIS2_PLACEMENT_3D('',#3670,#3020,#3021);
#2481=AXIS2_PLACEMENT_3D('',#3676,#3025,#3026);
#2482=AXIS2_PLACEMENT_3D('',#3679,#3029,#3030);
#2483=AXIS2_PLACEMENT_3D('',#3681,#3032,#3033);
#2484=AXIS2_PLACEMENT_3D('',#3682,#3034,#3035);
#2485=AXIS2_PLACEMENT_3D('',#3686,#3038,#3039);
#2486=AXIS2_PLACEMENT_3D('',#3690,#3042,#3043);
#2487=AXIS2_PLACEMENT_3D('',#3693,#3046,#3047);
#2488=AXIS2_PLACEMENT_3D('',#3694,#3048,#3049);
#2489=AXIS2_PLACEMENT_3D('',#3698,#3052,#3053);
#2490=AXIS2_PLACEMENT_3D('',#3705,#3058,#3059);
#2491=AXIS2_PLACEMENT_3D('',#3707,#3061,#3062);
#2492=AXIS2_PLACEMENT_3D('',#3709,#3064,#3065);
#2493=AXIS2_PLACEMENT_3D('',#3710,#3066,#3067);
#2494=AXIS2_PLACEMENT_3D('',#3716,#3071,#3072);
#2495=AXIS2_PLACEMENT_3D('',#3722,#3076,#3077);
#2496=AXIS2_PLACEMENT_3D('',#3726,#3080,#3081);
#2497=AXIS2_PLACEMENT_3D('',#3729,#3084,#3085);
#2498=AXIS2_PLACEMENT_3D('',#3731,#3087,#3088);
#2499=DIRECTION('axis',(0.,0.,1.));
#2500=DIRECTION('refdir',(1.,0.,0.));
#2501=DIRECTION('center_axis',(-1.,-2.22044604925031E-16,-4.93038065763132E-32));
#2502=DIRECTION('ref_axis',(2.22044604925031E-16,-1.,-2.22044604925031E-16));
#2503=DIRECTION('',(-2.22044604925031E-16,1.,2.22044604925031E-16));
#2504=DIRECTION('',(0.,-2.22044604925031E-16,1.));
#2505=DIRECTION('',(-2.22044604925031E-16,1.,2.22044604925031E-16));
#2506=DIRECTION('',(0.,-2.22044604925031E-16,1.));
#2507=DIRECTION('',(-2.22044604925031E-16,1.,2.22044604925031E-16));
#2508=DIRECTION('',(0.,-2.22044604925031E-16,1.));
#2509=DIRECTION('',(0.,2.22044604925031E-16,-1.));
#2510=DIRECTION('',(-2.22044604925031E-16,1.,2.22044604925031E-16));
#2511=DIRECTION('',(0.,2.22044604925031E-16,-1.));
#2512=DIRECTION('',(-2.22044604925031E-16,1.,2.22044604925031E-16));
#2513=DIRECTION('',(0.,2.22044604925031E-16,-1.));
#2514=DIRECTION('',(2.22044604925031E-16,-1.,-2.22044604925031E-16));
#2515=DIRECTION('',(0.,2.22044604925031E-16,-1.));
#2516=DIRECTION('',(2.22044604925031E-16,-1.,-2.22044604925031E-16));
#2517=DIRECTION('',(0.,2.22044604925031E-16,-1.));
#2518=DIRECTION('',(0.,-2.22044604925031E-16,1.));
#2519=DIRECTION('',(2.22044604925031E-16,-1.,-2.22044604925031E-16));
#2520=DIRECTION('',(0.,-2.22044604925031E-16,1.));
#2521=DIRECTION('',(2.22044604925031E-16,-1.,-2.22044604925031E-16));
#2522=DIRECTION('',(0.,-2.22044604925031E-16,1.));
#2523=DIRECTION('',(2.22044604925031E-16,-1.,-2.22044604925031E-16));
#2524=DIRECTION('',(0.,-2.22044604925031E-16,1.));
#2525=DIRECTION('',(-2.22044604925031E-16,1.,2.22044604925031E-16));
#2526=DIRECTION('',(0.,-2.22044604925031E-16,1.));
#2527=DIRECTION('',(2.22044604925031E-16,-1.,-2.22044604925031E-16));
#2528=DIRECTION('',(0.,-2.22044604925031E-16,1.));
#2529=DIRECTION('',(2.22044604925031E-16,-1.,-2.22044604925031E-16));
#2530=DIRECTION('',(0.,2.22044604925031E-16,-1.));
#2531=DIRECTION('',(2.22044604925031E-16,-1.,-2.22044604925031E-16));
#2532=DIRECTION('',(0.,2.22044604925031E-16,-1.));
#2533=DIRECTION('',(-2.22044604925031E-16,1.,2.22044604925031E-16));
#2534=DIRECTION('',(0.,2.22044604925031E-16,-1.));
#2535=DIRECTION('',(-2.22044604925031E-16,1.,2.22044604925031E-16));
#2536=DIRECTION('',(0.,-2.22044604925031E-16,1.));
#2537=DIRECTION('center_axis',(1.,2.22044604925031E-16,4.93038065763132E-32));
#2538=DIRECTION('ref_axis',(-2.22044604925031E-16,1.,2.22044604925031E-16));
#2539=DIRECTION('',(2.22044604925031E-16,-1.,-2.22044604925031E-16));
#2540=DIRECTION('',(0.,2.22044604925031E-16,-1.));
#2541=DIRECTION('',(-2.22044604925031E-16,1.,2.22044604925031E-16));
#2542=DIRECTION('',(0.,2.22044604925031E-16,-1.));
#2543=DIRECTION('',(-2.22044604925031E-16,1.,2.22044604925031E-16));
#2544=DIRECTION('',(0.,2.22044604925031E-16,-1.));
#2545=DIRECTION('',(-2.22044604925031E-16,1.,2.22044604925031E-16));
#2546=DIRECTION('',(0.,2.22044604925031E-16,-1.));
#2547=DIRECTION('',(0.,-2.22044604925031E-16,1.));
#2548=DIRECTION('',(-2.22044604925031E-16,1.,2.22044604925031E-16));
#2549=DIRECTION('',(0.,-2.22044604925031E-16,1.));
#2550=DIRECTION('',(-2.22044604925031E-16,1.,2.22044604925031E-16));
#2551=DIRECTION('',(0.,-2.22044604925031E-16,1.));
#2552=DIRECTION('',(2.22044604925031E-16,-1.,-2.22044604925031E-16));
#2553=DIRECTION('',(0.,-2.22044604925031E-16,1.));
#2554=DIRECTION('',(2.22044604925031E-16,-1.,-2.22044604925031E-16));
#2555=DIRECTION('',(0.,-2.22044604925031E-16,1.));
#2556=DIRECTION('',(0.,2.22044604925031E-16,-1.));
#2557=DIRECTION('',(2.22044604925031E-16,-1.,-2.22044604925031E-16));
#2558=DIRECTION('',(0.,2.22044604925031E-16,-1.));
#2559=DIRECTION('',(2.22044604925031E-16,-1.,-2.22044604925031E-16));
#2560=DIRECTION('',(0.,2.22044604925031E-16,-1.));
#2561=DIRECTION('',(2.22044604925031E-16,-1.,-2.22044604925031E-16));
#2562=DIRECTION('',(0.,2.22044604925031E-16,-1.));
#2563=DIRECTION('',(2.22044604925031E-16,-1.,-2.22044604925031E-16));
#2564=DIRECTION('',(0.,-2.22044604925031E-16,1.));
#2565=DIRECTION('',(2.22044604925031E-16,-1.,-2.22044604925031E-16));
#2566=DIRECTION('',(0.,-2.22044604925031E-16,1.));
#2567=DIRECTION('',(-2.22044604925031E-16,1.,2.22044604925031E-16));
#2568=DIRECTION('',(0.,-2.22044604925031E-16,1.));
#2569=DIRECTION('',(-2.22044604925031E-16,1.,2.22044604925031E-16));
#2570=DIRECTION('',(0.,2.22044604925031E-16,-1.));
#2571=DIRECTION('',(-2.22044604925031E-16,1.,2.22044604925031E-16));
#2572=DIRECTION('',(0.,2.22044604925031E-16,-1.));
#2573=DIRECTION('center_axis',(-2.22044604925031E-16,1.,2.22044604925031E-16));
#2574=DIRECTION('ref_axis',(0.,-2.22044604925031E-16,1.));
#2575=DIRECTION('',(1.,2.22044604925031E-16,4.93038065763132E-32));
#2576=DIRECTION('',(0.,2.22044604925031E-16,-1.));
#2577=DIRECTION('',(1.,2.22044604925031E-16,4.93038065763132E-32));
#2578=DIRECTION('center_axis',(0.,2.22044604925031E-16,-1.));
#2579=DIRECTION('ref_axis',(-2.22044604925031E-16,1.,2.22044604925031E-16));
#2580=DIRECTION('',(2.22044604925031E-16,-1.,-2.22044604925031E-16));
#2581=DIRECTION('',(1.,2.22044604925031E-16,4.93038065763132E-32));
#2582=DIRECTION('center_axis',(0.,2.22044604925031E-16,-1.));
#2583=DIRECTION('ref_axis',(-2.22044604925031E-16,1.,2.22044604925031E-16));
#2584=DIRECTION('',(1.,2.22044604925031E-16,4.93038065763132E-32));
#2585=DIRECTION('',(-2.22044604925031E-16,1.,2.22044604925031E-16));
#2586=DIRECTION('',(1.,2.22044604925031E-16,4.93038065763132E-32));
#2587=DIRECTION('center_axis',(0.,2.22044604925031E-16,-1.));
#2588=DIRECTION('ref_axis',(-2.22044604925031E-16,1.,2.22044604925031E-16));
#2589=DIRECTION('',(1.,2.22044604925031E-16,4.93038065763132E-32));
#2590=DIRECTION('',(2.22044604925031E-16,-1.,-2.22044604925031E-16));
#2591=DIRECTION('center_axis',(-2.22044604925031E-16,1.,2.22044604925031E-16));
#2592=DIRECTION('ref_axis',(0.,-2.22044604925031E-16,1.));
#2593=DIRECTION('',(0.,2.22044604925031E-16,-1.));
#2594=DIRECTION('',(1.,2.22044604925031E-16,4.93038065763132E-32));
#2595=DIRECTION('center_axis',(-2.22044604925031E-16,1.,2.22044604925031E-16));
#2596=DIRECTION('ref_axis',(0.,-2.22044604925031E-16,1.));
#2597=DIRECTION('',(1.,2.22044604925031E-16,4.93038065763132E-32));
#2598=DIRECTION('',(0.,-2.22044604925031E-16,1.));
#2599=DIRECTION('center_axis',(2.22044604925031E-16,-1.,-2.22044604925031E-16));
#2600=DIRECTION('ref_axis',(0.,2.22044604925031E-16,-1.));
#2601=DIRECTION('',(1.,2.22044604925031E-16,4.93038065763132E-32));
#2602=DIRECTION('',(0.,-2.22044604925031E-16,1.));
#2603=DIRECTION('center_axis',(0.,-2.22044604925031E-16,1.));
#2604=DIRECTION('ref_axis',(2.22044604925031E-16,-1.,-2.22044604925031E-16));
#2605=DIRECTION('',(-2.22044604925031E-16,1.,2.22044604925031E-16));
#2606=DIRECTION('',(1.,2.22044604925031E-16,4.93038065763132E-32));
#2607=DIRECTION('center_axis',(0.,-2.22044604925031E-16,1.));
#2608=DIRECTION('ref_axis',(2.22044604925031E-16,-1.,-2.22044604925031E-16));
#2609=DIRECTION('',(1.,2.22044604925031E-16,4.93038065763132E-32));
#2610=DIRECTION('',(2.22044604925031E-16,-1.,-2.22044604925031E-16));
#2611=DIRECTION('center_axis',(0.,2.22044604925031E-16,-1.));
#2612=DIRECTION('ref_axis',(-2.22044604925031E-16,1.,2.22044604925031E-16));
#2613=DIRECTION('',(1.,2.22044604925031E-16,4.93038065763132E-32));
#2614=DIRECTION('',(2.22044604925031E-16,-1.,-2.22044604925031E-16));
#2615=DIRECTION('center_axis',(-2.22044604925031E-16,1.,2.22044604925031E-16));
#2616=DIRECTION('ref_axis',(0.,-2.22044604925031E-16,1.));
#2617=DIRECTION('',(0.,2.22044604925031E-16,-1.));
#2618=DIRECTION('',(1.,2.22044604925031E-16,4.93038065763132E-32));
#2619=DIRECTION('center_axis',(-2.22044604925031E-16,1.,2.22044604925031E-16));
#2620=DIRECTION('ref_axis',(0.,-2.22044604925031E-16,1.));
#2621=DIRECTION('',(1.,2.22044604925031E-16,4.93038065763132E-32));
#2622=DIRECTION('',(0.,-2.22044604925031E-16,1.));
#2623=DIRECTION('center_axis',(2.22044604925031E-16,-1.,-2.22044604925031E-16));
#2624=DIRECTION('ref_axis',(0.,2.22044604925031E-16,-1.));
#2625=DIRECTION('',(1.,2.22044604925031E-16,4.93038065763132E-32));
#2626=DIRECTION('',(0.,-2.22044604925031E-16,1.));
#2627=DIRECTION('center_axis',(0.,-2.22044604925031E-16,1.));
#2628=DIRECTION('ref_axis',(2.22044604925031E-16,-1.,-2.22044604925031E-16));
#2629=DIRECTION('',(-2.22044604925031E-16,1.,2.22044604925031E-16));
#2630=DIRECTION('',(1.,2.22044604925031E-16,4.93038065763132E-32));
#2631=DIRECTION('center_axis',(0.,-2.22044604925031E-16,1.));
#2632=DIRECTION('ref_axis',(2.22044604925031E-16,-1.,-2.22044604925031E-16));
#2633=DIRECTION('',(1.,2.22044604925031E-16,4.93038065763132E-32));
#2634=DIRECTION('',(2.22044604925031E-16,-1.,-2.22044604925031E-16));
#2635=DIRECTION('center_axis',(0.,-2.22044604925031E-16,1.));
#2636=DIRECTION('ref_axis',(2.22044604925031E-16,-1.,-2.22044604925031E-16));
#2637=DIRECTION('',(-1.,-2.22044604925031E-16,-4.93038065763132E-32));
#2638=DIRECTION('',(-2.22044604925031E-16,1.,2.22044604925031E-16));
#2639=DIRECTION('center_axis',(2.22044604925031E-16,-1.,-2.22044604925031E-16));
#2640=DIRECTION('ref_axis',(0.,2.22044604925031E-16,-1.));
#2641=DIRECTION('',(0.,-2.22044604925031E-16,1.));
#2642=DIRECTION('center_axis',(-1.,-2.22044604925031E-16,-4.93038065763132E-32));
#2643=DIRECTION('ref_axis',(2.22044604925031E-16,-1.,-2.22044604925031E-16));
#2644=DIRECTION('',(-2.22044604925031E-16,1.,2.22044604925031E-16));
#2645=DIRECTION('',(0.,2.22044604925031E-16,-1.));
#2646=DIRECTION('',(2.22044604925031E-16,-1.,-2.22044604925031E-16));
#2647=DIRECTION('',(0.,-2.22044604925031E-16,1.));
#2648=DIRECTION('center_axis',(1.,2.22044604925031E-16,4.93038065763132E-32));
#2649=DIRECTION('ref_axis',(-2.22044604925031E-16,1.,2.22044604925031E-16));
#2650=DIRECTION('',(2.22044604925031E-16,-1.,-2.22044604925031E-16));
#2651=DIRECTION('',(0.,2.22044604925031E-16,-1.));
#2652=DIRECTION('',(-2.22044604925031E-16,1.,2.22044604925031E-16));
#2653=DIRECTION('',(0.,-2.22044604925031E-16,1.));
#2654=DIRECTION('center_axis',(-2.22044604925031E-16,1.,2.22044604925031E-16));
#2655=DIRECTION('ref_axis',(0.,-2.22044604925031E-16,1.));
#2656=DIRECTION('',(1.,2.22044604925031E-16,4.93038065763132E-32));
#2657=DIRECTION('',(0.,2.22044604925031E-16,-1.));
#2658=DIRECTION('',(1.,2.22044604925031E-16,4.93038065763132E-32));
#2659=DIRECTION('center_axis',(0.,2.22044604925031E-16,-1.));
#2660=DIRECTION('ref_axis',(-2.22044604925031E-16,1.,2.22044604925031E-16));
#2661=DIRECTION('',(2.22044604925031E-16,-1.,-2.22044604925031E-16));
#2662=DIRECTION('',(1.,2.22044604925031E-16,4.93038065763132E-32));
#2663=DIRECTION('center_axis',(0.,2.22044604925031E-16,-1.));
#2664=DIRECTION('ref_axis',(-2.22044604925031E-16,1.,2.22044604925031E-16));
#2665=DIRECTION('',(1.,2.22044604925031E-16,4.93038065763132E-32));
#2666=DIRECTION('',(-2.22044604925031E-16,1.,2.22044604925031E-16));
#2667=DIRECTION('',(1.,2.22044604925031E-16,4.93038065763132E-32));
#2668=DIRECTION('center_axis',(0.,-2.22044604925031E-16,1.));
#2669=DIRECTION('ref_axis',(2.22044604925031E-16,-1.,-2.22044604925031E-16));
#2670=DIRECTION('',(-1.,-2.22044604925031E-16,-4.93038065763132E-32));
#2671=DIRECTION('',(-2.22044604925031E-16,1.,2.22044604925031E-16));
#2672=DIRECTION('center_axis',(2.22044604925031E-16,-1.,-2.22044604925031E-16));
#2673=DIRECTION('ref_axis',(0.,2.22044604925031E-16,-1.));
#2674=DIRECTION('',(0.,-2.22044604925031E-16,1.));
#2675=DIRECTION('center_axis',(-1.,-2.22044604925031E-16,-4.93038065763132E-32));
#2676=DIRECTION('ref_axis',(2.22044604925031E-16,-1.,-2.22044604925031E-16));
#2677=DIRECTION('center_axis',(2.22044604925031E-16,-1.,-2.22044604925031E-16));
#2678=DIRECTION('ref_axis',(0.,2.22044604925031E-16,-1.));
#2679=DIRECTION('',(-1.,-2.22044604925031E-16,-4.93038065763132E-32));
#2680=DIRECTION('',(0.,2.22044604925031E-16,-1.));
#2681=DIRECTION('center_axis',(-2.22044604925031E-16,1.,2.22044604925031E-16));
#2682=DIRECTION('ref_axis',(0.,-2.22044604925031E-16,1.));
#2683=DIRECTION('',(0.,-2.22044604925031E-16,1.));
#2684=DIRECTION('',(1.,2.22044604925031E-16,4.93038065763132E-32));
#2685=DIRECTION('center_axis',(0.,-2.22044604925031E-16,1.));
#2686=DIRECTION('ref_axis',(2.22044604925031E-16,-1.,-2.22044604925031E-16));
#2687=DIRECTION('',(2.22044604925031E-16,-1.,-2.22044604925031E-16));
#2688=DIRECTION('center_axis',(2.22044604925031E-16,-1.,-2.22044604925031E-16));
#2689=DIRECTION('ref_axis',(0.,2.22044604925031E-16,-1.));
#2690=DIRECTION('',(-1.,-2.22044604925031E-16,-4.93038065763132E-32));
#2691=DIRECTION('',(0.,2.22044604925031E-16,-1.));
#2692=DIRECTION('center_axis',(-2.22044604925031E-16,1.,2.22044604925031E-16));
#2693=DIRECTION('ref_axis',(0.,-2.22044604925031E-16,1.));
#2694=DIRECTION('',(0.,-2.22044604925031E-16,1.));
#2695=DIRECTION('',(1.,2.22044604925031E-16,4.93038065763132E-32));
#2696=DIRECTION('center_axis',(0.,2.22044604925031E-16,-1.));
#2697=DIRECTION('ref_axis',(-2.22044604925031E-16,1.,2.22044604925031E-16));
#2698=DIRECTION('',(-2.22044604925031E-16,1.,2.22044604925031E-16));
#2699=DIRECTION('',(1.,2.22044604925031E-16,4.93038065763132E-32));
#2700=DIRECTION('center_axis',(2.22044604925031E-16,-1.,-2.22044604925031E-16));
#2701=DIRECTION('ref_axis',(0.,2.22044604925031E-16,-1.));
#2702=DIRECTION('',(0.,2.22044604925031E-16,-1.));
#2703=DIRECTION('',(1.,2.22044604925031E-16,4.93038065763132E-32));
#2704=DIRECTION('center_axis',(0.,2.22044604925031E-16,-1.));
#2705=DIRECTION('ref_axis',(-2.22044604925031E-16,1.,2.22044604925031E-16));
#2706=DIRECTION('',(-2.22044604925031E-16,1.,2.22044604925031E-16));
#2707=DIRECTION('',(1.,2.22044604925031E-16,4.93038065763132E-32));
#2708=DIRECTION('center_axis',(2.22044604925031E-16,-1.,-2.22044604925031E-16));
#2709=DIRECTION('ref_axis',(0.,2.22044604925031E-16,-1.));
#2710=DIRECTION('',(0.,2.22044604925031E-16,-1.));
#2711=DIRECTION('',(1.,2.22044604925031E-16,4.93038065763132E-32));
#2712=DIRECTION('center_axis',(0.,-2.22044604925031E-16,1.));
#2713=DIRECTION('ref_axis',(2.22044604925031E-16,-1.,-2.22044604925031E-16));
#2714=DIRECTION('',(2.22044604925031E-16,-1.,-2.22044604925031E-16));
#2715=DIRECTION('center_axis',(1.,2.22044604925031E-16,4.93038065763132E-32));
#2716=DIRECTION('ref_axis',(-2.22044604925031E-16,1.,2.22044604925031E-16));
#2717=DIRECTION('center_axis',(-2.22044604925031E-16,1.,2.22044604925031E-16));
#2718=DIRECTION('ref_axis',(0.,-2.22044604925031E-16,1.));
#2719=DIRECTION('',(1.,2.22044604925031E-16,4.93038065763132E-32));
#2720=DIRECTION('',(0.,2.22044604925031E-16,-1.));
#2721=DIRECTION('',(1.,2.22044604925031E-16,4.93038065763132E-32));
#2722=DIRECTION('center_axis',(-2.22044604925031E-16,1.,2.22044604925031E-16));
#2723=DIRECTION('ref_axis',(0.,-2.22044604925031E-16,1.));
#2724=DIRECTION('',(1.,2.22044604925031E-16,4.93038065763132E-32));
#2725=DIRECTION('',(0.,-2.22044604925031E-16,1.));
#2726=DIRECTION('',(1.,2.22044604925031E-16,4.93038065763132E-32));
#2727=DIRECTION('center_axis',(0.,-2.22044604925031E-16,1.));
#2728=DIRECTION('ref_axis',(2.22044604925031E-16,-1.,-2.22044604925031E-16));
#2729=DIRECTION('',(-2.22044604925031E-16,1.,2.22044604925031E-16));
#2730=DIRECTION('',(-1.,-2.22044604925031E-16,-4.93038065763132E-32));
#2731=DIRECTION('center_axis',(0.,-2.22044604925031E-16,1.));
#2732=DIRECTION('ref_axis',(2.22044604925031E-16,-1.,-2.22044604925031E-16));
#2733=DIRECTION('',(-1.,-2.22044604925031E-16,-4.93038065763132E-32));
#2734=DIRECTION('',(2.22044604925031E-16,-1.,-2.22044604925031E-16));
#2735=DIRECTION('center_axis',(-2.22044604925031E-16,1.,2.22044604925031E-16));
#2736=DIRECTION('ref_axis',(0.,-2.22044604925031E-16,1.));
#2737=DIRECTION('',(-1.,-2.22044604925031E-16,-4.93038065763132E-32));
#2738=DIRECTION('',(0.,2.22044604925031E-16,-1.));
#2739=DIRECTION('',(-1.,-2.22044604925031E-16,-4.93038065763132E-32));
#2740=DIRECTION('center_axis',(-2.22044604925031E-16,1.,2.22044604925031E-16));
#2741=DIRECTION('ref_axis',(0.,-2.22044604925031E-16,1.));
#2742=DIRECTION('',(-1.,-2.22044604925031E-16,-4.93038065763132E-32));
#2743=DIRECTION('',(0.,-2.22044604925031E-16,1.));
#2744=DIRECTION('',(-1.,-2.22044604925031E-16,-4.93038065763132E-32));
#2745=DIRECTION('center_axis',(0.,-2.22044604925031E-16,1.));
#2746=DIRECTION('ref_axis',(2.22044604925031E-16,-1.,-2.22044604925031E-16));
#2747=DIRECTION('',(-2.22044604925031E-16,1.,2.22044604925031E-16));
#2748=DIRECTION('',(1.,2.22044604925031E-16,4.93038065763132E-32));
#2749=DIRECTION('center_axis',(0.,-2.22044604925031E-16,1.));
#2750=DIRECTION('ref_axis',(2.22044604925031E-16,-1.,-2.22044604925031E-16));
#2751=DIRECTION('',(1.,2.22044604925031E-16,4.93038065763132E-32));
#2752=DIRECTION('',(2.22044604925031E-16,-1.,-2.22044604925031E-16));
#2753=DIRECTION('center_axis',(-2.22044604925031E-16,1.,2.22044604925031E-16));
#2754=DIRECTION('ref_axis',(0.,-2.22044604925031E-16,1.));
#2755=DIRECTION('',(1.,2.22044604925031E-16,4.93038065763132E-32));
#2756=DIRECTION('',(0.,2.22044604925031E-16,-1.));
#2757=DIRECTION('',(-1.,-2.22044604925031E-16,-4.93038065763132E-32));
#2758=DIRECTION('center_axis',(-2.22044604925031E-16,1.,2.22044604925031E-16));
#2759=DIRECTION('ref_axis',(0.,-2.22044604925031E-16,1.));
#2760=DIRECTION('',(-1.,-2.22044604925031E-16,-4.93038065763132E-32));
#2761=DIRECTION('',(0.,-2.22044604925031E-16,1.));
#2762=DIRECTION('',(1.,2.22044604925031E-16,4.93038065763132E-32));
#2763=DIRECTION('center_axis',(0.,2.22044604925031E-16,-1.));
#2764=DIRECTION('ref_axis',(-2.22044604925031E-16,1.,2.22044604925031E-16));
#2765=DIRECTION('',(-1.,-2.22044604925031E-16,-4.93038065763132E-32));
#2766=DIRECTION('',(2.22044604925031E-16,-1.,-2.22044604925031E-16));
#2767=DIRECTION('',(1.,2.22044604925031E-16,4.93038065763132E-32));
#2768=DIRECTION('center_axis',(0.,2.22044604925031E-16,-1.));
#2769=DIRECTION('ref_axis',(-2.22044604925031E-16,1.,2.22044604925031E-16));
#2770=DIRECTION('',(1.,2.22044604925031E-16,4.93038065763132E-32));
#2771=DIRECTION('',(-2.22044604925031E-16,1.,2.22044604925031E-16));
#2772=DIRECTION('',(-1.,-2.22044604925031E-16,-4.93038065763132E-32));
#2773=DIRECTION('center_axis',(-2.22044604925031E-16,1.,2.22044604925031E-16));
#2774=DIRECTION('ref_axis',(0.,-2.22044604925031E-16,1.));
#2775=DIRECTION('',(0.,2.22044604925031E-16,-1.));
#2776=DIRECTION('',(-1.,-2.22044604925031E-16,-4.93038065763132E-32));
#2777=DIRECTION('center_axis',(-2.22044604925031E-16,1.,2.22044604925031E-16));
#2778=DIRECTION('ref_axis',(0.,-2.22044604925031E-16,1.));
#2779=DIRECTION('',(-1.,-2.22044604925031E-16,-4.93038065763132E-32));
#2780=DIRECTION('',(0.,-2.22044604925031E-16,1.));
#2781=DIRECTION('center_axis',(0.,2.22044604925031E-16,-1.));
#2782=DIRECTION('ref_axis',(-2.22044604925031E-16,1.,2.22044604925031E-16));
#2783=DIRECTION('',(-1.,-2.22044604925031E-16,-4.93038065763132E-32));
#2784=DIRECTION('',(2.22044604925031E-16,-1.,-2.22044604925031E-16));
#2785=DIRECTION('',(1.,2.22044604925031E-16,4.93038065763132E-32));
#2786=DIRECTION('center_axis',(0.,2.22044604925031E-16,-1.));
#2787=DIRECTION('ref_axis',(-2.22044604925031E-16,1.,2.22044604925031E-16));
#2788=DIRECTION('',(1.,2.22044604925031E-16,4.93038065763132E-32));
#2789=DIRECTION('',(-2.22044604925031E-16,1.,2.22044604925031E-16));
#2790=DIRECTION('',(-1.,-2.22044604925031E-16,-4.93038065763132E-32));
#2791=DIRECTION('center_axis',(-2.22044604925031E-16,1.,2.22044604925031E-16));
#2792=DIRECTION('ref_axis',(0.,-2.22044604925031E-16,1.));
#2793=DIRECTION('',(0.,2.22044604925031E-16,-1.));
#2794=DIRECTION('',(1.,2.22044604925031E-16,4.93038065763132E-32));
#2795=DIRECTION('center_axis',(-2.22044604925031E-16,1.,2.22044604925031E-16));
#2796=DIRECTION('ref_axis',(0.,-2.22044604925031E-16,1.));
#2797=DIRECTION('',(1.,2.22044604925031E-16,4.93038065763132E-32));
#2798=DIRECTION('',(0.,-2.22044604925031E-16,1.));
#2799=DIRECTION('center_axis',(-1.,-2.22044604925031E-16,-4.93038065763132E-32));
#2800=DIRECTION('ref_axis',(2.22044604925031E-16,-1.,-2.22044604925031E-16));
#2801=DIRECTION('',(-2.22044604925031E-16,1.,2.22044604925031E-16));
#2802=DIRECTION('',(0.,-2.22044604925031E-16,1.));
#2803=DIRECTION('center_axis',(2.22044604925031E-16,-1.,-2.22044604925031E-16));
#2804=DIRECTION('ref_axis',(0.,2.22044604925031E-16,-1.));
#2805=DIRECTION('',(0.,2.22044604925031E-16,-1.));
#2806=DIRECTION('',(1.,2.22044604925031E-16,4.93038065763132E-32));
#2807=DIRECTION('',(-1.,-2.22044604925031E-16,-4.93038065763132E-32));
#2808=DIRECTION('center_axis',(0.,-2.22044604925031E-16,1.));
#2809=DIRECTION('ref_axis',(2.22044604925031E-16,-1.,-2.22044604925031E-16));
#2810=DIRECTION('',(2.22044604925031E-16,-1.,-2.22044604925031E-16));
#2811=DIRECTION('',(-1.,-2.22044604925031E-16,-4.93038065763132E-32));
#2812=DIRECTION('center_axis',(1.,2.22044604925031E-16,4.93038065763132E-32));
#2813=DIRECTION('ref_axis',(-2.22044604925031E-16,1.,2.22044604925031E-16));
#2814=DIRECTION('center_axis',(-1.,-2.22044604925031E-16,-4.93038065763132E-32));
#2815=DIRECTION('ref_axis',(2.22044604925031E-16,-1.,-2.22044604925031E-16));
#2816=DIRECTION('',(-2.22044604925031E-16,1.,2.22044604925031E-16));
#2817=DIRECTION('',(2.22044604925031E-16,-1.,-2.22044604925031E-16));
#2818=DIRECTION('',(0.,-2.22044604925031E-16,1.));
#2819=DIRECTION('center_axis',(0.,2.22044604925031E-16,-1.));
#2820=DIRECTION('ref_axis',(-2.22044604925031E-16,1.,2.22044604925031E-16));
#2821=DIRECTION('',(1.,2.22044604925031E-16,4.93038065763132E-32));
#2822=DIRECTION('',(-2.22044604925031E-16,1.,2.22044604925031E-16));
#2823=DIRECTION('',(1.,2.22044604925031E-16,4.93038065763132E-32));
#2824=DIRECTION('center_axis',(2.22044604925031E-16,-1.,-2.22044604925031E-16));
#2825=DIRECTION('ref_axis',(0.,2.22044604925031E-16,-1.));
#2826=DIRECTION('',(0.,2.22044604925031E-16,-1.));
#2827=DIRECTION('',(1.,2.22044604925031E-16,4.93038065763132E-32));
#2828=DIRECTION('center_axis',(0.,-2.22044604925031E-16,1.));
#2829=DIRECTION('ref_axis',(2.22044604925031E-16,-1.,-2.22044604925031E-16));
#2830=DIRECTION('',(2.22044604925031E-16,-1.,-2.22044604925031E-16));
#2831=DIRECTION('center_axis',(1.,2.22044604925031E-16,4.93038065763132E-32));
#2832=DIRECTION('ref_axis',(-2.22044604925031E-16,1.,2.22044604925031E-16));
#2833=DIRECTION('center_axis',(-1.,-2.22044604925031E-16,-4.93038065763132E-32));
#2834=DIRECTION('ref_axis',(2.22044604925031E-16,-1.,-2.22044604925031E-16));
#2835=DIRECTION('',(2.22044604925031E-16,-1.,-2.22044604925031E-16));
#2836=DIRECTION('',(0.,-2.22044604925031E-16,1.));
#2837=DIRECTION('center_axis',(0.,2.22044604925031E-16,-1.));
#2838=DIRECTION('ref_axis',(-2.22044604925031E-16,1.,2.22044604925031E-16));
#2839=DIRECTION('',(-2.22044604925031E-16,1.,2.22044604925031E-16));
#2840=DIRECTION('',(1.,2.22044604925031E-16,4.93038065763132E-32));
#2841=DIRECTION('',(-1.,-2.22044604925031E-16,-4.93038065763132E-32));
#2842=DIRECTION('center_axis',(2.22044604925031E-16,-1.,-2.22044604925031E-16));
#2843=DIRECTION('ref_axis',(0.,2.22044604925031E-16,-1.));
#2844=DIRECTION('',(0.,2.22044604925031E-16,-1.));
#2845=DIRECTION('center_axis',(1.,2.22044604925031E-16,4.93038065763132E-32));
#2846=DIRECTION('ref_axis',(-2.22044604925031E-16,1.,2.22044604925031E-16));
#2847=DIRECTION('center_axis',(-1.,-2.22044604925031E-16,-4.93038065763132E-32));
#2848=DIRECTION('ref_axis',(2.22044604925031E-16,-1.,-2.22044604925031E-16));
#2849=DIRECTION('',(0.,-2.22044604925031E-16,1.));
#2850=DIRECTION('',(2.22044604925031E-16,-1.,-2.22044604925031E-16));
#2851=DIRECTION('center_axis',(0.,2.22044604925031E-16,-1.));
#2852=DIRECTION('ref_axis',(-2.22044604925031E-16,1.,2.22044604925031E-16));
#2853=DIRECTION('',(1.,2.22044604925031E-16,4.93038065763132E-32));
#2854=DIRECTION('',(-2.22044604925031E-16,1.,2.22044604925031E-16));
#2855=DIRECTION('',(1.,2.22044604925031E-16,4.93038065763132E-32));
#2856=DIRECTION('center_axis',(2.22044604925031E-16,-1.,-2.22044604925031E-16));
#2857=DIRECTION('ref_axis',(0.,2.22044604925031E-16,-1.));
#2858=DIRECTION('',(0.,2.22044604925031E-16,-1.));
#2859=DIRECTION('center_axis',(1.,2.22044604925031E-16,4.93038065763132E-32));
#2860=DIRECTION('ref_axis',(-2.22044604925031E-16,1.,2.22044604925031E-16));
#2861=DIRECTION('center_axis',(-1.,-2.22044604925031E-16,-4.93038065763132E-32));
#2862=DIRECTION('ref_axis',(2.22044604925031E-16,-1.,-2.22044604925031E-16));
#2863=DIRECTION('',(0.,-2.22044604925031E-16,1.));
#2864=DIRECTION('',(-2.22044604925031E-16,1.,2.22044604925031E-16));
#2865=DIRECTION('center_axis',(2.22044604925031E-16,-1.,-2.22044604925031E-16));
#2866=DIRECTION('ref_axis',(0.,2.22044604925031E-16,-1.));
#2867=DIRECTION('',(0.,2.22044604925031E-16,-1.));
#2868=DIRECTION('',(1.,2.22044604925031E-16,4.93038065763132E-32));
#2869=DIRECTION('center_axis',(0.,-2.22044604925031E-16,1.));
#2870=DIRECTION('ref_axis',(2.22044604925031E-16,-1.,-2.22044604925031E-16));
#2871=DIRECTION('',(2.22044604925031E-16,-1.,-2.22044604925031E-16));
#2872=DIRECTION('',(1.,2.22044604925031E-16,4.93038065763132E-32));
#2873=DIRECTION('center_axis',(1.,2.22044604925031E-16,4.93038065763132E-32));
#2874=DIRECTION('ref_axis',(-2.22044604925031E-16,1.,2.22044604925031E-16));
#2875=DIRECTION('center_axis',(0.,2.22044604925031E-16,-1.));
#2876=DIRECTION('ref_axis',(-2.22044604925031E-16,1.,2.22044604925031E-16));
#2877=DIRECTION('',(1.,2.22044604925031E-16,4.93038065763132E-32));
#2878=DIRECTION('',(2.22044604925031E-16,-1.,-2.22044604925031E-16));
#2879=DIRECTION('',(1.,2.22044604925031E-16,4.93038065763132E-32));
#2880=DIRECTION('center_axis',(0.,2.22044604925031E-16,-1.));
#2881=DIRECTION('ref_axis',(-2.22044604925031E-16,1.,2.22044604925031E-16));
#2882=DIRECTION('',(1.,2.22044604925031E-16,4.93038065763132E-32));
#2883=DIRECTION('',(-2.22044604925031E-16,1.,2.22044604925031E-16));
#2884=DIRECTION('',(1.,2.22044604925031E-16,4.93038065763132E-32));
#2885=DIRECTION('center_axis',(2.22044604925031E-16,-1.,-2.22044604925031E-16));
#2886=DIRECTION('ref_axis',(0.,2.22044604925031E-16,-1.));
#2887=DIRECTION('',(1.,2.22044604925031E-16,4.93038065763132E-32));
#2888=DIRECTION('',(0.,-2.22044604925031E-16,1.));
#2889=DIRECTION('',(1.,2.22044604925031E-16,4.93038065763132E-32));
#2890=DIRECTION('center_axis',(2.22044604925031E-16,-1.,-2.22044604925031E-16));
#2891=DIRECTION('ref_axis',(0.,2.22044604925031E-16,-1.));
#2892=DIRECTION('',(1.,2.22044604925031E-16,4.93038065763132E-32));
#2893=DIRECTION('',(0.,2.22044604925031E-16,-1.));
#2894=DIRECTION('',(1.,2.22044604925031E-16,4.93038065763132E-32));
#2895=DIRECTION('center_axis',(0.,2.22044604925031E-16,-1.));
#2896=DIRECTION('ref_axis',(-2.22044604925031E-16,1.,2.22044604925031E-16));
#2897=DIRECTION('',(2.22044604925031E-16,-1.,-2.22044604925031E-16));
#2898=DIRECTION('',(-1.,-2.22044604925031E-16,-4.93038065763132E-32));
#2899=DIRECTION('center_axis',(0.,2.22044604925031E-16,-1.));
#2900=DIRECTION('ref_axis',(-2.22044604925031E-16,1.,2.22044604925031E-16));
#2901=DIRECTION('',(-1.,-2.22044604925031E-16,-4.93038065763132E-32));
#2902=DIRECTION('',(-2.22044604925031E-16,1.,2.22044604925031E-16));
#2903=DIRECTION('center_axis',(2.22044604925031E-16,-1.,-2.22044604925031E-16));
#2904=DIRECTION('ref_axis',(0.,2.22044604925031E-16,-1.));
#2905=DIRECTION('',(-1.,-2.22044604925031E-16,-4.93038065763132E-32));
#2906=DIRECTION('',(0.,-2.22044604925031E-16,1.));
#2907=DIRECTION('',(1.,2.22044604925031E-16,4.93038065763132E-32));
#2908=DIRECTION('center_axis',(2.22044604925031E-16,-1.,-2.22044604925031E-16));
#2909=DIRECTION('ref_axis',(0.,2.22044604925031E-16,-1.));
#2910=DIRECTION('',(1.,2.22044604925031E-16,4.93038065763132E-32));
#2911=DIRECTION('',(0.,2.22044604925031E-16,-1.));
#2912=DIRECTION('',(-1.,-2.22044604925031E-16,-4.93038065763132E-32));
#2913=DIRECTION('center_axis',(0.,2.22044604925031E-16,-1.));
#2914=DIRECTION('ref_axis',(-2.22044604925031E-16,1.,2.22044604925031E-16));
#2915=DIRECTION('',(2.22044604925031E-16,-1.,-2.22044604925031E-16));
#2916=DIRECTION('',(1.,2.22044604925031E-16,4.93038065763132E-32));
#2917=DIRECTION('center_axis',(0.,2.22044604925031E-16,-1.));
#2918=DIRECTION('ref_axis',(-2.22044604925031E-16,1.,2.22044604925031E-16));
#2919=DIRECTION('',(1.,2.22044604925031E-16,4.93038065763132E-32));
#2920=DIRECTION('',(-2.22044604925031E-16,1.,2.22044604925031E-16));
#2921=DIRECTION('center_axis',(2.22044604925031E-16,-1.,-2.22044604925031E-16));
#2922=DIRECTION('ref_axis',(0.,2.22044604925031E-16,-1.));
#2923=DIRECTION('',(1.,2.22044604925031E-16,4.93038065763132E-32));
#2924=DIRECTION('',(0.,-2.22044604925031E-16,1.));
#2925=DIRECTION('',(1.,2.22044604925031E-16,4.93038065763132E-32));
#2926=DIRECTION('center_axis',(2.22044604925031E-16,-1.,-2.22044604925031E-16));
#2927=DIRECTION('ref_axis',(0.,2.22044604925031E-16,-1.));
#2928=DIRECTION('',(1.,2.22044604925031E-16,4.93038065763132E-32));
#2929=DIRECTION('',(0.,2.22044604925031E-16,-1.));
#2930=DIRECTION('',(1.,2.22044604925031E-16,4.93038065763132E-32));
#2931=DIRECTION('center_axis',(0.,-2.22044604925031E-16,1.));
#2932=DIRECTION('ref_axis',(2.22044604925031E-16,-1.,-2.22044604925031E-16));
#2933=DIRECTION('',(1.,2.22044604925031E-16,4.93038065763132E-32));
#2934=DIRECTION('',(-2.22044604925031E-16,1.,2.22044604925031E-16));
#2935=DIRECTION('',(-1.,-2.22044604925031E-16,-4.93038065763132E-32));
#2936=DIRECTION('center_axis',(0.,-2.22044604925031E-16,1.));
#2937=DIRECTION('ref_axis',(2.22044604925031E-16,-1.,-2.22044604925031E-16));
#2938=DIRECTION('',(-1.,-2.22044604925031E-16,-4.93038065763132E-32));
#2939=DIRECTION('',(2.22044604925031E-16,-1.,-2.22044604925031E-16));
#2940=DIRECTION('',(1.,2.22044604925031E-16,4.93038065763132E-32));
#2941=DIRECTION('center_axis',(2.22044604925031E-16,-1.,-2.22044604925031E-16));
#2942=DIRECTION('ref_axis',(0.,2.22044604925031E-16,-1.));
#2943=DIRECTION('',(0.,-2.22044604925031E-16,1.));
#2944=DIRECTION('',(1.,2.22044604925031E-16,4.93038065763132E-32));
#2945=DIRECTION('center_axis',(2.22044604925031E-16,-1.,-2.22044604925031E-16));
#2946=DIRECTION('ref_axis',(0.,2.22044604925031E-16,-1.));
#2947=DIRECTION('',(1.,2.22044604925031E-16,4.93038065763132E-32));
#2948=DIRECTION('',(0.,2.22044604925031E-16,-1.));
#2949=DIRECTION('center_axis',(0.,-2.22044604925031E-16,1.));
#2950=DIRECTION('ref_axis',(2.22044604925031E-16,-1.,-2.22044604925031E-16));
#2951=DIRECTION('',(1.,2.22044604925031E-16,4.93038065763132E-32));
#2952=DIRECTION('',(-2.22044604925031E-16,1.,2.22044604925031E-16));
#2953=DIRECTION('',(1.,2.22044604925031E-16,4.93038065763132E-32));
#2954=DIRECTION('center_axis',(0.,-2.22044604925031E-16,1.));
#2955=DIRECTION('ref_axis',(2.22044604925031E-16,-1.,-2.22044604925031E-16));
#2956=DIRECTION('',(1.,2.22044604925031E-16,4.93038065763132E-32));
#2957=DIRECTION('',(2.22044604925031E-16,-1.,-2.22044604925031E-16));
#2958=DIRECTION('',(1.,2.22044604925031E-16,4.93038065763132E-32));
#2959=DIRECTION('center_axis',(0.,-2.22044604925031E-16,1.));
#2960=DIRECTION('ref_axis',(2.22044604925031E-16,-1.,-2.22044604925031E-16));
#2961=DIRECTION('',(1.,2.22044604925031E-16,4.93038065763132E-32));
#2962=DIRECTION('',(-2.22044604925031E-16,1.,2.22044604925031E-16));
#2963=DIRECTION('',(1.,2.22044604925031E-16,4.93038065763132E-32));
#2964=DIRECTION('center_axis',(2.22044604925031E-16,-1.,-2.22044604925031E-16));
#2965=DIRECTION('ref_axis',(0.,2.22044604925031E-16,-1.));
#2966=DIRECTION('',(0.,-2.22044604925031E-16,1.));
#2967=DIRECTION('',(1.,2.22044604925031E-16,4.93038065763132E-32));
#2968=DIRECTION('center_axis',(-1.,-2.22044604925031E-16,-4.93038065763132E-32));
#2969=DIRECTION('ref_axis',(2.22044604925031E-16,-1.,-2.22044604925031E-16));
#2970=DIRECTION('',(-2.22044604925031E-16,1.,2.22044604925031E-16));
#2971=DIRECTION('',(0.,2.22044604925031E-16,-1.));
#2972=DIRECTION('',(0.,-2.22044604925031E-16,1.));
#2973=DIRECTION('center_axis',(-2.22044604925031E-16,1.,2.22044604925031E-16));
#2974=DIRECTION('ref_axis',(0.,-2.22044604925031E-16,1.));
#2975=DIRECTION('',(-1.,-2.22044604925031E-16,-4.93038065763132E-32));
#2976=DIRECTION('',(0.,-2.22044604925031E-16,1.));
#2977=DIRECTION('',(1.,2.22044604925031E-16,4.93038065763132E-32));
#2978=DIRECTION('center_axis',(2.22044604925031E-16,-1.,-2.22044604925031E-16));
#2979=DIRECTION('ref_axis',(0.,2.22044604925031E-16,-1.));
#2980=DIRECTION('',(0.,2.22044604925031E-16,-1.));
#2981=DIRECTION('',(1.,2.22044604925031E-16,4.93038065763132E-32));
#2982=DIRECTION('center_axis',(0.,-2.22044604925031E-16,1.));
#2983=DIRECTION('ref_axis',(2.22044604925031E-16,-1.,-2.22044604925031E-16));
#2984=DIRECTION('',(2.22044604925031E-16,-1.,-2.22044604925031E-16));
#2985=DIRECTION('center_axis',(1.,2.22044604925031E-16,4.93038065763132E-32));
#2986=DIRECTION('ref_axis',(-2.22044604925031E-16,1.,2.22044604925031E-16));
#2987=DIRECTION('center_axis',(-1.,-2.22044604925031E-16,-4.93038065763132E-32));
#2988=DIRECTION('ref_axis',(2.22044604925031E-16,-1.,-2.22044604925031E-16));
#2989=DIRECTION('',(-2.22044604925031E-16,1.,2.22044604925031E-16));
#2990=DIRECTION('',(0.,2.22044604925031E-16,-1.));
#2991=DIRECTION('center_axis',(-2.22044604925031E-16,1.,2.22044604925031E-16));
#2992=DIRECTION('ref_axis',(0.,-2.22044604925031E-16,1.));
#2993=DIRECTION('',(-1.,-2.22044604925031E-16,-4.93038065763132E-32));
#2994=DIRECTION('',(0.,-2.22044604925031E-16,1.));
#2995=DIRECTION('',(-1.,-2.22044604925031E-16,-4.93038065763132E-32));
#2996=DIRECTION('center_axis',(0.,-2.22044604925031E-16,1.));
#2997=DIRECTION('ref_axis',(2.22044604925031E-16,-1.,-2.22044604925031E-16));
#2998=DIRECTION('',(2.22044604925031E-16,-1.,-2.22044604925031E-16));
#2999=DIRECTION('center_axis',(1.,2.22044604925031E-16,4.93038065763132E-32));
#3000=DIRECTION('ref_axis',(-2.22044604925031E-16,1.,2.22044604925031E-16));
#3001=DIRECTION('center_axis',(-1.,-2.22044604925031E-16,-4.93038065763132E-32));
#3002=DIRECTION('ref_axis',(2.22044604925031E-16,-1.,-2.22044604925031E-16));
#3003=DIRECTION('',(-2.22044604925031E-16,1.,2.22044604925031E-16));
#3004=DIRECTION('',(0.,2.22044604925031E-16,-1.));
#3005=DIRECTION('center_axis',(0.,-2.22044604925031E-16,1.));
#3006=DIRECTION('ref_axis',(2.22044604925031E-16,-1.,-2.22044604925031E-16));
#3007=DIRECTION('',(2.22044604925031E-16,-1.,-2.22044604925031E-16));
#3008=DIRECTION('',(1.,2.22044604925031E-16,4.93038065763132E-32));
#3009=DIRECTION('center_axis',(-2.22044604925031E-16,1.,2.22044604925031E-16));
#3010=DIRECTION('ref_axis',(0.,-2.22044604925031E-16,1.));
#3011=DIRECTION('',(0.,-2.22044604925031E-16,1.));
#3012=DIRECTION('',(1.,2.22044604925031E-16,4.93038065763132E-32));
#3013=DIRECTION('center_axis',(1.,2.22044604925031E-16,4.93038065763132E-32));
#3014=DIRECTION('ref_axis',(-2.22044604925031E-16,1.,2.22044604925031E-16));
#3015=DIRECTION('center_axis',(-1.,-2.22044604925031E-16,-4.93038065763132E-32));
#3016=DIRECTION('ref_axis',(2.22044604925031E-16,-1.,-2.22044604925031E-16));
#3017=DIRECTION('',(-2.22044604925031E-16,1.,2.22044604925031E-16));
#3018=DIRECTION('',(0.,2.22044604925031E-16,-1.));
#3019=DIRECTION('',(2.22044604925031E-16,-1.,-2.22044604925031E-16));
#3020=DIRECTION('center_axis',(-2.22044604925031E-16,1.,2.22044604925031E-16));
#3021=DIRECTION('ref_axis',(0.,-2.22044604925031E-16,1.));
#3022=DIRECTION('',(-1.,-2.22044604925031E-16,-4.93038065763132E-32));
#3023=DIRECTION('',(0.,-2.22044604925031E-16,1.));
#3024=DIRECTION('',(1.,2.22044604925031E-16,4.93038065763132E-32));
#3025=DIRECTION('center_axis',(0.,2.22044604925031E-16,-1.));
#3026=DIRECTION('ref_axis',(-2.22044604925031E-16,1.,2.22044604925031E-16));
#3027=DIRECTION('',(-2.22044604925031E-16,1.,2.22044604925031E-16));
#3028=DIRECTION('',(1.,2.22044604925031E-16,4.93038065763132E-32));
#3029=DIRECTION('center_axis',(0.,-2.22044604925031E-16,1.));
#3030=DIRECTION('ref_axis',(2.22044604925031E-16,-1.,-2.22044604925031E-16));
#3031=DIRECTION('',(2.22044604925031E-16,-1.,-2.22044604925031E-16));
#3032=DIRECTION('center_axis',(1.,2.22044604925031E-16,4.93038065763132E-32));
#3033=DIRECTION('ref_axis',(-2.22044604925031E-16,1.,2.22044604925031E-16));
#3034=DIRECTION('center_axis',(-1.,-2.22044604925031E-16,-4.93038065763132E-32));
#3035=DIRECTION('ref_axis',(2.22044604925031E-16,-1.,-2.22044604925031E-16));
#3036=DIRECTION('',(0.,2.22044604925031E-16,-1.));
#3037=DIRECTION('',(2.22044604925031E-16,-1.,-2.22044604925031E-16));
#3038=DIRECTION('center_axis',(-2.22044604925031E-16,1.,2.22044604925031E-16));
#3039=DIRECTION('ref_axis',(0.,-2.22044604925031E-16,1.));
#3040=DIRECTION('',(0.,-2.22044604925031E-16,1.));
#3041=DIRECTION('',(1.,2.22044604925031E-16,4.93038065763132E-32));
#3042=DIRECTION('center_axis',(0.,2.22044604925031E-16,-1.));
#3043=DIRECTION('ref_axis',(-2.22044604925031E-16,1.,2.22044604925031E-16));
#3044=DIRECTION('',(-2.22044604925031E-16,1.,2.22044604925031E-16));
#3045=DIRECTION('',(1.,2.22044604925031E-16,4.93038065763132E-32));
#3046=DIRECTION('center_axis',(1.,2.22044604925031E-16,4.93038065763132E-32));
#3047=DIRECTION('ref_axis',(-2.22044604925031E-16,1.,2.22044604925031E-16));
#3048=DIRECTION('center_axis',(-1.,-2.22044604925031E-16,-4.93038065763132E-32));
#3049=DIRECTION('ref_axis',(2.22044604925031E-16,-1.,-2.22044604925031E-16));
#3050=DIRECTION('',(0.,2.22044604925031E-16,-1.));
#3051=DIRECTION('',(2.22044604925031E-16,-1.,-2.22044604925031E-16));
#3052=DIRECTION('center_axis',(0.,2.22044604925031E-16,-1.));
#3053=DIRECTION('ref_axis',(-2.22044604925031E-16,1.,2.22044604925031E-16));
#3054=DIRECTION('',(-1.,-2.22044604925031E-16,-4.93038065763132E-32));
#3055=DIRECTION('',(-2.22044604925031E-16,1.,2.22044604925031E-16));
#3056=DIRECTION('',(1.,2.22044604925031E-16,4.93038065763132E-32));
#3057=DIRECTION('',(1.,2.22044604925031E-16,4.93038065763132E-32));
#3058=DIRECTION('center_axis',(2.22044604925031E-16,-1.,-2.22044604925031E-16));
#3059=DIRECTION('ref_axis',(0.,2.22044604925031E-16,-1.));
#3060=DIRECTION('',(0.,2.22044604925031E-16,-1.));
#3061=DIRECTION('center_axis',(-2.22044604925031E-16,1.,2.22044604925031E-16));
#3062=DIRECTION('ref_axis',(0.,-2.22044604925031E-16,1.));
#3063=DIRECTION('',(0.,-2.22044604925031E-16,1.));
#3064=DIRECTION('center_axis',(1.,2.22044604925031E-16,4.93038065763132E-32));
#3065=DIRECTION('ref_axis',(-2.22044604925031E-16,1.,2.22044604925031E-16));
#3066=DIRECTION('center_axis',(-1.,-2.22044604925031E-16,-4.93038065763132E-32));
#3067=DIRECTION('ref_axis',(2.22044604925031E-16,-1.,-2.22044604925031E-16));
#3068=DIRECTION('',(0.,2.22044604925031E-16,-1.));
#3069=DIRECTION('',(2.22044604925031E-16,-1.,-2.03540887847945E-16));
#3070=DIRECTION('',(0.,-2.22044604925031E-16,1.));
#3071=DIRECTION('center_axis',(4.1086505480261E-33,2.03540887847945E-16,
-1.));
#3072=DIRECTION('ref_axis',(-2.22044604925031E-16,1.,2.03540887847945E-16));
#3073=DIRECTION('',(-1.,-2.22044604925031E-16,-4.93038065763132E-32));
#3074=DIRECTION('',(-2.22044604925031E-16,1.,2.03540887847945E-16));
#3075=DIRECTION('',(1.,2.22044604925031E-16,4.93038065763132E-32));
#3076=DIRECTION('center_axis',(2.22044604925031E-16,-1.,-2.22044604925031E-16));
#3077=DIRECTION('ref_axis',(0.,2.22044604925031E-16,-1.));
#3078=DIRECTION('',(0.,2.22044604925031E-16,-1.));
#3079=DIRECTION('',(1.,2.22044604925031E-16,4.93038065763132E-32));
#3080=DIRECTION('center_axis',(0.,-2.22044604925031E-16,1.));
#3081=DIRECTION('ref_axis',(2.22044604925031E-16,-1.,-2.22044604925031E-16));
#3082=DIRECTION('',(2.22044604925031E-16,-1.,-2.22044604925031E-16));
#3083=DIRECTION('',(1.,2.22044604925031E-16,4.93038065763132E-32));
#3084=DIRECTION('center_axis',(-2.22044604925031E-16,1.,2.22044604925031E-16));
#3085=DIRECTION('ref_axis',(0.,-2.22044604925031E-16,1.));
#3086=DIRECTION('',(0.,-2.22044604925031E-16,1.));
#3087=DIRECTION('center_axis',(1.,2.22044604925031E-16,4.93038065763132E-32));
#3088=DIRECTION('ref_axis',(-2.22044604925031E-16,1.,2.22044604925031E-16));
#3089=CARTESIAN_POINT('',(0.,0.,0.));
#3090=CARTESIAN_POINT('Origin',(75.9999966323377,79.9998147357858,209.000056589563));
#3091=CARTESIAN_POINT('',(75.9999966323377,112.999814735786,200.));
#3092=CARTESIAN_POINT('',(75.9999966323377,118.999814735786,200.));
#3093=CARTESIAN_POINT('',(75.9999966323377,99.4998147357858,200.));
#3094=CARTESIAN_POINT('',(75.9999966323377,112.999814735786,194.));
#3095=CARTESIAN_POINT('',(75.9999966323377,112.999814735786,204.500028294782));
#3096=CARTESIAN_POINT('',(75.9999966323377,94.9998147357858,194.));
#3097=CARTESIAN_POINT('',(75.9999966323377,96.4998147357858,194.));
#3098=CARTESIAN_POINT('',(75.9999966323377,94.9998147357858,188.));
#3099=CARTESIAN_POINT('',(75.9999966323377,94.9998147357858,201.500028294782));
#3100=CARTESIAN_POINT('',(75.9999966323377,64.9998147357858,188.));
#3101=CARTESIAN_POINT('',(75.9999966323377,87.4998147357858,188.));
#3102=CARTESIAN_POINT('',(75.9999966323377,64.9998147357858,188.000113179126));
#3103=CARTESIAN_POINT('',(75.9999966323377,64.9998147357858,188.000113179126));
#3104=CARTESIAN_POINT('',(75.9999966323377,64.9998147357858,194.000056589563));
#3105=CARTESIAN_POINT('',(75.9999966323377,64.9998147357858,198.500084884345));
#3106=CARTESIAN_POINT('',(75.9999966323377,46.9998147357857,194.000056589563));
#3107=CARTESIAN_POINT('',(75.9999966323377,72.4998147357858,194.000056589563));
#3108=CARTESIAN_POINT('',(75.9999966323377,46.9998147357857,200.));
#3109=CARTESIAN_POINT('',(75.9999966323377,46.9998147357857,201.500056589563));
#3110=CARTESIAN_POINT('',(75.9999966323377,40.9998147357858,200.));
#3111=CARTESIAN_POINT('',(75.9999966323377,63.4998147357858,200.));
#3112=CARTESIAN_POINT('',(75.9999966323377,40.9998147357858,218.));
#3113=CARTESIAN_POINT('',(75.9999966323377,40.9998147357858,204.500028294782));
#3114=CARTESIAN_POINT('',(75.9999966323377,46.9998147357857,218.));
#3115=CARTESIAN_POINT('',(75.9999966323377,60.4998147357858,218.));
#3116=CARTESIAN_POINT('',(75.9999966323377,46.9998147357857,224.));
#3117=CARTESIAN_POINT('',(75.9999966323377,46.9998147357857,213.500028294782));
#3118=CARTESIAN_POINT('',(75.9999966323377,64.9998147357858,224.));
#3119=CARTESIAN_POINT('',(75.9999966323377,63.4998147357858,224.));
#3120=CARTESIAN_POINT('',(75.9999966323377,64.9998147357858,230.));
#3121=CARTESIAN_POINT('',(75.9999966323377,64.9998147357858,216.500028294782));
#3122=CARTESIAN_POINT('',(75.9999966323377,64.9998147357858,230.000113179126));
#3123=CARTESIAN_POINT('',(75.9999966323377,64.9998147357858,182.));
#3124=CARTESIAN_POINT('',(75.9999966323377,94.9998147357858,230.000113179126));
#3125=CARTESIAN_POINT('',(75.9999966323377,72.4998147357858,230.000113179126));
#3126=CARTESIAN_POINT('',(75.9999966323377,94.9998147357858,224.000056589563));
#3127=CARTESIAN_POINT('',(75.9999966323377,94.9998147357858,219.500084884345));
#3128=CARTESIAN_POINT('',(75.9999966323377,112.999814735786,224.000056589563));
#3129=CARTESIAN_POINT('',(75.9999966323377,87.4998147357858,224.000056589563));
#3130=CARTESIAN_POINT('',(75.9999966323377,112.999814735786,218.));
#3131=CARTESIAN_POINT('',(75.9999966323377,112.999814735786,216.500056589563));
#3132=CARTESIAN_POINT('',(75.9999966323377,118.999814735786,218.));
#3133=CARTESIAN_POINT('',(75.9999966323377,96.4998147357858,218.));
#3134=CARTESIAN_POINT('',(75.9999966323377,118.999814735786,213.500028294782));
#3135=CARTESIAN_POINT('',(75.9999966323377,64.9998147357858,212.000189138516));
#3136=CARTESIAN_POINT('',(75.9999966323377,70.9998112787164,212.000189138516));
#3137=CARTESIAN_POINT('',(75.9999966323377,75.4998130072511,212.000189138516));
#3138=CARTESIAN_POINT('',(75.9999966323377,64.9998147357858,206.000189049109));
#3139=CARTESIAN_POINT('',(75.9999966323377,64.9998147357858,210.50012286404));
#3140=CARTESIAN_POINT('',(75.9999966323377,70.9998112787164,206.000189049109));
#3141=CARTESIAN_POINT('',(75.9999966323377,72.4998147357858,206.000189049109));
#3142=CARTESIAN_POINT('',(75.9999966323377,70.9998113681233,200.));
#3143=CARTESIAN_POINT('',(75.9999966323377,70.9998113681233,207.500122819336));
#3144=CARTESIAN_POINT('',(75.9999966323377,88.9998113681234,200.));
#3145=CARTESIAN_POINT('',(75.9999966323377,75.4998130519546,200.));
#3146=CARTESIAN_POINT('',(75.9999966323377,88.9998115469373,206.000189049109));
#3147=CARTESIAN_POINT('',(75.9999966323377,88.9998113681234,204.500028294782));
#3148=CARTESIAN_POINT('',(75.9999966323377,94.9998116363442,206.000189049109));
#3149=CARTESIAN_POINT('',(75.9999966323377,84.4998131413615,206.000189049109));
#3150=CARTESIAN_POINT('',(75.9999966323377,94.9998116363442,212.000189138516));
#3151=CARTESIAN_POINT('',(75.9999966323377,94.9998116363442,207.500122819336));
#3152=CARTESIAN_POINT('',(75.9999966323377,88.9998115469373,212.000189138516));
#3153=CARTESIAN_POINT('',(75.9999966323377,87.499813186065,212.000189138516));
#3154=CARTESIAN_POINT('',(75.9999966323377,88.9998113681234,218.));
#3155=CARTESIAN_POINT('',(75.9999966323377,88.9998113681234,210.50012286404));
#3156=CARTESIAN_POINT('',(75.9999966323377,70.9998113681233,218.));
#3157=CARTESIAN_POINT('',(75.9999966323377,84.4998130519546,218.));
#3158=CARTESIAN_POINT('',(75.9999966323377,70.9998113681233,213.500028294782));
#3159=CARTESIAN_POINT('Origin',(83.9999966323377,79.9998147357858,209.000056589563));
#3160=CARTESIAN_POINT('',(83.9999966323377,118.999814735786,200.));
#3161=CARTESIAN_POINT('',(83.9999966323377,112.999814735786,200.));
#3162=CARTESIAN_POINT('',(83.9999966323377,99.4998147357858,200.));
#3163=CARTESIAN_POINT('',(83.9999966323377,118.999814735786,218.));
#3164=CARTESIAN_POINT('',(83.9999966323377,118.999814735786,213.500028294782));
#3165=CARTESIAN_POINT('',(83.9999966323377,112.999814735786,218.));
#3166=CARTESIAN_POINT('',(83.9999966323377,96.4998147357858,218.));
#3167=CARTESIAN_POINT('',(83.9999966323377,112.999814735786,224.000056589563));
#3168=CARTESIAN_POINT('',(83.9999966323377,112.999814735786,216.500056589563));
#3169=CARTESIAN_POINT('',(83.9999966323377,94.9998147357858,224.000056589563));
#3170=CARTESIAN_POINT('',(83.9999966323377,87.4998147357858,224.000056589563));
#3171=CARTESIAN_POINT('',(83.9999966323377,94.9998147357858,230.000113179126));
#3172=CARTESIAN_POINT('',(83.9999966323377,94.9998147357858,219.500084884345));
#3173=CARTESIAN_POINT('',(83.9999966323377,64.9998147357858,230.000113179126));
#3174=CARTESIAN_POINT('',(83.9999966323377,72.4998147357858,230.000113179126));
#3175=CARTESIAN_POINT('',(83.9999966323377,64.9998147357858,230.));
#3176=CARTESIAN_POINT('',(83.9999966323377,64.9998147357858,182.));
#3177=CARTESIAN_POINT('',(83.9999966323377,64.9998147357858,224.));
#3178=CARTESIAN_POINT('',(83.9999966323377,64.9998147357858,216.500028294782));
#3179=CARTESIAN_POINT('',(83.9999966323377,46.9998147357857,224.));
#3180=CARTESIAN_POINT('',(83.9999966323377,63.4998147357858,224.));
#3181=CARTESIAN_POINT('',(83.9999966323377,46.9998147357857,218.));
#3182=CARTESIAN_POINT('',(83.9999966323377,46.9998147357857,213.500028294782));
#3183=CARTESIAN_POINT('',(83.9999966323377,40.9998147357858,218.));
#3184=CARTESIAN_POINT('',(83.9999966323377,60.4998147357858,218.));
#3185=CARTESIAN_POINT('',(83.9999966323377,40.9998147357858,200.));
#3186=CARTESIAN_POINT('',(83.9999966323377,40.9998147357858,204.500028294782));
#3187=CARTESIAN_POINT('',(83.9999966323377,46.9998147357857,200.));
#3188=CARTESIAN_POINT('',(83.9999966323377,63.4998147357858,200.));
#3189=CARTESIAN_POINT('',(83.9999966323377,46.9998147357857,194.000056589563));
#3190=CARTESIAN_POINT('',(83.9999966323377,46.9998147357857,201.500056589563));
#3191=CARTESIAN_POINT('',(83.9999966323377,64.9998147357858,194.000056589563));
#3192=CARTESIAN_POINT('',(83.9999966323377,72.4998147357858,194.000056589563));
#3193=CARTESIAN_POINT('',(83.9999966323377,64.9998147357858,188.000113179126));
#3194=CARTESIAN_POINT('',(83.9999966323377,64.9998147357858,198.500084884345));
#3195=CARTESIAN_POINT('',(83.9999966323377,64.9998147357858,188.));
#3196=CARTESIAN_POINT('',(83.9999966323377,64.9998147357858,188.000113179126));
#3197=CARTESIAN_POINT('',(83.9999966323377,94.9998147357858,188.));
#3198=CARTESIAN_POINT('',(83.9999966323377,87.4998147357858,188.));
#3199=CARTESIAN_POINT('',(83.9999966323377,94.9998147357858,194.));
#3200=CARTESIAN_POINT('',(83.9999966323377,94.9998147357858,201.500028294782));
#3201=CARTESIAN_POINT('',(83.9999966323377,112.999814735786,194.));
#3202=CARTESIAN_POINT('',(83.9999966323377,96.4998147357858,194.));
#3203=CARTESIAN_POINT('',(83.9999966323377,112.999814735786,204.500028294782));
#3204=CARTESIAN_POINT('',(83.9999966323377,70.9998112787164,212.000189138516));
#3205=CARTESIAN_POINT('',(83.9999966323377,64.9998147357858,212.000189138516));
#3206=CARTESIAN_POINT('',(83.9999966323377,75.4998130072511,212.000189138516));
#3207=CARTESIAN_POINT('',(83.9999966323377,70.9998113681233,218.));
#3208=CARTESIAN_POINT('',(83.9999966323377,70.9998113681233,213.500028294782));
#3209=CARTESIAN_POINT('',(83.9999966323377,88.9998113681234,218.));
#3210=CARTESIAN_POINT('',(83.9999966323377,84.4998130519546,218.));
#3211=CARTESIAN_POINT('',(83.9999966323377,88.9998115469373,212.000189138516));
#3212=CARTESIAN_POINT('',(83.9999966323377,88.9998113681234,210.50012286404));
#3213=CARTESIAN_POINT('',(83.9999966323377,94.9998116363442,212.000189138516));
#3214=CARTESIAN_POINT('',(83.9999966323377,87.499813186065,212.000189138516));
#3215=CARTESIAN_POINT('',(83.9999966323377,94.9998116363442,206.000189049109));
#3216=CARTESIAN_POINT('',(83.9999966323377,94.9998116363442,207.500122819336));
#3217=CARTESIAN_POINT('',(83.9999966323377,88.9998115469373,206.000189049109));
#3218=CARTESIAN_POINT('',(83.9999966323377,84.4998131413615,206.000189049109));
#3219=CARTESIAN_POINT('',(83.9999966323377,88.9998113681234,200.));
#3220=CARTESIAN_POINT('',(83.9999966323377,88.9998113681234,204.500028294782));
#3221=CARTESIAN_POINT('',(83.9999966323377,70.9998113681233,200.));
#3222=CARTESIAN_POINT('',(83.9999966323377,75.4998130519546,200.));
#3223=CARTESIAN_POINT('',(83.9999966323377,70.9998112787164,206.000189049109));
#3224=CARTESIAN_POINT('',(83.9999966323377,70.9998113681233,207.500122819336));
#3225=CARTESIAN_POINT('',(83.9999966323377,64.9998147357858,206.000189049109));
#3226=CARTESIAN_POINT('',(83.9999966323377,72.4998147357858,206.000189049109));
#3227=CARTESIAN_POINT('',(83.9999966323377,64.9998147357858,210.50012286404));
#3228=CARTESIAN_POINT('Origin',(79.9999966323377,88.9998113681234,200.));
#3229=CARTESIAN_POINT('',(74.9999966323377,88.9998113681234,200.));
#3230=CARTESIAN_POINT('',(79.9999966323377,88.9998113681234,200.));
#3231=CARTESIAN_POINT('',(74.9999966323377,88.9998115469373,206.000189049109));
#3232=CARTESIAN_POINT('',(74.9999966323377,88.9998113681234,218.));
#3233=CARTESIAN_POINT('',(79.9999966323377,88.9998115469373,206.000189049109));
#3234=CARTESIAN_POINT('Origin',(79.9999966323377,88.9998115469373,206.000189049109));
#3235=CARTESIAN_POINT('',(74.9999966323377,94.9998116363442,206.000189049109));
#3236=CARTESIAN_POINT('',(74.9999966323377,94.9998116363442,206.000189049109));
#3237=CARTESIAN_POINT('',(79.9999966323377,94.9998116363442,206.000189049109));
#3238=CARTESIAN_POINT('Origin',(79.9999966323377,88.9998115469373,206.000189049109));
#3239=CARTESIAN_POINT('',(84.9999966323377,94.9998116363442,206.000189049109));
#3240=CARTESIAN_POINT('',(79.9999966323377,94.9998116363442,206.000189049109));
#3241=CARTESIAN_POINT('',(84.9999966323377,88.9998115469373,206.000189049109));
#3242=CARTESIAN_POINT('',(84.9999966323377,94.9998116363442,206.000189049109));
#3243=CARTESIAN_POINT('',(79.9999966323377,88.9998115469373,206.000189049109));
#3244=CARTESIAN_POINT('Origin',(79.9999966323377,70.9998113681233,200.));
#3245=CARTESIAN_POINT('',(74.9999966323377,70.9998113681233,200.));
#3246=CARTESIAN_POINT('',(79.9999966323377,70.9998113681233,200.));
#3247=CARTESIAN_POINT('',(74.9999966323377,88.9998113681234,200.));
#3248=CARTESIAN_POINT('Origin',(79.9999966323377,94.9998116363442,206.000189049109));
#3249=CARTESIAN_POINT('',(74.9999966323377,94.9998116363442,212.000189138516));
#3250=CARTESIAN_POINT('',(74.9999966323377,94.9998116363442,212.000189138516));
#3251=CARTESIAN_POINT('',(79.9999966323377,94.9998116363442,212.000189138516));
#3252=CARTESIAN_POINT('Origin',(79.9999966323377,94.9998116363442,206.000189049109));
#3253=CARTESIAN_POINT('',(84.9999966323377,94.9998116363442,212.000189138516));
#3254=CARTESIAN_POINT('',(79.9999966323377,94.9998116363442,212.000189138516));
#3255=CARTESIAN_POINT('',(84.9999966323377,94.9998116363442,212.000189138516));
#3256=CARTESIAN_POINT('Origin',(79.9999966323377,70.9998113681233,206.000189049109));
#3257=CARTESIAN_POINT('',(74.9999966323377,70.9998112787164,206.000189049109));
#3258=CARTESIAN_POINT('',(79.9999966323377,70.9998112787164,206.000189049109));
#3259=CARTESIAN_POINT('',(74.9999966323377,70.9998113681233,200.));
#3260=CARTESIAN_POINT('Origin',(79.9999966323377,94.9998116363442,212.000189138516));
#3261=CARTESIAN_POINT('',(74.9999966323377,88.9998115469373,212.000189138516));
#3262=CARTESIAN_POINT('',(74.9999966323377,88.9998115469373,212.000189138516));
#3263=CARTESIAN_POINT('',(79.9999966323377,88.9998115469373,212.000189138516));
#3264=CARTESIAN_POINT('Origin',(79.9999966323377,94.9998116363442,212.000189138516));
#3265=CARTESIAN_POINT('',(84.9999966323377,88.9998115469373,212.000189138516));
#3266=CARTESIAN_POINT('',(79.9999966323377,88.9998115469373,212.000189138516));
#3267=CARTESIAN_POINT('',(84.9999966323377,88.9998115469373,212.000189138516));
#3268=CARTESIAN_POINT('Origin',(79.9999966323377,64.9998147357858,206.000189049109));
#3269=CARTESIAN_POINT('',(74.9999966323377,64.9998147357858,206.000189049109));
#3270=CARTESIAN_POINT('',(79.9999966323377,64.9998147357858,206.000189049109));
#3271=CARTESIAN_POINT('',(74.9999966323377,64.9998147357858,206.000189049109));
#3272=CARTESIAN_POINT('Origin',(79.9999966323377,88.9998113681234,212.000189138516));
#3273=CARTESIAN_POINT('',(74.9999966323377,88.9998113681234,218.));
#3274=CARTESIAN_POINT('',(74.9999966323377,88.9998113681234,218.));
#3275=CARTESIAN_POINT('',(79.9999966323377,88.9998113681234,218.));
#3276=CARTESIAN_POINT('Origin',(79.9999966323377,88.9998113681234,212.000189138516));
#3277=CARTESIAN_POINT('',(84.9999966323377,88.9998113681234,218.));
#3278=CARTESIAN_POINT('',(79.9999966323377,88.9998113681234,218.));
#3279=CARTESIAN_POINT('',(84.9999966323377,88.9998113681234,218.));
#3280=CARTESIAN_POINT('Origin',(79.9999966323377,64.9998147357858,212.000189138516));
#3281=CARTESIAN_POINT('',(74.9999966323377,64.9998147357858,212.000189138516));
#3282=CARTESIAN_POINT('',(79.9999966323377,64.9998147357858,212.000189138516));
#3283=CARTESIAN_POINT('',(74.9999966323377,64.9998147357858,212.000189138516));
#3284=CARTESIAN_POINT('Origin',(79.9999966323377,88.9998113681234,218.));
#3285=CARTESIAN_POINT('',(74.9999966323377,70.9998113681233,218.));
#3286=CARTESIAN_POINT('',(74.9999966323377,70.9998113681233,218.));
#3287=CARTESIAN_POINT('',(79.9999966323377,70.9998113681233,218.));
#3288=CARTESIAN_POINT('Origin',(79.9999966323377,88.9998113681234,218.));
#3289=CARTESIAN_POINT('',(84.9999966323377,70.9998113681233,218.));
#3290=CARTESIAN_POINT('',(79.9999966323377,70.9998113681233,218.));
#3291=CARTESIAN_POINT('',(84.9999966323377,70.9998113681233,218.));
#3292=CARTESIAN_POINT('Origin',(79.9999966323377,70.9998112787164,212.000189138516));
#3293=CARTESIAN_POINT('',(74.9999966323377,70.9998112787164,212.000189138516));
#3294=CARTESIAN_POINT('',(79.9999966323377,70.9998112787164,212.000189138516));
#3295=CARTESIAN_POINT('',(74.9999966323377,70.9998112787164,212.000189138516));
#3296=CARTESIAN_POINT('Origin',(79.9999966323377,70.9998113681233,218.));
#3297=CARTESIAN_POINT('',(74.9999966323377,70.9998113681233,200.));
#3298=CARTESIAN_POINT('Origin',(75.9999966323377,79.9998113681233,209.));
#3299=CARTESIAN_POINT('',(75.9999966323377,76.9998113681233,206.));
#3300=CARTESIAN_POINT('',(75.9999966323377,82.9998113681233,206.));
#3301=CARTESIAN_POINT('',(75.9999966323377,81.4998113681234,206.));
#3302=CARTESIAN_POINT('',(75.9999966323377,76.9998113681233,212.));
#3303=CARTESIAN_POINT('',(75.9999966323377,76.9998113681233,207.5));
#3304=CARTESIAN_POINT('',(75.9999966323377,82.9998113681233,212.));
#3305=CARTESIAN_POINT('',(75.9999966323377,78.4998113681233,212.));
#3306=CARTESIAN_POINT('',(75.9999966323377,82.9998113681233,210.5));
#3307=CARTESIAN_POINT('Origin',(83.9999966323377,79.9998113681233,209.));
#3308=CARTESIAN_POINT('',(83.9999966323377,82.9998113681233,206.));
#3309=CARTESIAN_POINT('',(83.9999966323377,76.9998113681233,206.));
#3310=CARTESIAN_POINT('',(83.9999966323377,81.4998113681234,206.));
#3311=CARTESIAN_POINT('',(83.9999966323377,82.9998113681233,212.));
#3312=CARTESIAN_POINT('',(83.9999966323377,82.9998113681233,210.5));
#3313=CARTESIAN_POINT('',(83.9999966323377,76.9998113681233,212.));
#3314=CARTESIAN_POINT('',(83.9999966323377,78.4998113681233,212.));
#3315=CARTESIAN_POINT('',(83.9999966323377,76.9998113681233,207.5));
#3316=CARTESIAN_POINT('Origin',(79.9999966323377,76.9998113681233,206.));
#3317=CARTESIAN_POINT('',(74.9999966323377,76.9998113681233,206.));
#3318=CARTESIAN_POINT('',(79.9999966323377,76.9998113681233,206.));
#3319=CARTESIAN_POINT('',(74.9999966323377,76.9998113681233,212.));
#3320=CARTESIAN_POINT('',(74.9999966323377,76.9998113681233,206.));
#3321=CARTESIAN_POINT('',(79.9999966323377,76.9998113681233,212.));
#3322=CARTESIAN_POINT('Origin',(79.9999966323377,76.9998113681233,212.));
#3323=CARTESIAN_POINT('',(74.9999966323377,82.9998113681233,212.));
#3324=CARTESIAN_POINT('',(74.9999966323377,76.9998113681233,212.));
#3325=CARTESIAN_POINT('',(79.9999966323377,82.9998113681233,212.));
#3326=CARTESIAN_POINT('Origin',(79.9999966323377,76.9998113681233,212.));
#3327=CARTESIAN_POINT('',(84.9999966323377,82.9998113681233,212.));
#3328=CARTESIAN_POINT('',(79.9999966323377,82.9998113681233,212.));
#3329=CARTESIAN_POINT('',(84.9999966323377,76.9998113681233,212.));
#3330=CARTESIAN_POINT('',(84.9999966323377,76.9998113681233,212.));
#3331=CARTESIAN_POINT('',(79.9999966323377,76.9998113681233,212.));
#3332=CARTESIAN_POINT('Origin',(79.9999966323377,82.9998113681233,206.));
#3333=CARTESIAN_POINT('',(74.9999966323377,82.9998113681233,206.));
#3334=CARTESIAN_POINT('',(79.9999966323377,82.9998113681233,206.));
#3335=CARTESIAN_POINT('',(74.9999966323377,82.9998113681233,206.));
#3336=CARTESIAN_POINT('Origin',(79.9999966323377,82.9998113681233,212.));
#3337=CARTESIAN_POINT('',(74.9999966323377,82.9998113681233,212.));
#3338=CARTESIAN_POINT('Origin',(74.9999966323377,79.999813186065,209.));
#3339=CARTESIAN_POINT('Origin',(79.9999966323377,82.9998113681233,212.));
#3340=CARTESIAN_POINT('',(84.9999966323377,82.9998113681233,206.));
#3341=CARTESIAN_POINT('',(79.9999966323377,82.9998113681233,206.));
#3342=CARTESIAN_POINT('',(84.9999966323377,82.9998113681233,212.));
#3343=CARTESIAN_POINT('Origin',(79.9999966323377,76.9998113681233,206.));
#3344=CARTESIAN_POINT('',(84.9999966323377,76.9998113681233,206.));
#3345=CARTESIAN_POINT('',(84.9999966323377,76.9998113681233,206.));
#3346=CARTESIAN_POINT('',(79.9999966323377,76.9998113681233,206.));
#3347=CARTESIAN_POINT('Origin',(79.9999966323377,82.9998113681233,206.));
#3348=CARTESIAN_POINT('',(84.9999966323377,82.9998113681233,206.));
#3349=CARTESIAN_POINT('Origin',(79.9999966323377,70.9998113681233,218.));
#3350=CARTESIAN_POINT('',(84.9999966323377,70.9998112787164,212.000189138516));
#3351=CARTESIAN_POINT('',(79.9999966323377,70.9998112787164,212.000189138516));
#3352=CARTESIAN_POINT('',(84.9999966323377,70.9998113681233,200.));
#3353=CARTESIAN_POINT('Origin',(79.9999966323377,88.9998113681234,200.));
#3354=CARTESIAN_POINT('',(84.9999966323377,88.9998113681234,200.));
#3355=CARTESIAN_POINT('',(84.9999966323377,88.9998113681234,218.));
#3356=CARTESIAN_POINT('',(79.9999966323377,88.9998113681234,200.));
#3357=CARTESIAN_POINT('Origin',(79.9999966323377,70.9998113681233,200.));
#3358=CARTESIAN_POINT('',(84.9999966323377,70.9998113681233,200.));
#3359=CARTESIAN_POINT('',(84.9999966323377,88.9998113681234,200.));
#3360=CARTESIAN_POINT('',(79.9999966323377,70.9998113681233,200.));
#3361=CARTESIAN_POINT('Origin',(79.9999966323377,70.9998113681233,206.000189049109));
#3362=CARTESIAN_POINT('',(84.9999966323377,70.9998112787164,206.000189049109));
#3363=CARTESIAN_POINT('',(84.9999966323377,70.9998113681233,200.));
#3364=CARTESIAN_POINT('',(79.9999966323377,70.9998112787164,206.000189049109));
#3365=CARTESIAN_POINT('Origin',(79.9999966323377,64.9998147357858,206.000189049109));
#3366=CARTESIAN_POINT('',(84.9999966323377,64.9998147357858,206.000189049109));
#3367=CARTESIAN_POINT('',(84.9999966323377,64.9998147357858,206.000189049109));
#3368=CARTESIAN_POINT('',(79.9999966323377,64.9998147357858,206.000189049109));
#3369=CARTESIAN_POINT('Origin',(79.9999966323377,64.9998147357858,212.000189138516));
#3370=CARTESIAN_POINT('',(84.9999966323377,64.9998147357858,212.000189138516));
#3371=CARTESIAN_POINT('',(84.9999966323377,64.9998147357858,212.000189138516));
#3372=CARTESIAN_POINT('',(79.9999966323377,64.9998147357858,212.000189138516));
#3373=CARTESIAN_POINT('Origin',(79.9999966323377,70.9998112787164,212.000189138516));
#3374=CARTESIAN_POINT('',(84.9999966323377,70.9998112787164,212.000189138516));
#3375=CARTESIAN_POINT('Origin',(84.9999966323377,79.999813186065,209.));
#3376=CARTESIAN_POINT('Origin',(79.9999966323377,64.9998147357858,188.000113179126));
#3377=CARTESIAN_POINT('',(73.9999966323377,64.9998147357858,188.000113179126));
#3378=CARTESIAN_POINT('',(79.9999966323377,64.9998147357858,188.000113179126));
#3379=CARTESIAN_POINT('',(73.9999966323377,64.9998147357858,194.000056589563));
#3380=CARTESIAN_POINT('',(73.9999966323377,64.9998147357858,188.000113179126));
#3381=CARTESIAN_POINT('',(79.9999966323377,64.9998147357858,194.000056589563));
#3382=CARTESIAN_POINT('Origin',(79.9999966323377,64.9998147357858,188.000113179126));
#3383=CARTESIAN_POINT('',(85.9999966323377,64.9998147357858,194.000056589563));
#3384=CARTESIAN_POINT('',(79.9999966323377,64.9998147357858,194.000056589563));
#3385=CARTESIAN_POINT('',(85.9999966323377,64.9998147357858,188.000113179126));
#3386=CARTESIAN_POINT('',(85.9999966323377,64.9998147357858,188.000113179126));
#3387=CARTESIAN_POINT('',(79.9999966323377,64.9998147357858,188.000113179126));
#3388=CARTESIAN_POINT('Origin',(79.9999966323377,64.9998147357858,194.000056589563));
#3389=CARTESIAN_POINT('',(73.9999966323377,46.9998147357857,194.000056589563));
#3390=CARTESIAN_POINT('',(73.9999966323377,64.9998147357858,194.000056589563));
#3391=CARTESIAN_POINT('',(79.9999966323377,46.9998147357857,194.000056589563));
#3392=CARTESIAN_POINT('Origin',(79.9999966323377,64.9998147357858,194.000056589563));
#3393=CARTESIAN_POINT('',(85.9999966323377,46.9998147357857,194.000056589563));
#3394=CARTESIAN_POINT('',(79.9999966323377,46.9998147357857,194.000056589563));
#3395=CARTESIAN_POINT('',(85.9999966323377,64.9998147357858,194.000056589563));
#3396=CARTESIAN_POINT('Origin',(79.9999966323377,46.9998147357857,194.000056589563));
#3397=CARTESIAN_POINT('',(79.9999966323377,46.9998147357857,194.000056589563));
#3398=CARTESIAN_POINT('',(73.9999966323377,46.9998147357857,200.));
#3399=CARTESIAN_POINT('',(73.9999966323377,46.9998147357857,200.));
#3400=CARTESIAN_POINT('',(79.9999966323377,46.9998147357857,200.));
#3401=CARTESIAN_POINT('Origin',(79.9999966323377,46.9998147357857,194.000056589563));
#3402=CARTESIAN_POINT('',(85.9999966323377,46.9998147357857,200.));
#3403=CARTESIAN_POINT('',(79.9999966323377,46.9998147357857,200.));
#3404=CARTESIAN_POINT('',(85.9999966323377,46.9998147357857,200.));
#3405=CARTESIAN_POINT('',(79.9999966323377,46.9998147357857,194.000056589563));
#3406=CARTESIAN_POINT('Origin',(79.9999966323377,46.9998147357857,200.));
#3407=CARTESIAN_POINT('',(73.9999966323377,40.9998147357858,200.));
#3408=CARTESIAN_POINT('',(73.9999966323377,40.9998147357858,200.));
#3409=CARTESIAN_POINT('',(79.9999966323377,40.9998147357858,200.));
#3410=CARTESIAN_POINT('Origin',(79.9999966323377,46.9998147357857,200.));
#3411=CARTESIAN_POINT('',(85.9999966323377,40.9998147357858,200.));
#3412=CARTESIAN_POINT('',(79.9999966323377,40.9998147357858,200.));
#3413=CARTESIAN_POINT('',(85.9999966323377,40.9998147357858,200.));
#3414=CARTESIAN_POINT('Origin',(79.9999966323377,40.9998147357858,200.));
#3415=CARTESIAN_POINT('',(79.9999966323377,40.9998147357858,200.));
#3416=CARTESIAN_POINT('',(73.9999966323377,40.9998147357858,218.));
#3417=CARTESIAN_POINT('',(73.9999966323377,40.9998147357858,218.));
#3418=CARTESIAN_POINT('',(79.9999966323377,40.9998147357858,218.));
#3419=CARTESIAN_POINT('Origin',(79.9999966323377,40.9998147357858,200.));
#3420=CARTESIAN_POINT('',(85.9999966323377,40.9998147357858,218.));
#3421=CARTESIAN_POINT('',(79.9999966323377,40.9998147357858,218.));
#3422=CARTESIAN_POINT('',(85.9999966323377,40.9998147357858,218.));
#3423=CARTESIAN_POINT('',(79.9999966323377,40.9998147357858,200.));
#3424=CARTESIAN_POINT('Origin',(79.9999966323377,40.9998147357858,218.));
#3425=CARTESIAN_POINT('',(79.9999966323377,40.9998147357858,218.));
#3426=CARTESIAN_POINT('',(73.9999966323377,46.9998147357857,218.));
#3427=CARTESIAN_POINT('',(73.9999966323377,46.9998147357857,218.));
#3428=CARTESIAN_POINT('',(79.9999966323377,46.9998147357857,218.));
#3429=CARTESIAN_POINT('Origin',(79.9999966323377,40.9998147357858,218.));
#3430=CARTESIAN_POINT('',(85.9999966323377,46.9998147357857,218.));
#3431=CARTESIAN_POINT('',(79.9999966323377,46.9998147357857,218.));
#3432=CARTESIAN_POINT('',(85.9999966323377,46.9998147357857,218.));
#3433=CARTESIAN_POINT('',(79.9999966323377,40.9998147357858,218.));
#3434=CARTESIAN_POINT('Origin',(79.9999966323377,46.9998147357857,218.));
#3435=CARTESIAN_POINT('',(73.9999966323377,46.9998147357857,224.));
#3436=CARTESIAN_POINT('',(73.9999966323377,46.9998147357857,224.));
#3437=CARTESIAN_POINT('',(79.9999966323377,46.9998147357857,224.));
#3438=CARTESIAN_POINT('Origin',(79.9999966323377,46.9998147357857,218.));
#3439=CARTESIAN_POINT('',(85.9999966323377,46.9998147357857,224.));
#3440=CARTESIAN_POINT('',(79.9999966323377,46.9998147357857,224.));
#3441=CARTESIAN_POINT('',(85.9999966323377,46.9998147357857,224.));
#3442=CARTESIAN_POINT('Origin',(79.9999966323377,46.9998147357857,224.));
#3443=CARTESIAN_POINT('',(79.9999966323377,46.9998147357857,224.));
#3444=CARTESIAN_POINT('',(73.9999966323377,64.9998147357858,224.));
#3445=CARTESIAN_POINT('',(73.9999966323377,64.9998147357858,224.));
#3446=CARTESIAN_POINT('',(79.9999966323377,64.9998147357858,224.));
#3447=CARTESIAN_POINT('Origin',(79.9999966323377,46.9998147357857,224.));
#3448=CARTESIAN_POINT('',(85.9999966323377,64.9998147357858,224.));
#3449=CARTESIAN_POINT('',(79.9999966323377,64.9998147357858,224.));
#3450=CARTESIAN_POINT('',(85.9999966323377,64.9998147357858,224.));
#3451=CARTESIAN_POINT('',(79.9999966323377,46.9998147357857,224.));
#3452=CARTESIAN_POINT('Origin',(79.9999966323377,64.9998147357858,224.));
#3453=CARTESIAN_POINT('',(73.9999966323377,64.9998147357858,230.));
#3454=CARTESIAN_POINT('',(73.9999966323377,64.9998147357858,230.));
#3455=CARTESIAN_POINT('',(79.9999966323377,64.9998147357858,230.));
#3456=CARTESIAN_POINT('Origin',(79.9999966323377,64.9998147357858,224.));
#3457=CARTESIAN_POINT('',(85.9999966323377,64.9998147357858,230.));
#3458=CARTESIAN_POINT('',(79.9999966323377,64.9998147357858,230.));
#3459=CARTESIAN_POINT('',(85.9999966323377,64.9998147357858,230.));
#3460=CARTESIAN_POINT('Origin',(73.9999966323377,43.9998147357858,221.));
#3461=CARTESIAN_POINT('',(73.9999966323377,40.9998147357858,224.));
#3462=CARTESIAN_POINT('',(73.9999966323377,40.9998147357858,224.));
#3463=CARTESIAN_POINT('',(73.9999966323377,40.9998147357858,218.));
#3464=CARTESIAN_POINT('Origin',(79.9999966323377,40.9998147357858,224.));
#3465=CARTESIAN_POINT('',(85.9999966323377,40.9998147357858,224.));
#3466=CARTESIAN_POINT('',(85.9999966323377,40.9998147357858,218.));
#3467=CARTESIAN_POINT('',(79.9999966323377,40.9998147357858,224.));
#3468=CARTESIAN_POINT('',(79.9999966323377,40.9998147357858,218.));
#3469=CARTESIAN_POINT('Origin',(79.9999966323377,46.9998147357857,224.));
#3470=CARTESIAN_POINT('',(85.9999966323377,40.9998147357858,224.));
#3471=CARTESIAN_POINT('',(79.9999966323377,46.9998147357857,224.));
#3472=CARTESIAN_POINT('Origin',(85.9999966323377,43.9998147357858,221.));
#3473=CARTESIAN_POINT('Origin',(73.9999966323377,37.9998147357858,209.));
#3474=CARTESIAN_POINT('',(73.9999966323377,34.9998147357858,218.));
#3475=CARTESIAN_POINT('',(73.9999966323377,34.9998147357858,218.));
#3476=CARTESIAN_POINT('',(73.9999966323377,34.9998147357858,200.));
#3477=CARTESIAN_POINT('',(73.9999966323377,40.9998147357858,200.));
#3478=CARTESIAN_POINT('',(73.9999966323377,34.9998147357858,200.));
#3479=CARTESIAN_POINT('Origin',(79.9999966323377,34.9998147357858,200.));
#3480=CARTESIAN_POINT('',(79.9999966323377,40.9998147357858,200.));
#3481=CARTESIAN_POINT('',(85.9999966323377,34.9998147357858,200.));
#3482=CARTESIAN_POINT('',(85.9999966323377,40.9998147357858,200.));
#3483=CARTESIAN_POINT('',(79.9999966323377,34.9998147357858,200.));
#3484=CARTESIAN_POINT('Origin',(79.9999966323377,34.9998147357858,218.));
#3485=CARTESIAN_POINT('',(85.9999966323377,34.9998147357858,218.));
#3486=CARTESIAN_POINT('',(85.9999966323377,34.9998147357858,200.));
#3487=CARTESIAN_POINT('',(79.9999966323377,34.9998147357858,218.));
#3488=CARTESIAN_POINT('Origin',(79.9999966323377,40.9998147357858,218.));
#3489=CARTESIAN_POINT('',(85.9999966323377,34.9998147357858,218.));
#3490=CARTESIAN_POINT('Origin',(85.9999966323377,37.9998147357858,209.));
#3491=CARTESIAN_POINT('Origin',(73.9999966323377,43.9998147357858,197.000028294782));
#3492=CARTESIAN_POINT('',(73.9999966323377,40.9998147357858,194.000056589563));
#3493=CARTESIAN_POINT('',(73.9999966323377,46.9998147357857,194.000056589563));
#3494=CARTESIAN_POINT('',(73.9999966323377,40.9998147357858,194.000056589563));
#3495=CARTESIAN_POINT('Origin',(79.9999966323377,40.9998147357858,194.000056589563));
#3496=CARTESIAN_POINT('',(85.9999966323377,40.9998147357858,194.000056589563));
#3497=CARTESIAN_POINT('',(85.9999966323377,46.9998147357857,194.000056589563));
#3498=CARTESIAN_POINT('',(79.9999966323377,40.9998147357858,194.000056589563));
#3499=CARTESIAN_POINT('',(79.9999966323377,46.9998147357857,194.000056589563));
#3500=CARTESIAN_POINT('Origin',(79.9999966323377,40.9998147357858,200.));
#3501=CARTESIAN_POINT('',(85.9999966323377,40.9998147357858,194.000056589563));
#3502=CARTESIAN_POINT('Origin',(85.9999966323377,43.9998147357858,197.000028294782));
#3503=CARTESIAN_POINT('Origin',(73.9999966323377,55.9998147357858,191.000084884345));
#3504=CARTESIAN_POINT('',(73.9999966323377,46.9998147357857,188.000113179126));
#3505=CARTESIAN_POINT('',(73.9999966323377,46.9998147357857,194.000056589563));
#3506=CARTESIAN_POINT('',(73.9999966323377,46.9998147357857,188.000113179126));
#3507=CARTESIAN_POINT('Origin',(79.9999966323377,46.9998147357857,188.000113179126));
#3508=CARTESIAN_POINT('',(79.9999966323377,64.9998147357858,188.000113179126));
#3509=CARTESIAN_POINT('',(85.9999966323377,46.9998147357857,188.000113179126));
#3510=CARTESIAN_POINT('',(85.9999966323377,46.9998147357857,188.000113179126));
#3511=CARTESIAN_POINT('',(79.9999966323377,46.9998147357857,188.000113179126));
#3512=CARTESIAN_POINT('Origin',(79.9999966323377,46.9998147357857,194.000056589563));
#3513=CARTESIAN_POINT('',(85.9999966323377,46.9998147357857,194.000056589563));
#3514=CARTESIAN_POINT('Origin',(85.9999966323377,55.9998147357858,191.000084884345));
#3515=CARTESIAN_POINT('Origin',(73.9999966323377,55.9998147357858,227.));
#3516=CARTESIAN_POINT('',(73.9999966323377,46.9998147357857,230.));
#3517=CARTESIAN_POINT('',(73.9999966323377,46.9998147357857,224.));
#3518=CARTESIAN_POINT('',(73.9999966323377,46.9998147357857,230.));
#3519=CARTESIAN_POINT('Origin',(79.9999966323377,46.9998147357857,230.));
#3520=CARTESIAN_POINT('',(85.9999966323377,46.9998147357857,230.));
#3521=CARTESIAN_POINT('',(85.9999966323377,46.9998147357857,224.));
#3522=CARTESIAN_POINT('',(79.9999966323377,46.9998147357857,230.));
#3523=CARTESIAN_POINT('Origin',(79.9999966323377,64.9998147357858,230.));
#3524=CARTESIAN_POINT('',(85.9999966323377,46.9998147357857,230.));
#3525=CARTESIAN_POINT('',(79.9999966323377,64.9998147357858,230.));
#3526=CARTESIAN_POINT('Origin',(85.9999966323377,55.9998147357858,227.));
#3527=CARTESIAN_POINT('Origin',(79.9999966323377,64.9998147357858,230.000113179126));
#3528=CARTESIAN_POINT('',(73.9999966323377,64.9998147357858,230.000113179126));
#3529=CARTESIAN_POINT('',(79.9999966323377,64.9998147357858,230.000113179126));
#3530=CARTESIAN_POINT('',(73.9999966323377,94.9998147357858,230.000113179126));
#3531=CARTESIAN_POINT('',(73.9999966323377,94.9998147357858,230.000113179126));
#3532=CARTESIAN_POINT('',(79.9999966323377,94.9998147357858,230.000113179126));
#3533=CARTESIAN_POINT('Origin',(79.9999966323377,64.9998147357858,230.000113179126));
#3534=CARTESIAN_POINT('',(85.9999966323377,94.9998147357858,230.000113179126));
#3535=CARTESIAN_POINT('',(79.9999966323377,94.9998147357858,230.000113179126));
#3536=CARTESIAN_POINT('',(85.9999966323377,64.9998147357858,230.000113179126));
#3537=CARTESIAN_POINT('',(85.9999966323377,94.9998147357858,230.000113179126));
#3538=CARTESIAN_POINT('',(79.9999966323377,64.9998147357858,230.000113179126));
#3539=CARTESIAN_POINT('Origin',(79.9999966323377,94.9998147357858,230.000113179126));
#3540=CARTESIAN_POINT('',(79.9999966323377,94.9998147357858,230.000113179126));
#3541=CARTESIAN_POINT('',(73.9999966323377,94.9998147357858,224.000056589563));
#3542=CARTESIAN_POINT('',(73.9999966323377,94.9998147357858,224.000056589563));
#3543=CARTESIAN_POINT('',(79.9999966323377,94.9998147357858,224.000056589563));
#3544=CARTESIAN_POINT('Origin',(79.9999966323377,94.9998147357858,230.000113179126));
#3545=CARTESIAN_POINT('',(85.9999966323377,94.9998147357858,224.000056589563));
#3546=CARTESIAN_POINT('',(79.9999966323377,94.9998147357858,224.000056589563));
#3547=CARTESIAN_POINT('',(85.9999966323377,94.9998147357858,224.000056589563));
#3548=CARTESIAN_POINT('',(79.9999966323377,94.9998147357858,230.000113179126));
#3549=CARTESIAN_POINT('Origin',(79.9999966323377,94.9998147357858,224.000056589563));
#3550=CARTESIAN_POINT('',(73.9999966323377,112.999814735786,224.000056589563));
#3551=CARTESIAN_POINT('',(73.9999966323377,112.999814735786,224.000056589563));
#3552=CARTESIAN_POINT('',(79.9999966323377,112.999814735786,224.000056589563));
#3553=CARTESIAN_POINT('Origin',(79.9999966323377,94.9998147357858,224.000056589563));
#3554=CARTESIAN_POINT('',(85.9999966323377,112.999814735786,224.000056589563));
#3555=CARTESIAN_POINT('',(79.9999966323377,112.999814735786,224.000056589563));
#3556=CARTESIAN_POINT('',(85.9999966323377,112.999814735786,224.000056589563));
#3557=CARTESIAN_POINT('Origin',(79.9999966323377,112.999814735786,224.000056589563));
#3558=CARTESIAN_POINT('',(79.9999966323377,112.999814735786,224.000056589563));
#3559=CARTESIAN_POINT('',(73.9999966323377,112.999814735786,218.));
#3560=CARTESIAN_POINT('',(73.9999966323377,112.999814735786,224.000056589563));
#3561=CARTESIAN_POINT('',(79.9999966323377,112.999814735786,218.));
#3562=CARTESIAN_POINT('Origin',(79.9999966323377,112.999814735786,224.000056589563));
#3563=CARTESIAN_POINT('',(85.9999966323377,112.999814735786,218.));
#3564=CARTESIAN_POINT('',(79.9999966323377,112.999814735786,218.));
#3565=CARTESIAN_POINT('',(85.9999966323377,112.999814735786,224.000056589563));
#3566=CARTESIAN_POINT('',(79.9999966323377,112.999814735786,224.000056589563));
#3567=CARTESIAN_POINT('Origin',(79.9999966323377,112.999814735786,218.));
#3568=CARTESIAN_POINT('',(73.9999966323377,118.999814735786,218.));
#3569=CARTESIAN_POINT('',(73.9999966323377,112.999814735786,218.));
#3570=CARTESIAN_POINT('',(79.9999966323377,118.999814735786,218.));
#3571=CARTESIAN_POINT('Origin',(79.9999966323377,112.999814735786,218.));
#3572=CARTESIAN_POINT('',(85.9999966323377,118.999814735786,218.));
#3573=CARTESIAN_POINT('',(79.9999966323377,118.999814735786,218.));
#3574=CARTESIAN_POINT('',(85.9999966323377,112.999814735786,218.));
#3575=CARTESIAN_POINT('Origin',(79.9999966323377,118.999814735786,218.));
#3576=CARTESIAN_POINT('',(79.9999966323377,118.999814735786,218.));
#3577=CARTESIAN_POINT('',(73.9999966323377,118.999814735786,200.));
#3578=CARTESIAN_POINT('',(73.9999966323377,118.999814735786,200.));
#3579=CARTESIAN_POINT('',(79.9999966323377,118.999814735786,200.));
#3580=CARTESIAN_POINT('Origin',(79.9999966323377,118.999814735786,218.));
#3581=CARTESIAN_POINT('',(85.9999966323377,118.999814735786,200.));
#3582=CARTESIAN_POINT('',(79.9999966323377,118.999814735786,200.));
#3583=CARTESIAN_POINT('',(85.9999966323377,118.999814735786,200.));
#3584=CARTESIAN_POINT('',(79.9999966323377,118.999814735786,218.));
#3585=CARTESIAN_POINT('Origin',(79.9999966323377,118.999814735786,200.));
#3586=CARTESIAN_POINT('',(79.9999966323377,118.999814735786,200.));
#3587=CARTESIAN_POINT('',(73.9999966323377,112.999814735786,200.));
#3588=CARTESIAN_POINT('',(73.9999966323377,118.999814735786,200.));
#3589=CARTESIAN_POINT('',(79.9999966323377,112.999814735786,200.));
#3590=CARTESIAN_POINT('Origin',(79.9999966323377,118.999814735786,200.));
#3591=CARTESIAN_POINT('',(85.9999966323377,112.999814735786,200.));
#3592=CARTESIAN_POINT('',(79.9999966323377,112.999814735786,200.));
#3593=CARTESIAN_POINT('',(85.9999966323377,118.999814735786,200.));
#3594=CARTESIAN_POINT('',(79.9999966323377,118.999814735786,200.));
#3595=CARTESIAN_POINT('Origin',(79.9999966323377,112.999814735786,200.));
#3596=CARTESIAN_POINT('',(73.9999966323377,112.999814735786,194.));
#3597=CARTESIAN_POINT('',(73.9999966323377,112.999814735786,200.));
#3598=CARTESIAN_POINT('',(79.9999966323377,112.999814735786,194.));
#3599=CARTESIAN_POINT('Origin',(79.9999966323377,112.999814735786,200.));
#3600=CARTESIAN_POINT('',(85.9999966323377,112.999814735786,194.));
#3601=CARTESIAN_POINT('',(79.9999966323377,112.999814735786,194.));
#3602=CARTESIAN_POINT('',(85.9999966323377,112.999814735786,200.));
#3603=CARTESIAN_POINT('Origin',(79.9999966323377,112.999814735786,194.));
#3604=CARTESIAN_POINT('',(79.9999966323377,112.999814735786,194.));
#3605=CARTESIAN_POINT('',(73.9999966323377,94.9998147357858,194.));
#3606=CARTESIAN_POINT('',(73.9999966323377,112.999814735786,194.));
#3607=CARTESIAN_POINT('',(79.9999966323377,94.9998147357858,194.));
#3608=CARTESIAN_POINT('Origin',(79.9999966323377,112.999814735786,194.));
#3609=CARTESIAN_POINT('',(85.9999966323377,94.9998147357858,194.));
#3610=CARTESIAN_POINT('',(79.9999966323377,94.9998147357858,194.));
#3611=CARTESIAN_POINT('',(85.9999966323377,112.999814735786,194.));
#3612=CARTESIAN_POINT('',(79.9999966323377,112.999814735786,194.));
#3613=CARTESIAN_POINT('Origin',(79.9999966323377,94.9998147357858,188.));
#3614=CARTESIAN_POINT('',(73.9999966323377,94.9998147357858,188.));
#3615=CARTESIAN_POINT('',(79.9999966323377,94.9998147357858,188.));
#3616=CARTESIAN_POINT('',(73.9999966323377,64.9998147357858,188.));
#3617=CARTESIAN_POINT('',(73.9999966323377,94.9998147357858,188.));
#3618=CARTESIAN_POINT('',(79.9999966323377,64.9998147357858,188.));
#3619=CARTESIAN_POINT('Origin',(79.9999966323377,94.9998147357858,194.));
#3620=CARTESIAN_POINT('',(73.9999966323377,94.9998147357858,194.));
#3621=CARTESIAN_POINT('',(79.9999966323377,94.9998147357858,188.));
#3622=CARTESIAN_POINT('Origin',(73.9999966323377,79.9998147357858,233.000056589563));
#3623=CARTESIAN_POINT('',(73.9999966323377,64.9998147357858,236.));
#3624=CARTESIAN_POINT('',(73.9999966323377,94.9998147357858,236.));
#3625=CARTESIAN_POINT('',(73.9999966323377,64.9998147357858,236.));
#3626=CARTESIAN_POINT('',(73.9999966323377,94.9998147357858,236.));
#3627=CARTESIAN_POINT('',(73.9999966323377,64.9998147357858,230.000113179126));
#3628=CARTESIAN_POINT('Origin',(79.9999966323377,94.9998147357858,230.000113179126));
#3629=CARTESIAN_POINT('',(85.9999966323377,94.9998147357858,236.));
#3630=CARTESIAN_POINT('',(79.9999966323377,94.9998147357858,236.));
#3631=CARTESIAN_POINT('',(85.9999966323377,94.9998147357858,236.));
#3632=CARTESIAN_POINT('',(79.9999966323377,94.9998147357858,230.000113179126));
#3633=CARTESIAN_POINT('Origin',(79.9999966323377,64.9998147357858,236.));
#3634=CARTESIAN_POINT('',(85.9999966323377,64.9998147357858,236.));
#3635=CARTESIAN_POINT('',(85.9999966323377,64.9998147357858,230.000113179126));
#3636=CARTESIAN_POINT('',(79.9999966323377,64.9998147357858,236.));
#3637=CARTESIAN_POINT('Origin',(79.9999966323377,94.9998147357858,236.));
#3638=CARTESIAN_POINT('',(85.9999966323377,64.9998147357858,236.));
#3639=CARTESIAN_POINT('Origin',(85.9999966323377,79.9998147357858,233.000056589563));
#3640=CARTESIAN_POINT('Origin',(73.9999966323377,103.999814735786,227.000084884345));
#3641=CARTESIAN_POINT('',(73.9999966323377,112.999814735786,230.000113179126));
#3642=CARTESIAN_POINT('',(73.9999966323377,94.9998147357858,230.000113179126));
#3643=CARTESIAN_POINT('',(73.9999966323377,112.999814735786,230.000113179126));
#3644=CARTESIAN_POINT('Origin',(79.9999966323377,112.999814735786,224.000056589563));
#3645=CARTESIAN_POINT('',(85.9999966323377,112.999814735786,230.000113179126));
#3646=CARTESIAN_POINT('',(79.9999966323377,112.999814735786,230.000113179126));
#3647=CARTESIAN_POINT('',(85.9999966323377,112.999814735786,230.000113179126));
#3648=CARTESIAN_POINT('',(79.9999966323377,112.999814735786,224.000056589563));
#3649=CARTESIAN_POINT('Origin',(79.9999966323377,112.999814735786,230.000113179126));
#3650=CARTESIAN_POINT('',(85.9999966323377,94.9998147357858,230.000113179126));
#3651=CARTESIAN_POINT('Origin',(85.9999966323377,103.999814735786,227.000084884345));
#3652=CARTESIAN_POINT('Origin',(73.9999966323377,115.999814735786,221.000028294782));
#3653=CARTESIAN_POINT('',(73.9999966323377,118.999814735786,224.000056589563));
#3654=CARTESIAN_POINT('',(73.9999966323377,118.999814735786,224.000056589563));
#3655=CARTESIAN_POINT('',(73.9999966323377,118.999814735786,218.));
#3656=CARTESIAN_POINT('Origin',(79.9999966323377,118.999814735786,224.000056589563));
#3657=CARTESIAN_POINT('',(85.9999966323377,118.999814735786,224.000056589563));
#3658=CARTESIAN_POINT('',(85.9999966323377,118.999814735786,224.000056589563));
#3659=CARTESIAN_POINT('',(79.9999966323377,118.999814735786,224.000056589563));
#3660=CARTESIAN_POINT('Origin',(79.9999966323377,118.999814735786,218.));
#3661=CARTESIAN_POINT('',(85.9999966323377,118.999814735786,218.));
#3662=CARTESIAN_POINT('',(79.9999966323377,118.999814735786,218.));
#3663=CARTESIAN_POINT('Origin',(85.9999966323377,115.999814735786,221.000028294782));
#3664=CARTESIAN_POINT('Origin',(73.9999966323377,121.999814735786,209.));
#3665=CARTESIAN_POINT('',(73.9999966323377,124.999814735786,218.));
#3666=CARTESIAN_POINT('',(73.9999966323377,118.999814735786,218.));
#3667=CARTESIAN_POINT('',(73.9999966323377,124.999814735786,200.));
#3668=CARTESIAN_POINT('',(73.9999966323377,124.999814735786,218.));
#3669=CARTESIAN_POINT('',(73.9999966323377,124.999814735786,200.));
#3670=CARTESIAN_POINT('Origin',(79.9999966323377,124.999814735786,200.));
#3671=CARTESIAN_POINT('',(85.9999966323377,124.999814735786,218.));
#3672=CARTESIAN_POINT('',(79.9999966323377,124.999814735786,218.));
#3673=CARTESIAN_POINT('',(85.9999966323377,124.999814735786,200.));
#3674=CARTESIAN_POINT('',(85.9999966323377,124.999814735786,218.));
#3675=CARTESIAN_POINT('',(79.9999966323377,124.999814735786,200.));
#3676=CARTESIAN_POINT('Origin',(79.9999966323377,118.999814735786,200.));
#3677=CARTESIAN_POINT('',(85.9999966323377,124.999814735786,200.));
#3678=CARTESIAN_POINT('',(79.9999966323377,118.999814735786,200.));
#3679=CARTESIAN_POINT('Origin',(79.9999966323377,124.999814735786,218.));
#3680=CARTESIAN_POINT('',(85.9999966323377,118.999814735786,218.));
#3681=CARTESIAN_POINT('Origin',(85.9999966323377,121.999814735786,209.));
#3682=CARTESIAN_POINT('Origin',(73.9999966323377,115.999814735786,197.));
#3683=CARTESIAN_POINT('',(73.9999966323377,118.999814735786,194.));
#3684=CARTESIAN_POINT('',(73.9999966323377,118.999814735786,194.));
#3685=CARTESIAN_POINT('',(73.9999966323377,112.999814735786,194.));
#3686=CARTESIAN_POINT('Origin',(79.9999966323377,118.999814735786,194.));
#3687=CARTESIAN_POINT('',(85.9999966323377,118.999814735786,194.));
#3688=CARTESIAN_POINT('',(85.9999966323377,118.999814735786,194.));
#3689=CARTESIAN_POINT('',(79.9999966323377,118.999814735786,194.));
#3690=CARTESIAN_POINT('Origin',(79.9999966323377,112.999814735786,194.));
#3691=CARTESIAN_POINT('',(85.9999966323377,112.999814735786,194.));
#3692=CARTESIAN_POINT('',(79.9999966323377,112.999814735786,194.));
#3693=CARTESIAN_POINT('Origin',(85.9999966323377,115.999814735786,197.));
#3694=CARTESIAN_POINT('Origin',(73.9999966323377,103.999814735786,191.));
#3695=CARTESIAN_POINT('',(73.9999966323377,112.999814735786,188.));
#3696=CARTESIAN_POINT('',(73.9999966323377,112.999814735786,188.));
#3697=CARTESIAN_POINT('',(73.9999966323377,94.9998147357858,188.));
#3698=CARTESIAN_POINT('Origin',(79.9999966323377,94.9998147357858,188.));
#3699=CARTESIAN_POINT('',(85.9999966323377,112.999814735786,188.));
#3700=CARTESIAN_POINT('',(79.9999966323377,112.999814735786,188.));
#3701=CARTESIAN_POINT('',(85.9999966323377,94.9998147357858,188.));
#3702=CARTESIAN_POINT('',(85.9999966323377,94.9998147357858,188.));
#3703=CARTESIAN_POINT('',(79.9999966323377,94.9998147357858,188.));
#3704=CARTESIAN_POINT('',(79.9999966323377,94.9998147357858,188.));
#3705=CARTESIAN_POINT('Origin',(79.9999966323377,94.9998147357858,194.));
#3706=CARTESIAN_POINT('',(85.9999966323377,94.9998147357858,194.));
#3707=CARTESIAN_POINT('Origin',(79.9999966323377,112.999814735786,188.));
#3708=CARTESIAN_POINT('',(85.9999966323377,112.999814735786,188.));
#3709=CARTESIAN_POINT('Origin',(85.9999966323377,103.999814735786,191.));
#3710=CARTESIAN_POINT('Origin',(73.9999966323377,79.9998147357858,185.));
#3711=CARTESIAN_POINT('',(73.9999966323377,94.9998147357858,182.));
#3712=CARTESIAN_POINT('',(73.9999966323377,94.9998147357858,182.));
#3713=CARTESIAN_POINT('',(73.9999966323377,64.9998147357858,182.));
#3714=CARTESIAN_POINT('',(73.9999966323377,64.9998147357858,182.));
#3715=CARTESIAN_POINT('',(73.9999966323377,64.9998147357858,188.));
#3716=CARTESIAN_POINT('Origin',(79.9999966323377,64.9998147357858,182.));
#3717=CARTESIAN_POINT('',(85.9999966323377,94.9998147357858,182.));
#3718=CARTESIAN_POINT('',(79.9999966323377,94.9998147357858,182.));
#3719=CARTESIAN_POINT('',(85.9999966323377,64.9998147357858,182.));
#3720=CARTESIAN_POINT('',(85.9999966323377,64.9998147357858,182.));
#3721=CARTESIAN_POINT('',(79.9999966323377,64.9998147357858,182.));
#3722=CARTESIAN_POINT('Origin',(79.9999966323377,64.9998147357858,188.));
#3723=CARTESIAN_POINT('',(85.9999966323377,64.9998147357858,188.));
#3724=CARTESIAN_POINT('',(85.9999966323377,64.9998147357858,188.));
#3725=CARTESIAN_POINT('',(79.9999966323377,64.9998147357858,188.));
#3726=CARTESIAN_POINT('Origin',(79.9999966323377,94.9998147357858,188.));
#3727=CARTESIAN_POINT('',(85.9999966323377,94.9998147357858,188.));
#3728=CARTESIAN_POINT('',(79.9999966323377,94.9998147357858,188.));
#3729=CARTESIAN_POINT('Origin',(79.9999966323377,94.9998147357858,182.));
#3730=CARTESIAN_POINT('',(85.9999966323377,94.9998147357858,182.));
#3731=CARTESIAN_POINT('Origin',(85.9999966323377,79.9998147357858,185.));
#3732=UNCERTAINTY_MEASURE_WITH_UNIT(LENGTH_MEASURE(0.01),#3736,
'DISTANCE_ACCURACY_VALUE',
'Maximum model space distance between geometric entities at asserted c
onnectivities');
#3733=UNCERTAINTY_MEASURE_WITH_UNIT(LENGTH_MEASURE(0.01),#3736,
'DISTANCE_ACCURACY_VALUE',
'Maximum model space distance between geometric entities at asserted c
onnectivities');
#3734=(
GEOMETRIC_REPRESENTATION_CONTEXT(3)
GLOBAL_UNCERTAINTY_ASSIGNED_CONTEXT((#3732))
GLOBAL_UNIT_ASSIGNED_CONTEXT((#3736,#3737,#3738))
REPRESENTATION_CONTEXT('','3D')
);
#3735=(
GEOMETRIC_REPRESENTATION_CONTEXT(3)
GLOBAL_UNCERTAINTY_ASSIGNED_CONTEXT((#3733))
GLOBAL_UNIT_ASSIGNED_CONTEXT((#3736,#3737,#3738))
REPRESENTATION_CONTEXT('','3D')
);
#3736=(
LENGTH_UNIT()
NAMED_UNIT(*)
SI_UNIT(.MILLI.,.METRE.)
);
#3737=(
NAMED_UNIT(*)
PLANE_ANGLE_UNIT()
SI_UNIT($,.RADIAN.)
);
#3738=(
NAMED_UNIT(*)
SI_UNIT($,.STERADIAN.)
SOLID_ANGLE_UNIT()
);
#3739=SHAPE_DEFINITION_REPRESENTATION(#3740,#3741);
#3740=PRODUCT_DEFINITION_SHAPE('',$,#3743);
#3741=SHAPE_REPRESENTATION('',(#2368),#3734);
#3742=PRODUCT_DEFINITION_CONTEXT('part definition',#3747,'design');
#3743=PRODUCT_DEFINITION('Jukebox','Jukebox v19',#3744,#3742);
#3744=PRODUCT_DEFINITION_FORMATION('',$,#3749);
#3745=PRODUCT_RELATED_PRODUCT_CATEGORY('Jukebox v19','Jukebox v19',(#3749));
#3746=APPLICATION_PROTOCOL_DEFINITION('international standard',
'automotive_design',2009,#3747);
#3747=APPLICATION_CONTEXT(
'Core Data for Automotive Mechanical Design Process');
#3748=PRODUCT_CONTEXT('part definition',#3747,'mechanical');
#3749=PRODUCT('Jukebox','Jukebox v19',$,(#3748));
#3750=PRESENTATION_STYLE_ASSIGNMENT((#3769));
#3751=PRESENTATION_STYLE_ASSIGNMENT((#3770));
#3752=PRESENTATION_STYLE_ASSIGNMENT((#3771));
#3753=PRESENTATION_STYLE_ASSIGNMENT((#3772));
#3754=PRESENTATION_STYLE_ASSIGNMENT((#3773));
#3755=PRESENTATION_STYLE_ASSIGNMENT((#3774));
#3756=PRESENTATION_STYLE_ASSIGNMENT((#3775));
#3757=PRESENTATION_STYLE_ASSIGNMENT((#3776));
#3758=PRESENTATION_STYLE_ASSIGNMENT((#3777));
#3759=PRESENTATION_STYLE_ASSIGNMENT((#3778));
#3760=PRESENTATION_STYLE_ASSIGNMENT((#3779));
#3761=PRESENTATION_STYLE_ASSIGNMENT((#3780));
#3762=PRESENTATION_STYLE_ASSIGNMENT((#3781));
#3763=PRESENTATION_STYLE_ASSIGNMENT((#3782));
#3764=PRESENTATION_STYLE_ASSIGNMENT((#3783));
#3765=PRESENTATION_STYLE_ASSIGNMENT((#3784));
#3766=PRESENTATION_STYLE_ASSIGNMENT((#3785));
#3767=PRESENTATION_STYLE_ASSIGNMENT((#3786));
#3768=PRESENTATION_STYLE_ASSIGNMENT((#3787));
#3769=SURFACE_STYLE_USAGE(.BOTH.,#3788);
#3770=SURFACE_STYLE_USAGE(.BOTH.,#3789);
#3771=SURFACE_STYLE_USAGE(.BOTH.,#3790);
#3772=SURFACE_STYLE_USAGE(.BOTH.,#3791);
#3773=SURFACE_STYLE_USAGE(.BOTH.,#3792);
#3774=SURFACE_STYLE_USAGE(.BOTH.,#3793);
#3775=SURFACE_STYLE_USAGE(.BOTH.,#3794);
#3776=SURFACE_STYLE_USAGE(.BOTH.,#3795);
#3777=SURFACE_STYLE_USAGE(.BOTH.,#3796);
#3778=SURFACE_STYLE_USAGE(.BOTH.,#3797);
#3779=SURFACE_STYLE_USAGE(.BOTH.,#3798);
#3780=SURFACE_STYLE_USAGE(.BOTH.,#3799);
#3781=SURFACE_STYLE_USAGE(.BOTH.,#3800);
#3782=SURFACE_STYLE_USAGE(.BOTH.,#3801);
#3783=SURFACE_STYLE_USAGE(.BOTH.,#3802);
#3784=SURFACE_STYLE_USAGE(.BOTH.,#3803);
#3785=SURFACE_STYLE_USAGE(.BOTH.,#3804);
#3786=SURFACE_STYLE_USAGE(.BOTH.,#3805);
#3787=SURFACE_STYLE_USAGE(.BOTH.,#3806);
#3788=SURFACE_SIDE_STYLE('',(#3807));
#3789=SURFACE_SIDE_STYLE('',(#3808));
#3790=SURFACE_SIDE_STYLE('',(#3809));
#3791=SURFACE_SIDE_STYLE('',(#3810));
#3792=SURFACE_SIDE_STYLE('',(#3811));
#3793=SURFACE_SIDE_STYLE('',(#3812));
#3794=SURFACE_SIDE_STYLE('',(#3813));
#3795=SURFACE_SIDE_STYLE('',(#3814));
#3796=SURFACE_SIDE_STYLE('',(#3815));
#3797=SURFACE_SIDE_STYLE('',(#3816));
#3798=SURFACE_SIDE_STYLE('',(#3817));
#3799=SURFACE_SIDE_STYLE('',(#3818));
#3800=SURFACE_SIDE_STYLE('',(#3819));
#3801=SURFACE_SIDE_STYLE('',(#3820));
#3802=SURFACE_SIDE_STYLE('',(#3821));
#3803=SURFACE_SIDE_STYLE('',(#3822));
#3804=SURFACE_SIDE_STYLE('',(#3823));
#3805=SURFACE_SIDE_STYLE('',(#3824));
#3806=SURFACE_SIDE_STYLE('',(#3825));
#3807=SURFACE_STYLE_FILL_AREA(#3826);
#3808=SURFACE_STYLE_FILL_AREA(#3827);
#3809=SURFACE_STYLE_FILL_AREA(#3828);
#3810=SURFACE_STYLE_FILL_AREA(#3829);
#3811=SURFACE_STYLE_FILL_AREA(#3830);
#3812=SURFACE_STYLE_FILL_AREA(#3831);
#3813=SURFACE_STYLE_FILL_AREA(#3832);
#3814=SURFACE_STYLE_FILL_AREA(#3833);
#3815=SURFACE_STYLE_FILL_AREA(#3834);
#3816=SURFACE_STYLE_FILL_AREA(#3835);
#3817=SURFACE_STYLE_FILL_AREA(#3836);
#3818=SURFACE_STYLE_FILL_AREA(#3837);
#3819=SURFACE_STYLE_FILL_AREA(#3838);
#3820=SURFACE_STYLE_FILL_AREA(#3839);
#3821=SURFACE_STYLE_FILL_AREA(#3840);
#3822=SURFACE_STYLE_FILL_AREA(#3841);
#3823=SURFACE_STYLE_FILL_AREA(#3842);
#3824=SURFACE_STYLE_FILL_AREA(#3843);
#3825=SURFACE_STYLE_FILL_AREA(#3844);
#3826=FILL_AREA_STYLE('Opaque(203,203,203)',(#3845));
#3827=FILL_AREA_STYLE('Opaque(25,25,25)',(#3846));
#3828=FILL_AREA_STYLE('Opaque(63,63,63)',(#3847));
#3829=FILL_AREA_STYLE('Opaque(237,237,237)',(#3848));
#3830=FILL_AREA_STYLE('Opaque(160,160,160)',(#3849));
#3831=FILL_AREA_STYLE('Opaque(89,149,218)',(#3850));
#3832=FILL_AREA_STYLE('Opaque(246,246,243)',(#3851));
#3833=FILL_AREA_STYLE('Opaque(237,206,195)',(#3852));
#3834=FILL_AREA_STYLE('Opaque(229,202,158)',(#3853));
#3835=FILL_AREA_STYLE('Opaque(245,245,246)',(#3854));
#3836=FILL_AREA_STYLE('Opaque(0,192,0)',(#3855));
#3837=FILL_AREA_STYLE('Opaque(64,64,64)',(#3856));
#3838=FILL_AREA_STYLE('Opaque(229,229,229)',(#3857));
#3839=FILL_AREA_STYLE('Opaque(137,89,86)',(#3858));
#3840=FILL_AREA_STYLE('Opaque(165,158,150)',(#3859));
#3841=FILL_AREA_STYLE('Opaque(192,192,192)',(#3860));
#3842=FILL_AREA_STYLE('Opaque(219,219,219)',(#3861));
#3843=FILL_AREA_STYLE('Opaque(202,209,238)',(#3862));
#3844=FILL_AREA_STYLE('Steel - Satin',(#3863));
#3845=FILL_AREA_STYLE_COLOUR('Opaque(203,203,203)',#3864);
#3846=FILL_AREA_STYLE_COLOUR('Opaque(25,25,25)',#3865);
#3847=FILL_AREA_STYLE_COLOUR('Opaque(63,63,63)',#3866);
#3848=FILL_AREA_STYLE_COLOUR('Opaque(237,237,237)',#3867);
#3849=FILL_AREA_STYLE_COLOUR('Opaque(160,160,160)',#3868);
#3850=FILL_AREA_STYLE_COLOUR('Opaque(89,149,218)',#3869);
#3851=FILL_AREA_STYLE_COLOUR('Opaque(246,246,243)',#3870);
#3852=FILL_AREA_STYLE_COLOUR('Opaque(237,206,195)',#3871);
#3853=FILL_AREA_STYLE_COLOUR('Opaque(229,202,158)',#3872);
#3854=FILL_AREA_STYLE_COLOUR('Opaque(245,245,246)',#3873);
#3855=FILL_AREA_STYLE_COLOUR('Opaque(0,192,0)',#3874);
#3856=FILL_AREA_STYLE_COLOUR('Opaque(64,64,64)',#3875);
#3857=FILL_AREA_STYLE_COLOUR('Opaque(229,229,229)',#3876);
#3858=FILL_AREA_STYLE_COLOUR('Opaque(137,89,86)',#3877);
#3859=FILL_AREA_STYLE_COLOUR('Opaque(165,158,150)',#3878);
#3860=FILL_AREA_STYLE_COLOUR('Opaque(192,192,192)',#3879);
#3861=FILL_AREA_STYLE_COLOUR('Opaque(219,219,219)',#3880);
#3862=FILL_AREA_STYLE_COLOUR('Opaque(202,209,238)',#3881);
#3863=FILL_AREA_STYLE_COLOUR('Steel - Satin',#3882);
#3864=COLOUR_RGB('Opaque(203,203,203)',0.796078431372549,0.796078431372549,
0.796078431372549);
#3865=COLOUR_RGB('Opaque(25,25,25)',0.0980392156862745,0.0980392156862745,
0.0980392156862745);
#3866=COLOUR_RGB('Opaque(63,63,63)',0.250980392156863,0.250980392156863,
0.250980392156863);
#3867=COLOUR_RGB('Opaque(237,237,237)',0.929411764705882,0.929411764705882,
0.929411764705882);
#3868=COLOUR_RGB('Opaque(160,160,160)',0.627450980392157,0.627450980392157,
0.627450980392157);
#3869=COLOUR_RGB('Opaque(89,149,218)',0.349019607843137,0.584313725490196,
0.854901960784314);
#3870=COLOUR_RGB('Opaque(246,246,243)',0.964705882352941,0.964705882352941,
0.952941176470588);
#3871=COLOUR_RGB('Opaque(237,206,195)',0.929411764705882,0.807843137254902,
0.764705882352941);
#3872=COLOUR_RGB('Opaque(229,202,158)',0.898039215686275,0.792156862745098,
0.619607843137255);
#3873=COLOUR_RGB('Opaque(245,245,246)',0.96078431372549,0.96078431372549,
0.964705882352941);
#3874=COLOUR_RGB('Opaque(0,192,0)',0.,0.752941176470588,0.);
#3875=COLOUR_RGB('Opaque(64,64,64)',0.250980392156863,0.250980392156863,
0.250980392156863);
#3876=COLOUR_RGB('Opaque(229,229,229)',0.898039215686275,0.898039215686275,
0.898039215686275);
#3877=COLOUR_RGB('Opaque(137,89,86)',0.537254901960784,0.349019607843137,
0.337254901960784);
#3878=COLOUR_RGB('Opaque(165,158,150)',0.647058823529412,0.619607843137255,
0.588235294117647);
#3879=COLOUR_RGB('Opaque(192,192,192)',0.752941176470588,0.752941176470588,
0.752941176470588);
#3880=COLOUR_RGB('Opaque(219,219,219)',0.858823529411765,0.858823529411765,
0.858823529411765);
#3881=COLOUR_RGB('Opaque(202,209,238)',0.792156862745098,0.819607843137255,
0.933333333333333);
#3882=COLOUR_RGB('Steel - Satin',0.627450980392157,0.627450980392157,0.627450980392157);
ENDSEC;
END-ISO-10303-21;
